id,ELEMENT_ID,VALID_FROM,VALID_TO,MEASURE,Bisobjektnr,Bisobjekttypnr,Dignitet,Easting,Inkopplingsdatum,Kmtal,Kmtalti,Moh,Northing,Platsnamn,Platsstatus,Platstyp,Platstyp_beskr,Plc_kod,Signatur
1,"04460f14-fe45-4d22-bca9-f0da8a3d3bd2",20251128,99991231,0.469396208568604,1,2,Stor,567566,<20190405,160+685,160+685,81,6666459,Avesta Krylbo,Öppen,dp,Driftplats,214,Avky
2,7a5b8e95-f60c-456e-9103-1bd1516e3814,20251128,99991231,0.573085543027634,1,2,Stor,567566,<20190405,160+685,160+685,81,6666459,Avesta Krylbo,Öppen,dp,Driftplats,214,Avky
3,ed62f675-b90b-4689-822e-f4da3374894c,20251128,99991231,0.498671562316405,1,2,Stor,567566,<20190405,160+685,160+685,81,6666459,Avesta Krylbo,Öppen,dp,Driftplats,214,Avky
4,8d831b2d-43c9-454b-8f7a-c50bade79aeb,20251128,99991231,0.489305740651495,1,2,Stor,567566,<20190405,160+685,160+685,81,6666459,Avesta Krylbo,Öppen,dp,Driftplats,214,Avky
5,e078850d-ab37-4a4e-9ee2-983ae3ceb9fe,20251128,99991231,0.444596812503276,1,2,Stor,567566,<20190405,160+685,160+685,81,6666459,Avesta Krylbo,Öppen,dp,Driftplats,214,Avky
6,3693376a-dcaa-4dd6-b51a-7d0e802f4627,20251128,99991231,0.46213827981206,1,2,Stor,567566,<20190405,160+685,160+685,81,6666459,Avesta Krylbo,Öppen,dp,Driftplats,214,Avky
7,1969278e-5935-4fd5-b5ff-698516050ae0,20251128,99991231,0.497198058125227,1,2,Stor,567566,<20190405,160+685,160+685,81,6666459,Avesta Krylbo,Öppen,dp,Driftplats,214,Avky
8,"038f1217-efd5-4d5d-ad8a-42321e116a12",20251128,99991231,0.476173687032424,1,2,Stor,567566,<20190405,160+685,160+685,81,6666459,Avesta Krylbo,Öppen,dp,Driftplats,214,Avky
9,c087a759-46a7-414a-8468-b5fe18567925,20251128,99991231,0.70022526750941,3,2,,504438,<20190405,90+183,90+183,184,6718099,Gagnef,Öppen,dp,Driftplats,1040,Gnf
10,dc18c17a-1bbb-4f16-b37b-143fa42df722,20251128,99991231,0.665322869274168,4,2,,532769,<20190405,50+199,50+199,156,6696260,Gustafs,Öppen,dp,Driftplats,10167,Gtf
11,d395904f-90de-4c4a-bd61-5bbdb4a4f60d,20251128,99991231,0.726898410442554,4,2,,532769,<20190405,50+199,50+199,156,6696260,Gustafs,Öppen,dp,Driftplats,10167,Gtf
12,340e4ab9-279f-49de-8e97-b0ee1b07866e,20251128,99991231,0.608064593207417,5,2,,554221,<20190405,22+937,22+937,108,6682341,Hedemora,Öppen,dp,Driftplats,1439,Hdm
13,fb0a064f-4844-4be3-a585-a5d44d7487d7,20251128,99991231,0.506193657479639,7,2,,497713,<20190405,52+500,52+500,179,6706629,Mockfjärd,Öppen,dp,Driftplats,2704,Mfj
14,eea2f842-40fa-46d5-ba46-717512b89021,20251128,99991231,0.434413949543366,7,2,,497713,<20190405,52+500,52+500,179,6706629,Mockfjärd,Öppen,dp,Driftplats,2704,Mfj
15,7b749ce4-4905-43b4-94b4-284fb18fb623,20251128,99991231,0.443209293456495,8,2,,529375,<20190405,16+796,16+796,120,6708014,Ornäs,Öppen,dp,Driftplats,10404,Orn
16,d8bc1eee-987c-4a9c-a949-d7f44dd20cd7,20251128,99991231,0.861121598062673,10,2,,527346,<20190405,57+250,57+250,144,6700715,Stora Tuna,Öppen,dp,Driftplats,10498,Sau
17,a2629c93-c97d-421b-8fad-c2356c5042dc,20251128,99991231,0.695971476448823,10,2,,527346,<20190405,57+250,57+250,144,6700715,Stora Tuna,Öppen,dp,Driftplats,10498,Sau
18,ea012ac9-92e7-448a-887e-b3c847a120c6,20251128,99991231,0.565360841627637,12,2,,558581,<20190405,11+572,11+572,91,6673165,Snickarbo,Öppen,dp,Driftplats,10478,Snb
19,28759f88-35f7-4126-a846-3f6fc431a02c,20251128,99991231,0.655011102171447,15,2,,547671,<20190405,30+206,30+206,114,6684755,Vikmanshyttan,Öppen,dp,Driftplats,10579,Vhy
20,"0b510e05-281c-4949-a0f8-e8d2c68e2c24",20251128,99991231,0.806853732300664,15,2,,547671,<20190405,30+206,30+206,114,6684755,Vikmanshyttan,Öppen,dp,Driftplats,10579,Vhy
21,beab83a7-4aec-4e31-baa5-1eade6ec4a7e,20251128,99991231,0.272733434268858,16,2,,323570,<20190405,13+578,13+578,11,6389743,Kållered,Öppen,dp,Driftplats,2214,Krd
22,7df68bf7-9269-47bc-865d-ca880079c10e,20251128,99991231,0.194020548285248,16,2,,323570,<20190405,13+578,13+578,11,6389743,Kållered,Öppen,dp,Driftplats,2214,Krd
23,47555d8a-140f-4399-9ad0-ec5d56c24e03,20251128,99991231,0.718158097059439,17,2,,322040,<20190405,8+114,8+114,4,6395151,Mölndals nedre,Öppen,dp,Driftplats,2820,Mdn
24,f1496d33-127f-44f6-bca8-6f0200c35e87,20251128,99991231,0.755797947552855,17,2,,322040,<20190405,8+114,8+114,4,6395151,Mölndals nedre,Öppen,dp,Driftplats,2820,Mdn
25,4df43f95-d4c6-4212-ba21-7f54087ea72a,20251128,99991231,0.898122916449087,17,2,,322040,<20190405,8+114,8+114,4,6395151,Mölndals nedre,Öppen,dp,Driftplats,2820,Mdn
26,7d39efac-f4b6-4308-94e9-452287a4d39b,20251128,99991231,0.297432500631959,18,2,,328092,<20190405,14+249,14+249,55,6394180,Mölnlycke,Öppen,dp,Driftplats,2823,Myk
27,ca0e5bb2-dc30-4859-a1b3-821cfcb38158,20251128,99991231,0.297432500631959,18,2,,328092,<20190405,14+249,14+249,55,6394180,Mölnlycke,Öppen,dp,Driftplats,2823,Myk
28,d18c34d5-5f6a-432b-a946-4f33376bda70,20251128,99991231,0.931702822032046,20,2,Stor,319716,<20190405,457+298,457+298,3,6400328,Göteborgs Central,Öppen,dpd,Driftplatsdel,1318,G
29,19c0c635-ded9-4f58-b2c3-bee0dcf57ef8,20251128,99991231,0.950304333405895,20,2,Stor,319716,<20190405,457+298,457+298,3,6400328,Göteborgs Central,Öppen,dpd,Driftplatsdel,1318,G
30,96edfe02-0e02-49bd-b26a-3b65ac72fac4,20251128,99991231,0.958749370385843,20,2,Stor,319716,<20190405,457+298,457+298,3,6400328,Göteborgs Central,Öppen,dpd,Driftplatsdel,1318,G
31,24f6b827-1fc8-434f-ae34-b4e1fcf37e90,20251128,99991231,0.83841875463467,20,2,Stor,319716,<20190405,457+298,457+298,3,6400328,Göteborgs Central,Öppen,dpd,Driftplatsdel,1318,G
32,fe77199f-679e-4e20-b139-d78c475f86a3,20251128,99991231,0.947847485893917,20,2,Stor,319716,<20190405,457+298,457+298,3,6400328,Göteborgs Central,Öppen,dpd,Driftplatsdel,1318,G
33,61ac37d4-53af-4d46-bd80-ce5175bb7c3f,20251128,99991231,0.825919080608152,20,2,Stor,319716,<20190405,457+298,457+298,3,6400328,Göteborgs Central,Öppen,dpd,Driftplatsdel,1318,G
34,d7da816f-4730-4c86-b105-cb80f2752c4e,20251128,99991231,0.825420993811958,20,2,Stor,319716,<20190405,457+298,457+298,3,6400328,Göteborgs Central,Öppen,dpd,Driftplatsdel,1318,G
35,d12ddf66-6fe0-40ad-9f9f-5ab2ae1cf775,20251128,99991231,0.755562277171473,20,2,Stor,319716,<20190405,457+298,457+298,3,6400328,Göteborgs Central,Öppen,dpd,Driftplatsdel,1318,G
36,"0f9cd6a3-0d71-43a7-9a2f-1482f189db02",20251128,99991231,0.756842826552367,20,2,Stor,319716,<20190405,457+298,457+298,3,6400328,Göteborgs Central,Öppen,dpd,Driftplatsdel,1318,G
37,a8e7b608-c09a-45e8-abab-d8d847c0aed9,20251128,99991231,0.976663423558035,20,2,Stor,319716,<20190405,457+298,457+298,3,6400328,Göteborgs Central,Öppen,dpd,Driftplatsdel,1318,G
38,f167029c-8492-4110-99d8-507bb7007691,20251128,99991231,0.688862198244428,20,2,Stor,319716,<20190405,457+298,457+298,3,6400328,Göteborgs Central,Öppen,dpd,Driftplatsdel,1318,G
39,761b2d11-6ebc-4208-b2da-c594d64d8548,20251128,99991231,0.708670829094391,20,2,Stor,319716,<20190405,457+298,457+298,3,6400328,Göteborgs Central,Öppen,dpd,Driftplatsdel,1318,G
40,4ded2ba2-02b6-4747-9fb0-5a1568aa41a2,20251128,99991231,0.705688331695765,20,2,Stor,319716,<20190405,457+298,457+298,3,6400328,Göteborgs Central,Öppen,dpd,Driftplatsdel,1318,G
41,347ac35f-8518-4766-abfc-639c1f0802d6,20251128,99991231,0.745486822716244,20,2,Stor,319716,<20190405,457+298,457+298,3,6400328,Göteborgs Central,Öppen,dpd,Driftplatsdel,1318,G
42,998f5c2b-97a5-41c2-9e9a-fefe494cdeeb,20251128,99991231,0.721941067996402,20,2,Stor,319716,<20190405,457+298,457+298,3,6400328,Göteborgs Central,Öppen,dpd,Driftplatsdel,1318,G
43,59f5025e-0de6-4538-b6d0-5100f4bec4e8,20251128,99991231,0.721952903655369,20,2,Stor,319716,<20190405,457+298,457+298,3,6400328,Göteborgs Central,Öppen,dpd,Driftplatsdel,1318,G
44,e9fd2fd0-6092-427e-b805-faefbeb5e1ed,20251128,99991231,0.418654939982236,21,2,,321168,<20190405,2+51,2+51,12,6400299,Gubbero,Öppen,dpd,Driftplatsdel,10160,Gro
45,62cb5adb-678b-4de6-8396-38f9a790d84a,20251128,99991231,0.997766600324523,21,2,,321168,<20190405,2+51,2+51,12,6400299,Gubbero,Öppen,dpd,Driftplatsdel,10160,Gro
46,cd7ddd72-b3c2-462b-b650-c6983bc0cac4,20251128,99991231,0.189412474392045,22,2,,321245,<20190405,455+465,455+465,2,6401322,Olskroken,Öppen,dpd,Driftplatsdel,10402,Or
47,33ccfffb-205a-4e47-9d52-3f150032b60d,20251128,99991231,0.490438250906901,22,2,,321245,<20190405,455+465,455+465,2,6401322,Olskroken,Öppen,dpd,Driftplatsdel,10402,Or
48,c7b1d0d6-301a-4b25-a92b-76eb539020e2,20251128,99991231,0.273575909366834,22,2,,321245,<20190405,455+465,455+465,2,6401322,Olskroken,Öppen,dpd,Driftplatsdel,10402,Or
49,301778be-8d00-4bdd-9a5a-eab6e5ba28f2,20251128,99991231,0.986529997772964,22,2,,321245,<20190405,455+465,455+465,2,6401322,Olskroken,Öppen,dpd,Driftplatsdel,10402,Or
50,"018e2fce-43b1-4548-8c05-736898c12114",20251128,99991231,0.536796186135277,22,2,,321245,<20190405,455+465,455+465,2,6401322,Olskroken,Öppen,dpd,Driftplatsdel,10402,Or
51,5bd690f9-17b0-4d26-8df0-980b2b8e2e4a,20251128,99991231,0.344127363469092,23,2,,322457,<20190405,454+0,454+0,11,6401971,Göteborg Sävenäs,Öppen,dpd,Driftplatsdel,10142,Gsv
52,76c0f53a-b8f3-4fa2-9558-36428d6bcb4a,20251128,99991231,0.683208372907047,23,2,,322457,<20190405,454+0,454+0,11,6401971,Göteborg Sävenäs,Öppen,dpd,Driftplatsdel,10142,Gsv
53,1f77e6ff-eb61-4eae-8728-59ef427bba40,20251128,99991231,0.992329412288152,23,2,,322457,<20190405,454+0,454+0,11,6401971,Göteborg Sävenäs,Öppen,dpd,Driftplatsdel,10142,Gsv
54,2d5c69af-dfb9-4a5c-ba2a-f8b5a0b80bdc,20251128,99991231,0.945787263114034,23,2,,322457,<20190405,454+0,454+0,11,6401971,Göteborg Sävenäs,Öppen,dpd,Driftplatsdel,10142,Gsv
55,bb9c1e11-8d86-4216-9840-7d85296e5c78,20251128,99991231,0.82925143687853,24,2,,324125,<20190405,452+171,452+171,12,6402500,Sävenäs rangerbangård,Öppen,dpd,Driftplatsdel,3953,Sär
56,142c9dca-f228-46fe-8f74-3d9ed835476e,20251128,99991231,0.170964893367649,24,2,,324125,<20190405,452+171,452+171,12,6402500,Sävenäs rangerbangård,Öppen,dpd,Driftplatsdel,3953,Sär
57,9404f75b-6012-461b-b69a-2586fd33804a,20251128,99991231,0.057409249995022,24,2,,324125,<20190405,452+171,452+171,12,6402500,Sävenäs rangerbangård,Öppen,dpd,Driftplatsdel,3953,Sär
58,"0a5b3136-f991-4460-adb6-472e21f4e5d0",20251128,99991231,0.765354003971568,24,2,,324125,<20190405,452+171,452+171,12,6402500,Sävenäs rangerbangård,Öppen,dpd,Driftplatsdel,3953,Sär
59,27cd4802-c3b6-47cb-8a17-fb950ec2dc8d,20251128,99991231,0.456513203821447,24,2,,324125,<20190405,452+171,452+171,12,6402500,Sävenäs rangerbangård,Öppen,dpd,Driftplatsdel,3953,Sär
60,495dae94-098d-4bee-99e2-7968390db3f7,20251128,99991231,0.460690274288491,24,2,,324125,<20190405,452+171,452+171,12,6402500,Sävenäs rangerbangård,Öppen,dpd,Driftplatsdel,3953,Sär
61,"0802df83-9331-4e52-a88a-b62099c499b1",20251128,99991231,0.49998255267609,25,2,,325349,<20190405,450+965,450+965,10,6402755,Sävedalen,Öppen,dpd,Driftplatsdel,10523,Sel
62,4a4b4b75-ee44-4f6e-9ece-1312b4816edd,20251128,99991231,0.467925048262124,25,2,,325349,<20190405,450+965,450+965,10,6402755,Sävedalen,Öppen,dpd,Driftplatsdel,10523,Sel
63,c1749688-78a8-44b1-9658-15ebc1f0764f,20251128,99991231,0.689763439285746,26,2,,327535,<20190405,448+644,448+644,8,6403532,Partille,Öppen,dpd,Driftplatsdel,3105,P
64,fc6a6500-6bbf-4ce3-8125-e017e22beed1,20251128,99991231,0.671380412613147,26,2,,327535,<20190405,448+644,448+644,8,6403532,Partille,Öppen,dpd,Driftplatsdel,3105,P
65,a4207c86-76c2-4495-89ae-1e1c2476c124,20251128,99991231,0.478178054398721,34,2,,317132,<20190405,21+465,21+465,17,6417547,Ytterby,Öppen,dp,Driftplats,4666,Yb
66,a9a9c785-f52c-4dc9-bb79-c914ed7eb2de,20251128,99991231,0.50015645295799,35,2,,321907,<20190405,473+45,473+45,2,6404534,Göteborg Marieholm,Öppen,dpd,Driftplatsdel,1330,Gbm
67,c338cd35-9202-4713-ad1a-5723292f0995,20251128,99991231,0.465386061133556,35,2,,321907,<20190405,473+45,473+45,2,6404534,Göteborg Marieholm,Öppen,dpd,Driftplatsdel,1330,Gbm
68,f63d8336-ce09-40db-be7d-ce72b92dbebb,20251128,99991231,0.530611528748377,35,2,,321907,<20190405,473+45,473+45,2,6404534,Göteborg Marieholm,Öppen,dpd,Driftplatsdel,1330,Gbm
69,59a7dce4-7e06-43e0-9b0e-25b99d123745,20251128,99991231,0.500346905183848,36,2,,322050,<20190405,469+290,469+290,5,6408268,Agnesberg,Öppen,dp,Driftplats,112,Agb
70,880ee1d9-157d-46d3-aa0d-b95aa196997e,20251128,99991231,0.279475283630753,39,2,,322869,<20190405,8+513,8+513,48,6394565,Mölndals övre,Öppen,dp,Driftplats,2821,Mdö
71,1006210a-e9d3-4435-8420-0dc7f80092a7,20251128,99991231,0.279923052323478,39,2,,322869,<20190405,8+513,8+513,48,6394565,Mölndals övre,Öppen,dp,Driftplats,2821,Mdö
72,2d64c275-3568-45b0-9755-24051e44ca61,20251128,99991231,0.860841418124605,40,2,,375852,<20190405,625+101,625+386,29,6159121,Fosieby,Öppen,dpd,Driftplatsdel,944,Fsb
73,65c09062-9b3c-44da-8576-50993eed3a71,20251128,99991231,0.112861102959203,40,2,,375852,<20190405,625+101,625+386,29,6159121,Fosieby,Öppen,dpd,Driftplatsdel,944,Fsb
74,bcbbb428-715f-448e-a47e-da9f4ed22fb6,20251128,99991231,0.368904754177023,42,2,,376124,<20190405,619+821,620+0,8,6164075,Östervärn,Öppen,dpd,Driftplatsdel,10632,Övn
75,f07e5072-2893-4d7d-9f49-e58a7af96ba4,20251128,99991231,0.631628564997857,42,2,,376124,<20190405,619+821,620+0,8,6164075,Östervärn,Öppen,dpd,Driftplatsdel,10632,Övn
76,f446acc1-c70f-4563-adc9-6878b61060a8,20251128,99991231,0.684798725600991,42,2,,376124,<20190405,619+821,620+0,8,6164075,Östervärn,Öppen,dpd,Driftplatsdel,10632,Övn
77,53b9558c-04dd-4a0e-982d-d0059e785da7,20251128,99991231,0.679210350353513,43,2,Stor,374034,<20190405,617+662,617+841,3,6164458,Malmö central,Öppen,dpd,Driftplatsdel,2611,Mc
78,c578b91b-dde3-4c87-949d-2bdbca7f9601,20251128,99991231,0.65165449893861,43,2,Stor,374034,<20190405,617+662,617+841,3,6164458,Malmö central,Öppen,dpd,Driftplatsdel,2611,Mc
79,b59ec48b-7590-4156-8669-c6b6405f237d,20251128,99991231,0.611721439569524,43,2,Stor,374034,<20190405,617+662,617+841,3,6164458,Malmö central,Öppen,dpd,Driftplatsdel,2611,Mc
80,3cab0e99-761c-44e7-ab62-b48ecbd512fc,20251128,99991231,0.561320148835006,43,2,Stor,374034,<20190405,617+662,617+841,3,6164458,Malmö central,Öppen,dpd,Driftplatsdel,2611,Mc
81,8d269182-6a06-4410-9397-3caa1f8b7736,20251128,99991231,0.511592555252968,43,2,Stor,374034,<20190405,617+662,617+841,3,6164458,Malmö central,Öppen,dpd,Driftplatsdel,2611,Mc
82,1e59727e-b116-45b2-92fa-c94f41e6393c,20251128,99991231,0.513034973528407,43,2,Stor,374034,<20190405,617+662,617+841,3,6164458,Malmö central,Öppen,dpd,Driftplatsdel,2611,Mc
83,d4ab00f4-8cb7-4c34-9d8a-3479f7c37ce5,20251128,99991231,0.632881036549543,45,2,Stor,386054,<20190405,601+174,601+174,41,6174988,Lund c,Öppen,dp,Driftplats,2485,Lu
84,fd56c332-0897-4378-8d70-ae9ab96fb0f1,20251128,99991231,0.578534754855773,45,2,Stor,386054,<20190405,601+174,601+174,41,6174988,Lund c,Öppen,dp,Driftplats,2485,Lu
85,f0496df7-14f5-4685-b266-a98e5405e6db,20251128,99991231,0.572369022088318,45,2,Stor,386054,<20190405,601+174,601+174,41,6174988,Lund c,Öppen,dp,Driftplats,2485,Lu
86,76f2b2f3-2de7-4938-875d-e8d20e48963f,20251128,99991231,0.252098340210052,47,2,,377273,<20190405,614+95,618+232,3,6165733,Malmö godsbangård,Öppen,dpd,Driftplatsdel,2615,Mgb
87,3bfc99d9-5e6e-4116-9972-db8753971005,20251128,99991231,0.507348117144005,47,2,,377273,<20190405,614+95,618+232,3,6165733,Malmö godsbangård,Öppen,dpd,Driftplatsdel,2615,Mgb
88,7105a4d8-e6c5-49fc-9fea-a4dc33432cf9,20251128,99991231,0.31258625792733,47,2,,377273,<20190405,614+95,618+232,3,6165733,Malmö godsbangård,Öppen,dpd,Driftplatsdel,2615,Mgb
89,6a1fbd00-d41c-4671-bd75-61f3bac94315,20251128,99991231,0.25671454370162,47,2,,377273,<20190405,614+95,618+232,3,6165733,Malmö godsbangård,Öppen,dpd,Driftplatsdel,2615,Mgb
90,77ea0cf6-f41d-4d0a-8481-6400fb657f27,20251128,99991231,0.314635216073004,47,2,,377273,<20190405,614+95,618+232,3,6165733,Malmö godsbangård,Öppen,dpd,Driftplatsdel,2615,Mgb
91,653baa45-a357-4373-9eaa-007844bddbac,20251128,99991231,0.864455506610932,47,2,,377273,<20190405,614+95,618+232,3,6165733,Malmö godsbangård,Öppen,dpd,Driftplatsdel,2615,Mgb
92,82c79059-6dd4-4fa7-a557-190f3367960e,20251128,99991231,0.501716628603046,47,2,,377273,<20190405,614+95,618+232,3,6165733,Malmö godsbangård,Öppen,dpd,Driftplatsdel,2615,Mgb
93,7957bb98-21bd-49b3-a383-c6d91a2ae3ea,20251128,99991231,0.4933100166315,47,2,,377273,<20190405,614+95,618+232,3,6165733,Malmö godsbangård,Öppen,dpd,Driftplatsdel,2615,Mgb
94,22c89f15-5097-4cf5-9ce9-919dff1df4aa,20251128,99991231,0.220746840453593,47,2,,377273,<20190405,614+95,618+232,3,6165733,Malmö godsbangård,Öppen,dpd,Driftplatsdel,2615,Mgb
95,d2e59400-a1be-453b-8df4-c7c4274aac00,20251128,99991231,0.310803933017885,47,2,,377273,<20190405,614+95,618+232,3,6165733,Malmö godsbangård,Öppen,dpd,Driftplatsdel,2615,Mgb
96,14a7dc99-dbde-435b-b33e-672087f72481,20251128,99991231,0.311571082042469,47,2,,377273,<20190405,614+95,618+232,3,6165733,Malmö godsbangård,Öppen,dpd,Driftplatsdel,2615,Mgb
97,85fe3175-8c1b-462d-afe1-0c8f9eff4a46,20251128,99991231,0.494908504320224,50,2,,651119,<20190405,12+295,12+295,34,6649635,Storvreta,Öppen,dp,Driftplats,3801,Srv
98,ae03b8d3-7f29-49e9-a9f8-130c0a0def55,20251128,99991231,0.583193003113185,50,2,,651119,<20190405,12+295,12+295,34,6649635,Storvreta,Öppen,dp,Driftplats,3801,Srv
99,e206941d-38cc-441f-aead-53512d3409e6,20251128,99991231,0.852907610424742,50,2,,651119,<20190405,12+295,12+295,34,6649635,Storvreta,Öppen,dp,Driftplats,3801,Srv
100,2478831e-1eed-4239-b655-338b13bc03d1,20251128,99991231,0.492065992768417,53,2,,652287,<20190405,32+500,32+500,33,6669539,Järlebo,Öppen,dp,Driftplats,10245,Jlo
101,b6efe2bd-ab13-4359-ae5c-4852d53d9c16,20251128,99991231,0.489577059627584,53,2,,652287,<20190405,32+500,32+500,33,6669539,Järlebo,Öppen,dp,Driftplats,10245,Jlo
102,59d2d2a9-7fe3-4c98-9578-92fc9dab03a9,20251128,99991231,0.390172918111028,53,2,,652287,<20190405,32+500,32+500,33,6669539,Järlebo,Öppen,dp,Driftplats,10245,Jlo
103,169f6239-19df-4549-8eb4-a61312687499,20251128,99991231,0.274504803460114,55,2,,649721,<20190405,43+607,43+607,28,6680018,Örbyhus,Öppen,dp,Driftplats,4876,Öh
104,ef4b3d54-ecb6-46e7-9d09-a789fc68cf1b,20251128,99991231,0.158180150751465,55,2,,649721,<20190405,43+607,43+607,28,6680018,Örbyhus,Öppen,dp,Driftplats,4876,Öh
105,2db4f8f5-f6aa-4f32-a5f6-e7f1227af4d9,20251128,99991231,0.09177042438834,55,2,,649721,<20190405,43+607,43+607,28,6680018,Örbyhus,Öppen,dp,Driftplats,4876,Öh
106,e0e75183-cabb-4cb3-83c8-ccf66e7c8550,20251128,99991231,0.0450207738431,55,2,,649721,<20190405,43+607,43+607,28,6680018,Örbyhus,Öppen,dp,Driftplats,4876,Öh
107,2c6127a9-705d-411d-8d95-eae2b190fbc3,20251128,99991231,0.602671112779935,56,2,,657882,<20190405,"0+626","0+626",28,6676656,Dannemora,Öppen,lp,linjeplats,656,Dma
108,cc86ddb7-136a-4c23-8b06-945a167ed318,20251128,99991231,0.233061975425682,57,2,,676617,<20190405,21+846,21+846,10,6675264,Gimo,Öppen,lp,linjeplats,10138,Gmo
109,bc80a951-0114-4751-9cf0-9ba3c4aae99d,20251128,99991231,0.02506394083121,57,2,,676617,<20190405,21+846,21+846,10,6675264,Gimo,Öppen,lp,linjeplats,10138,Gmo
110,df74010b-4182-40de-8620-3aa2f2026d22,20251128,99991231,0.038643098518428,58,2,,692654,<20190405,38+436,38+436,3,6675321,Hargshamn,Öppen,lp,linjeplats,1415,Hrm
111,1e0a1108-bf76-4af8-92cb-c3a9fe8e8ce8,20251128,99991231,0.501393187431707,59,2,,700193,<20190405,54+626,54+626,8,6662511,Hallstavik,Öppen,lp,linjeplats,1377,Hak
112,af3f6ea5-7502-4942-b619-0a1dcb00ea30,20251128,99991231,0.111479359931538,61,2,,638685,<20190405,61+534,61+535,34,6692565,Tierp,Öppen,dp,Driftplats,4096,Tip
113,51cbe0a8-29bf-46c4-8185-adf5291984e3,20251128,99991231,0.320028547375624,61,2,,638685,<20190405,61+534,61+535,34,6692565,Tierp,Öppen,dp,Driftplats,4096,Tip
114,32a0d4f1-3905-4bf0-acdf-06852d5ff34d,20251128,99991231,0.500108842835691,64,2,,633057,<20190405,79+893,79+893,37,6707327,Marma,Öppen,dp,Driftplats,2656,Mrm
115,9f64bb47-2a9c-498b-906b-6613e536168f,20251128,99991231,0.50021224316854,64,2,,633057,<20190405,79+893,79+893,37,6707327,Marma,Öppen,dp,Driftplats,2656,Mrm
116,1ca60a0c-38b3-4dd2-9360-05b836e59e27,20251128,99991231,0.126187614236612,67,2,,622562,<20190405,107+920,107+920,29,6725979,Bomansberget,Öppen,dp,Driftplats,10045,Bom
117,5dddb64b-7937-4c58-8dbe-e36a12728e41,20251128,99991231,0.470645567585489,67,2,,622562,<20190405,107+920,107+920,29,6725979,Bomansberget,Öppen,dp,Driftplats,10045,Bom
118,5500c3ed-6acb-4890-b45b-817ee176bb24,20251128,99991231,0.498477633600633,69,2,,618427,<20190405,121+427,121+427,25,6734715,Hilleby,Öppen,dp,Driftplats,10199,Hly
119,1715b7b6-b421-4856-a27b-1b607a2b4162,20251128,99991231,0.498862834349066,69,2,,618427,<20190405,121+427,121+427,25,6734715,Hilleby,Öppen,dp,Driftplats,10199,Hly
120,635bb502-3d59-4a75-b6f4-644ccbc4c67c,20251128,99991231,0.468771501032459,72,2,,603284,<20190405,16+248,16+248,65,6724145,Forsbacka,Öppen,dp,Driftplats,929,Fb
121,ed46cb8c-6a38-479b-9d01-fa9ec0b04da6,20251128,99991231,0.651568496749998,73,2,,597298,<20190405,23+215,23+215,70,6721135,Sandviken,Öppen,dp,Driftplats,3389,Snv
122,ef769340-bcbe-4867-b234-9ebab8e33826,20251128,99991231,0.4563324397164,73,2,,597298,<20190405,23+215,23+215,70,6721135,Sandviken,Öppen,dp,Driftplats,3389,Snv
123,6ad57a80-9c70-48cf-aa12-e3657df1c814,20251128,99991231,0.523708845091695,74,2,,588766,<20190405,32+83,32+83,70,6719591,Kungsgården,Öppen,dp,Driftplats,10295,Kgd
124,53d05b38-ad56-41e1-a909-5f2c64a2afe0,20251128,99991231,0.532994438831412,75,2,,584637,<20190405,226+137,226+137,98,6724636,Åshammar,Öppen,dp,Driftplats,10614,Åh
125,c8056db2-5dc7-4268-9265-7d526e611c72,20251128,99991231,0.807098225775496,77,2,Stor,584067,<20190405,218+355,218+355,73,6717197,Storvik,Öppen,dp,Driftplats,3800,Sv
126,ac9ec2fd-5ae0-4b56-9d50-fa7921c2af5c,20251128,99991231,0.580532538117407,77,2,Stor,584067,<20190405,218+355,218+355,73,6717197,Storvik,Öppen,dp,Driftplats,3800,Sv
127,dca83ae0-bded-4a62-a87b-b4eabb97c601,20251128,99991231,0.842316049343349,77,2,Stor,584067,<20190405,218+355,218+355,73,6717197,Storvik,Öppen,dp,Driftplats,3800,Sv
128,aa81340c-b442-45d4-89fa-198e56a65e02,20251128,99991231,0.145194401307859,77,2,Stor,584067,<20190405,218+355,218+355,73,6717197,Storvik,Öppen,dp,Driftplats,3800,Sv
129,"06f33c0f-eb7e-4e54-8120-2ed544dd4102",20251128,99991231,0.56198438248719,77,2,Stor,584067,<20190405,218+355,218+355,73,6717197,Storvik,Öppen,dp,Driftplats,3800,Sv
130,68610bd1-5398-4ca8-87e9-c86b6b11f767,20251128,99991231,0.383465551913855,77,2,Stor,584067,<20190405,218+355,218+355,73,6717197,Storvik,Öppen,dp,Driftplats,3800,Sv
131,e0aa95f8-ed37-43b9-a1b0-d18f94bb856e,20251128,99991231,0.724882138012918,78,2,,581824,<20190405,209+576,209+576,70,6709648,Torsåker,Öppen,dp,Driftplats,4171,Tså
132,4564d3c9-fe4f-4b23-86c4-5acb9b8d71ed,20251128,99991231,0.765518604389768,79,2,,580064,<20190405,201+830,201+830,89,6702306,Hästbo,Öppen,dp,Driftplats,10223,Hä
133,3b481fa1-dffe-4cd4-8e98-31c4bab41b57,20251128,99991231,0.042595146217307,81,2,,578165,<20190405,189+703,189+703,136,6690898,Byvalla,Öppen,dp,Driftplats,10067,By
134,6857f16e-11b7-49d8-bc27-24ab89111f51,20251128,99991231,0.645173510153173,82,2,,578123,<20190405,184+746,184+746,131,6686190,Horndal,Öppen,dp,Driftplats,1553,Hl
135,7dc19017-3270-48d8-89aa-0dcd4b7bbef6,20251128,99991231,0.526927895499587,82,2,,578123,<20190405,184+746,184+746,131,6686190,Horndal,Öppen,dp,Driftplats,1553,Hl
136,27a16335-3f9a-4a49-92f6-a2a84a1e5dd7,20251128,99991231,0.552328533136355,83,2,,576105,<20190405,178+918,178+918,99,6681368,Morshyttan,Öppen,dp,Driftplats,10367,Mrs
137,4e31f66f-d02a-4eed-8dd5-edb7ef6baa7f,20251128,99991231,0.774423763875226,84,2,,572694,<20190405,171+232,171+232,74,6675131,Fors,Öppen,dp,Driftplats,923,Fs
138,7b51ffff-76cc-40fd-8232-bcfffc5f1559,20251128,99991231,0.691882583673989,85,2,,569814,<20190405,164+898,164+898,76,6669709,Jularbo,Öppen,dp,Driftplats,1847,Ju
139,c5b825e4-593e-4a77-9c5f-db2342e0b8ed,20251128,99991231,0.624378636980955,85,2,,569814,<20190405,164+898,164+898,76,6669709,Jularbo,Öppen,dp,Driftplats,1847,Ju
140,7f2e64df-b889-4a52-afc3-bbad7af55f14,20251128,99991231,0.418618143676645,88,2,,559793,<20190405,177+66,177+66,94,6655999,Karbenning,Öppen,dp,Driftplats,1928,Kbn
141,5cf8c799-a2a9-497d-b9bd-73849017dd81,20251128,99991231,0.716175754521615,91,2,Stor,545497,<20190405,163+639,195+565,89,6650639,Fagersta central,Öppen,dp,Driftplats,835,Fgc
142,"001b2137-83e9-495f-8418-12bec57496a4",20251128,99991231,0.76348204581276,91,2,Stor,545497,<20190405,163+639,195+565,89,6650639,Fagersta central,Öppen,dp,Driftplats,835,Fgc
143,157c01c1-ea0c-4ce3-b942-afca789f9fcf,20251128,99991231,0.589634818599367,99,2,,538770,<20190405,217+727,217+727,114,6632973,Skinnskatteberg,Öppen,dp,Driftplats,3520,Skb
144,be4b995e-f60e-420a-8c4b-4a332de99a7c,20251128,99991231,0.496262746512229,100,2,,532583,<20190405,230+514,230+514,132,6622880,Krampen,Öppen,dp,Driftplats,10288,Krn
145,337a520c-0607-4b6d-b6af-f6b6acfea052,20251128,99991231,0.195809836691475,101,2,,529701,<20190405,240+400,240+400,92,6614251,Näverkärret,Öppen,dp,Driftplats,10400,Nkt
146,3761a377-5d67-4d75-81c3-3f3e17983237,20251128,99991231,0.596975238839573,102,2,,528668,<20190405,250+903,250+903,65,6604334,Spannarboda,Öppen,dp,Driftplats,10484,Sba
147,e13c8d4d-6590-4bd7-8211-3fedfb0b2805,20251128,99991231,0.595535683088984,102,2,,528668,<20190405,250+903,250+903,65,6604334,Spannarboda,Öppen,dp,Driftplats,10484,Sba
148,aa559389-a433-4d17-9172-95b84e628047,20251128,99991231,0.961566826236309,103,2,,527183,<20190405,257+818,257+818,43,6598027,Sällinge,Öppen,dp,Driftplats,3938,Slg
149,fe4c5aa7-6a74-40c2-9f02-de963abe0bd5,20251128,99991231,0.250325858175295,105,2,,512909,<20190405,419+210,419+210,68,6606277,Lindesberg,Öppen,dp,Driftplats,2403,Ld
150,bda73046-5e07-4b23-b3a9-1a5c8410e5b1,20251128,99991231,0.789063809147202,106,2,,507917,<20190405,434+258,434+258,75,6620113,Storå,Öppen,dp,Driftplats,10505,Sr
151,5467c1fa-8820-4c2c-8bce-ea3da5137e25,20251128,99991231,0.476111930983882,107,2,,505473,<20190405,444+49,444+49,115,6628805,Rällså,Öppen,dp,Driftplats,10441,Rlå
152,"010089b5-7712-4d2e-bf62-4136f051d7ab",20251128,99991231,0.51761089982041,108,2,,499266,<20190405,455+283,455+283,154,6637227,Kopparberg,Öppen,dp,Driftplats,2072,Kpg
153,2c78a653-5eec-4745-80b4-b7ae2b2a1ef8,20251128,99991231,0.22043811801705,108,2,,499266,<20190405,455+283,455+283,154,6637227,Kopparberg,Öppen,dp,Driftplats,2072,Kpg
154,4026fb50-4991-4ac0-9aac-78dae9be14e7,20251128,99991231,0.701756180287453,114,2,Stor,510133,<20190405,70+125,70+125,157,6668117,Ludvika,Öppen,dp,Driftplats,2472,La
155,44720d0c-83fa-4c08-a2c3-d5c5552187f1,20251128,99991231,0.751755184054018,114,2,Stor,510133,<20190405,70+125,70+125,157,6668117,Ludvika,Öppen,dp,Driftplats,2472,La
156,6a49e6f9-efae-4e30-b794-d13a41dfdb0d,20251128,99991231,0.869459189189189,114,2,Stor,510133,<20190405,70+125,70+125,157,6668117,Ludvika,Öppen,dp,Driftplats,2472,La
157,4541c5ed-9255-4bdc-86d7-e624d47fb3cb,20251128,99991231,0.734106283671517,114,2,Stor,510133,<20190405,70+125,70+125,157,6668117,Ludvika,Öppen,dp,Driftplats,2472,La
158,217cd943-845b-4c99-beed-c90393c5c335,20251128,99991231,0.368642179433624,114,2,Stor,510133,<20190405,70+125,70+125,157,6668117,Ludvika,Öppen,dp,Driftplats,2472,La
159,7135b84d-a89f-46de-ba3c-c8f09c5617ef,20251128,99991231,0.037742971810689,123,2,,535140,<20190405,"0+2",91+634,113,6718768,Falun central,Öppen,dp,Driftplats,850,Fln
160,"08f7cc0d-30b1-483d-b2e4-49bb1c5991bc",20251128,99991231,0.185297479585878,123,2,,535140,<20190405,"0+2",91+634,113,6718768,Falun central,Öppen,dp,Driftplats,850,Fln
161,dd5e3ddd-9413-4970-a5ff-860529d859e0,20251128,99991231,0.467097732625608,124,2,,539048,<20190405,87+94,87+94,113,6716898,Korsnäs,Öppen,dp,Driftplats,10281,Koä
162,62449176-1561-4e47-9e8b-d5de1d79dd1a,20251128,99991231,0.563624575321578,125,2,,551831,<20190405,73+821,73+821,214,6717609,Ryggen,Öppen,dp,Driftplats,10433,Ryg
163,"0e6cbaf7-3199-4b91-9bd9-f7312b43bf14",20251128,99991231,0.419210158624545,125,2,,551831,<20190405,73+821,73+821,214,6717609,Ryggen,Öppen,dp,Driftplats,10433,Ryg
164,afc6518d-a835-4293-93a6-6b4d1248e648,20251128,99991231,0.762972994882712,126,2,,569404,<20190405,54+989,54+989,169,6715515,Hofors,Öppen,dp,Driftplats,1524,Hfr
165,1372c796-2ebd-4f3b-a154-4760e6fd12f3,20251128,99991231,0.674820550083589,126,2,,569404,<20190405,54+989,54+989,169,6715515,Hofors,Öppen,dp,Driftplats,1524,Hfr
166,12bfbd77-d127-468f-a7cd-95bf255d5e0c,20251128,99991231,0.106992488789649,127,2,,559798,<20190405,65+459,65+459,182,6717319,Långsjön,Öppen,dp,Driftplats,10337,Lsj
167,36e0446f-0953-462d-91ff-6d7678e82a4d,20251128,99991231,0.840955583784104,128,2,,574843,<20190405,48+356,48+356,182,6717317,Granstanda,Öppen,dp,Driftplats,10147,Gad
168,880f61b7-92fe-4585-b73d-8c6f53aaa3a9,20251128,99991231,0.627896869814709,134,2,,485081,<20190405,260+484,260+484,207,6701907,Björbo,Öppen,dp,Driftplats,316,Böo
169,b98c8743-08d4-4e81-8e35-9d552c987450,20251128,99991231,0.294760880910938,134,2,,485081,<20190405,260+484,260+484,207,6701907,Björbo,Öppen,dp,Driftplats,316,Böo
170,631e1932-f95b-4651-bfe3-d01cab28939f,20251128,99991231,0.753718041167619,135,2,,457502,<20190405,297+808,297+808,240,6708739,Vansbro,Öppen,dp,Driftplats,4424,Vo
171,"031dd28d-e09a-45ba-abf8-fa0b443ee7ef",20251128,99991231,0.753718041167619,135,2,,457502,<20190405,297+808,297+808,240,6708739,Vansbro,Öppen,dp,Driftplats,4424,Vo
172,d5bcdeda-d17f-4acc-9eea-e7f59057e8f9,20251128,99991231,0.276558086416809,136,2,Stor,429560,<20190405,194+655,194+655,303,6728238,Malung,Öppen,dp,Driftplats,2634,Mlg
173,f43fc72c-9173-47e9-99bd-fa52a6bea7cc,20251128,99991231,0.99082017559271,139,2,,506280,<20190405,128+423,128+423,166,6749950,Rättvik,Öppen,dp,Driftplats,3306,Rv
174,4ce6091d-da9a-41fe-be67-4fe88dfb3bee,20251128,99991231,0.464875750553494,140,2,,490198,<20190405,163+482,163+482,188,6753144,Garsås,Öppen,dp,Driftplats,10131,Gså
175,587bcd06-a1ee-40fa-8f55-b0d6cb81d369,20251128,99991231,0.13046261990242,141,2,,470730,<20190405,210+200,210+200,188,6756840,Vika,Ejunderh,lp,linjeplats,4495,Vka
176,8a6c5b7a-31ad-4ba4-b639-d6a0a7e053f1,20251128,99991231,0.525909837139914,142,2,Stor,476160,<20190405,181+416,181+416,167,6763838,Mora central,Öppen,dpd,Driftplatsdel,2722,Mrc
177,d0f11bb8-6f36-4f13-ab42-32cd1fdfcdb1,20251128,99991231,0.447044948653516,142,2,Stor,476160,<20190405,181+416,181+416,167,6763838,Mora central,Öppen,dpd,Driftplatsdel,2722,Mrc
178,bd1a347d-7765-428b-bb58-35ed7568546f,20251128,99991231,0.470596272938752,142,2,Stor,476160,<20190405,181+416,181+416,167,6763838,Mora central,Öppen,dpd,Driftplatsdel,2722,Mrc
179,c7b3c7ff-b07a-4790-a31c-677347982bd1,20251128,99991231,0.49519231086576,144,2,,450256,<20190405,37+772,37+772,247,6785556,Märbäck,Ejunderh,lp,linjeplats,10374,Mäk
180,b67ec3fe-b000-43b0-905f-81b38fcc4a6a,20251128,99991231,0.340585691151516,145,2,,479586,<20190405,234+393,234+393,167,6776111,Orsa,Öppen,dp,Driftplats,3071,Ors
181,dc9d5e66-a142-4d8a-b5a8-05c6eded85b7,20251128,99991231,0.33757885091604,145,2,,479586,<20190405,234+393,234+393,167,6776111,Orsa,Öppen,dp,Driftplats,3071,Ors
182,6f106910-68bc-4776-ba53-d54cdc61c569,20251128,99991231,0.527500367407197,146,2,,486549,<20190405,285+800,285+800,396,6818280,Älvho,Öppen,dp,Driftplats,4806,Älo
183,b84e1dc0-c2ff-41df-9e1a-24973b09985f,20251128,99991231,0.76019998328519,146,2,,486549,<20190405,285+800,285+800,396,6818280,Älvho,Öppen,dp,Driftplats,4806,Älo
184,202e7c00-ef77-4bea-9581-9a01bc74dd4b,20251128,99991231,0.455362358607842,147,2,,483240,<20190405,323+195,323+195,409,6852120,Fågelsjö,Öppen,dp,Driftplats,1006,Feö
185,301c23d6-8267-4b5d-a542-86f588b631a2,20251128,99991231,0.553900049919305,148,2,Stor,466099,<20190405,357+397,357+397,359,6878189,Sveg,Öppen,dp,Driftplats,3907,S
186,eff2cf13-eb2d-450f-be6b-51addaad6f35,20251128,99991231,0.576016749384161,148,2,Stor,466099,<20190405,357+397,357+397,359,6878189,Sveg,Öppen,dp,Driftplats,3907,S
187,2504b7b4-05a8-448b-9db7-ec08cfb4e4b9,20251128,99991231,0.162812480977374,148,2,Stor,466099,<20190405,357+397,357+397,359,6878189,Sveg,Öppen,dp,Driftplats,3907,S
188,a928a16d-a045-4279-a881-80b782124ef1,20251128,99991231,0.61767667049759,148,2,Stor,466099,<20190405,357+397,357+397,359,6878189,Sveg,Öppen,dp,Driftplats,3907,S
189,dcb85b70-522c-4545-aed8-d6b11a93db57,20251128,99991231,0.538191246329633,149,2,,492475,<20190405,397+10,397+13,303,6896167,Ytterhogdal,Öppen,dp,Driftplats,4667,Yl
190,21e2a3f9-090e-477b-af95-acba1d184844,20251128,99991231,0.537384156593621,149,2,,492475,<20190405,397+10,397+13,303,6896167,Ytterhogdal,Öppen,dp,Driftplats,4667,Yl
191,65092370-30bd-4626-a319-8c030be16ae5,20251128,99991231,0.46117000424624,150,2,,467936,<20190405,459+680,459+680,357,6946431,Åsarna central,Öppen,dp,Driftplats,4752,Åsal
192,35f153d3-04d4-481c-bc18-ab2350c71a0d,20251128,99991231,0.720269255167475,150,2,,467936,<20190405,459+680,459+680,357,6946431,Åsarna central,Öppen,dp,Driftplats,4752,Åsal
193,61dd90ea-b7ff-4032-8101-7e3570352b54,20251128,99991231,0.562219187183292,151,2,,471452,<20190405,475+30,475+30,300,6960297,Svenstavik,Öppen,dp,Driftplats,3914,Svk
194,fe4039fa-486e-49b0-8398-66f4268f936e,20251128,99991231,0.644038416480118,151,2,,471452,<20190405,475+30,475+30,300,6960297,Svenstavik,Öppen,dp,Driftplats,3914,Svk
195,c74a35b6-7d72-42b8-8824-0a4ed843b586,20251128,99991231,0.401921423715562,152,2,,478437,<20190405,504+491,504+491,346,6984903,Fåker,Öppen,dp,Driftplats,1010,Fkr
196,e8fe2cc7-1db6-4d00-a651-41ae6731e063,20251128,99991231,0.401924087630931,152,2,,478437,<20190405,504+491,504+491,346,6984903,Fåker,Öppen,dp,Driftplats,1010,Fkr
197,385788dc-600a-4cef-8e96-41fd7302c255,20251128,99991231,0.744271245361326,153,2,,491542,<20190405,571+61,571+61,327,6994065,Brunflo,Öppen,dp,Driftplats,495,Bf
198,41c8731c-2b23-4e87-bac8-42c5c8f68222,20251128,99991231,0.023734398802224,155,2,Stor,481778,<20190405,585+946,585+946,297,7004584,Östersunds central,Öppen,dp,Driftplats,4942,Ös
199,6eb4b4ed-ab8d-4acd-bc49-4d60c07e6684,20251128,99991231,0.234851341547517,155,2,Stor,481778,<20190405,585+946,585+946,297,7004584,Östersunds central,Öppen,dp,Driftplats,4942,Ös
200,6610564e-dfd3-4b68-b776-84aa9080b647,20251128,99991231,0.098825817491567,155,2,Stor,481778,<20190405,585+946,585+946,297,7004584,Östersunds central,Öppen,dp,Driftplats,4942,Ös
201,ad639898-cad6-43c5-ba26-b69ec7c5d47e,20251128,99991231,0.12528238182712,155,2,Stor,481778,<20190405,585+946,585+946,297,7004584,Östersunds central,Öppen,dp,Driftplats,4942,Ös
202,a663b7c1-d1d0-4764-baa3-855639314f6f,20251128,99991231,0.756112749027319,163,2,,395938,<20190405,699+866,699+866,385,7030708,Duved,Öppen,dp,Driftplats,712,Du
203,a7ed1f81-86cb-455a-a954-57355af0b015,20251128,99991231,0.824713169469728,163,2,,395938,<20190405,699+866,699+866,385,7030708,Duved,Öppen,dp,Driftplats,712,Du
204,24d67c00-e515-4d11-9dde-889dc468efae,20251128,99991231,0.629119957345818,166,2,,354763,<20190405,748+83,748+83,592,7024076,Storlien,Öppen,dp,Driftplats,3787,Str
205,def31121-feb1-495b-b9ea-dd8e3eb2362a,20251128,99991231,0.155031241318865,169,2,Stor,574440,<20190405,317+247,317+247,58,6802509,Bollnäs,Öppen,dp,Driftplats,411,Bn
206,8378420c-ddea-484c-8ee0-bb3889f8769f,20251128,99991231,0.083514962779864,169,2,Stor,574440,<20190405,317+247,317+247,58,6802509,Bollnäs,Öppen,dp,Driftplats,411,Bn
207,8b804b7d-d691-4eab-9965-922ab1a1539a,20251128,99991231,0.821606400670932,170,2,,584314,<20190405,300+207,300+207,59,6789496,Kilafors,Öppen,dp,Driftplats,1983,Kls
208,1ef5b179-2c90-412f-a59e-158e6dbc0403,20251128,99991231,0.641194519510047,170,2,,584314,<20190405,300+207,300+207,59,6789496,Kilafors,Öppen,dp,Driftplats,1983,Kls
209,83fbda6d-a042-4445-8bb3-2b8d9522eda8,20251128,99991231,0.351402674513855,171,2,,592499,<20190405,245+178,245+178,118,6740732,Medskogsheden,Öppen,dp,Driftplats,10356,Msn
210,21eb149f-c967-4498-a07c-3337581642e4,20251128,99991231,0.75688529972007,175,2,,592740,<20190405,262+800,262+800,116,6757545,Mo grindar,Öppen,dp,Driftplats,10361,Mog
211,9352ca36-7e7c-4b5f-9094-e3ac41a730d1,20251128,99991231,0.37867683619365,180,2,,575330,<20190405,325+701,325+701,100,6810404,Lottefors,Öppen,dp,Driftplats,10329,Lot
212,2cca233a-248a-4d7d-a82b-614f822bb5bd,20251128,99991231,0.378723161300668,180,2,,575330,<20190405,325+701,325+701,100,6810404,Lottefors,Öppen,dp,Driftplats,10329,Lot
213,74b3b9a8-9342-4194-a500-cb83fbd5edab,20251128,99991231,0.751644547937554,181,2,,573518,<20190405,331+732,331+732,114,6816033,Arbrå,Öppen,dp,Driftplats,169,Ab
214,1b717ff8-a4dc-4f37-9284-08232104c307,20251128,99991231,0.039845164596541,182,2,,572750,<20190405,337+164,337+164,118,6821257,Vallsta,Öppen,dp,Driftplats,4400,Vl
215,7ce15a70-eed7-4722-9070-0686bd506456,20251128,99991231,0.03980707328416,182,2,,572750,<20190405,337+164,337+164,118,6821257,Vallsta,Öppen,dp,Driftplats,4400,Vl
216,1fccbce8-0840-496c-a2aa-7d9377d17a9a,20251128,99991231,0.098526731485988,183,2,,570456,<20190405,343+797,343+797,119,6827210,Simeå,Öppen,dp,Driftplats,10457,Små
217,4d7d2352-7425-45fa-b6bc-6caeb6e19fad,20251128,99991231,0.53731962725053,185,2,,561723,<20190405,358+362,358+362,121,6836724,Lörstrand,Öppen,dp,Driftplats,10345,Lö
218,540ab762-9151-4dae-87cc-b227eff8b8c5,20251128,99991231,0.312913534048864,186,2,,561960,<20190405,365+56,365+56,134,6843067,Järvsö,Öppen,dp,Driftplats,1876,Jr
219,8814a6d8-14a1-41d8-b13c-82457a7b6ebb,20251128,99991231,0.312923387987737,186,2,,561960,<20190405,365+56,365+56,134,6843067,Järvsö,Öppen,dp,Driftplats,1876,Jr
220,36b6ec5b-523e-47f1-b419-59968a63b98e,20251128,99991231,0.360169101492108,187,2,,561471,<20190405,368+872,368+872,120,6846776,Skästra,Öppen,dp,Driftplats,3583,Skä
221,abd83fc8-e261-4c35-8501-ba6b20072587,20251128,99991231,0.455712353044753,188,2,Stor,557756,<20190405,380+259,380+259,131,6855374,Ljusdal,Öppen,dp,Driftplats,2444,Ls
222,e65e185e-ee6a-43cd-bc49-6f185cc26d47,20251128,99991231,0.614272228526594,188,2,Stor,557756,<20190405,380+259,380+259,131,6855374,Ljusdal,Öppen,dp,Driftplats,2444,Ls
223,2a2ae359-2f98-474c-aca4-9301ea7e6945,20251128,99991231,0.463347597540448,189,2,,553271,<20190405,387+211,387+211,158,6859809,Tallåsen,Öppen,dp,Driftplats,10528,Tl
224,c47ad897-1441-4196-b287-4e0b08b00bfd,20251128,99991231,0.539163423774401,191,2,,547230,<20190405,407+752,407+752,211,6876943,Hennan,Öppen,dp,Driftplats,10196,Hnn
225,a191b77f-f9d4-4075-a752-87e00982bdf9,20251128,99991231,0.498261212534897,191,2,,547230,<20190405,407+752,407+752,211,6876943,Hennan,Öppen,dp,Driftplats,10196,Hnn
226,cb6f3a9c-71f2-4474-b93f-0c30eee5e78f,20251128,99991231,0.492252800759333,197,2,,529093,<20190405,456+16,456+16,291,6915442,Juån,Öppen,dp,Driftplats,10242,Jå
227,a2cee3ba-3181-4cc0-ba65-87729fd4f2ae,20251128,99991231,0.371623804722609,198,2,,524435,<20190405,464+470,464+470,243,6922096,Östavall,Öppen,dp,Driftplats,4918,Öv
228,3fa19233-079f-4a80-8ac8-9c5356e7a5bc,20251128,99991231,0.439501896816621,199,2,,524463,<20190405,472+911,472+911,219,6928875,Alby,Öppen,dp,Driftplats,116,Ay
229,180afbfc-6602-41c4-a0ac-fbdadf596b39,20251128,99991231,0.165093556248505,201,2,Stor,533811,<20190405,484+290,484+290,169,6932697,Ånge,Öppen,dpd,Driftplatsdel,4718,Åg
230,55373d34-fe99-48ed-bd25-420da63d0059,20251128,99991231,0.203957938385771,201,2,Stor,533811,<20190405,484+290,484+290,169,6932697,Ånge,Öppen,dpd,Driftplatsdel,4718,Åg
231,503c71d4-1d54-4aad-bd75-44382f377b93,20251128,99991231,0.606414710026497,201,2,Stor,533811,<20190405,484+290,484+290,169,6932697,Ånge,Öppen,dpd,Driftplatsdel,4718,Åg
232,fc15c31b-c910-4fb5-b533-c832b4023c6a,20251128,99991231,0.509197655057964,201,2,Stor,533811,<20190405,484+290,484+290,169,6932697,Ånge,Öppen,dpd,Driftplatsdel,4718,Åg
233,6963f6a3-7caa-41e4-9824-72adf1ac8c99,20251128,99991231,0.53080131059336,201,2,Stor,533811,<20190405,484+290,484+290,169,6932697,Ånge,Öppen,dpd,Driftplatsdel,4718,Åg
234,"0bdb88f2-7239-4414-a184-1682a91671f7",20251128,99991231,0.499386634140847,202,2,,528155,<20190405,491+906,491+906,236,6937112,Moradal,Öppen,dp,Driftplats,10366,Mdl
235,b20e8d37-cdef-427c-a2d9-589cbf52483c,20251128,99991231,0.380009339983218,203,2,,526445,<20190405,499+448,499+448,298,6944245,Dysjön,Öppen,dp,Driftplats,10088,Dy
236,20ffcaab-6791-4e34-9c30-a9780f24f886,20251128,99991231,0.615799989201428,205,2,,523244,<20190405,509+133,509+133,305,6952643,Bensjöbacken,Öppen,dp,Driftplats,257,Bsb
237,fcc089c0-bc8d-4b1a-81e2-22120b410792,20251128,99991231,0.51291959218157,206,2,Stor,521334,<20190405,514+948,514+948,291,6957805,Bräcke,Öppen,dp,Driftplats,520,Bä
238,334bca29-1870-47fc-a13e-76aa702b36c1,20251128,99991231,0.220834271611205,212,2,,531180,<20190405,537+82,537+82,274,6973693,Nyhem,Öppen,dp,Driftplats,10397,Ny
239,58087724-b5a8-435c-b4d7-f35959313d4c,20251128,99991231,0.220721534718655,212,2,,531180,<20190405,537+82,537+82,274,6973693,Nyhem,Öppen,dp,Driftplats,10397,Ny
240,"0aa0dee8-ddab-4fe0-b86d-b526b317723a",20251128,99991231,0.666132550234678,217,2,,554902,<20190405,570+257,570+257,296,6983894,Kälarne,Öppen,dp,Driftplats,2222,Kln
241,5bc11dfb-dfa7-413b-a946-0dfaed7fcef8,20251128,99991231,0.059520522717055,217,2,,554902,<20190405,570+257,570+257,296,6983894,Kälarne,Öppen,dp,Driftplats,2222,Kln
242,77b0022a-6a7e-469e-9706-c76d81f5c234,20251128,99991231,0.510297009524517,221,2,,582015,<20190405,607+789,607+789,174,6989817,Bispgården,Öppen,dp,Driftplats,297,Bsg
243,f586cb81-08f2-4e78-9999-fa314c8e278a,20251128,99991231,0.039083210924217,221,2,,582015,<20190405,607+789,607+789,174,6989817,Bispgården,Öppen,dp,Driftplats,297,Bsg
244,1278cb8a-e8d6-4125-95db-30fd1e5c184d,20251128,99991231,0.023802412863375,221,2,,582015,<20190405,607+789,607+789,174,6989817,Bispgården,Öppen,dp,Driftplats,297,Bsg
245,e95e1ca9-2c99-4014-ad69-566fffecce0e,20251128,99991231,0.011529993847647,223,2,,593962,<20190405,625+880,625+880,191,6996978,Graninge,Öppen,dp,Driftplats,10145,Ga
246,cc334285-0bd3-4a74-a526-df4f48b92aba,20251128,99991231,0.662880214881747,224,2,,598246,<20190405,636+323,636+323,123,7003907,Helgum,Öppen,dp,Driftplats,10194,Hlm
247,1061b125-17ed-4914-9c4b-8e79ea4fd69f,20251128,99991231,0.639528322325099,224,2,,598246,<20190405,636+323,636+323,123,7003907,Helgum,Öppen,dp,Driftplats,10194,Hlm
248,a05ff409-8e58-4d7b-a4c4-07a032ca4412,20251128,99991231,0.609427805862679,224,2,,598246,<20190405,636+323,636+323,123,7003907,Helgum,Öppen,dp,Driftplats,10194,Hlm
249,517f3a53-51ef-4cec-b46c-a686f6c6e1b2,20251128,99991231,0.549318624489401,225,2,Stor,604062,<20190405,645+736,645+736,104,7006918,Långsele,Öppen,dp,Driftplats,2529,Lsl
250,e2886b2a-6776-47b9-bbcb-4a3e92fc5503,20251128,99991231,0.525685122389299,225,2,Stor,604062,<20190405,645+736,645+736,104,7006918,Långsele,Öppen,dp,Driftplats,2529,Lsl
251,b78f80f0-dad3-49e0-a0d5-a550243deb9f,20251128,99991231,0.416354139534812,225,2,Stor,604062,<20190405,645+736,645+736,104,7006918,Långsele,Öppen,dp,Driftplats,2529,Lsl
252,23422951-33fd-4824-961d-198b3e1ac30e,20251128,99991231,0.653440288304722,228,2,,639826,<20190405,476+579,476+579,7,6989228,Nyland,Nedlagd,lp,linjeplats,2981,Nld
253,421e6674-e050-46e5-9567-8d159b138915,20251128,99991231,0.524146306075742,229,2,,638800,<20190405,465+900,465+900,9,6984791,Dynäs,Öppen,dp,Driftplats,720,Dns
254,8d18879c-5f7d-45cc-b06a-188eca134be9,20251128,99991231,0.165007013619323,233,2,Stor,650140,<20190405,414+723,414+723,4,6948362,Härnösands central,Öppen,dp,Driftplats,1701,Hsd
255,35c013a2-0385-4047-948a-697f3b430448,20251128,99991231,0.374702916804737,235,2,,620084,<20190405,367+54,367+54,9,6930534,Timrå,Öppen,dp,Driftplats,4102,Trå
256,e81d3442-56da-4b62-aa99-17cc86eb055a,20251128,99991231,0.351280270869767,235,2,,620084,<20190405,367+54,367+54,9,6930534,Timrå,Öppen,dp,Driftplats,4102,Trå
257,ec3eaf6a-4b11-4fd8-a9d2-c34deb43c10f,20251128,99991231,0.126723909786963,237,2,,609136,<20190405,566+977,566+977,65,6917597,Töva,Öppen,dp,Driftplats,4301,Töv
258,346f2784-9586-4973-b913-7cdf4170df42,20251128,99991231,0.790508394314273,237,2,,609136,<20190405,566+977,566+977,65,6917597,Töva,Öppen,dp,Driftplats,4301,Töv
259,5f755ad2-2e2f-45fe-9b37-5e1bc8b3c6e4,20251128,99991231,0.302788084557823,237,2,,609136,<20190405,566+977,566+977,65,6917597,Töva,Öppen,dp,Driftplats,4301,Töv
260,164a2868-79ba-4496-b97b-538cae947e63,20251128,99991231,0.511791477481053,239,2,,595824,<20190405,552+687,552+687,56,6917299,Nedansjö,Öppen,dp,Driftplats,10378,Nsö
261,"069a5fdc-8108-46e1-a2b0-c1cde98d571d",20251128,99991231,0.350329238275706,240,2,,582597,<20190405,537+890,537+890,57,6921968,Stöde,Öppen,dp,Driftplats,3853,Std
262,8e32533e-8afd-41fb-91da-c1ca8197d565,20251128,99991231,0.254934921231005,240,2,,582597,<20190405,537+890,537+890,57,6921968,Stöde,Öppen,dp,Driftplats,3853,Std
263,7f46f153-a168-486e-bf3b-382303e6eaf0,20251128,99991231,0.339143291273261,241,2,,573969,<20190405,527+677,527+677,65,6925074,Viskan,Öppen,dp,Driftplats,10586,Visk
264,d9de3ebc-abe4-44ad-bb42-a8a306b02f6f,20251128,99991231,0.250021514827471,241,2,,573969,<20190405,527+677,527+677,65,6925074,Viskan,Öppen,dp,Driftplats,10586,Visk
265,2f0e707b-072d-4a8f-88d7-372b2ec5660b,20251128,99991231,0.378971549833512,242,2,,568855,<20190405,521+884,521+884,80,6927554,Torpshammar,Öppen,dp,Driftplats,4161,To
266,"0453e897-10fe-49fa-9cb6-d9dab49b5183",20251128,99991231,0.377961038815013,242,2,,568855,<20190405,521+884,521+884,80,6927554,Torpshammar,Öppen,dp,Driftplats,4161,To
267,c5a5d17f-1e53-488d-874d-4f0698b748a2,20251128,99991231,0.637871688261679,243,2,,560149,<20190405,512+564,512+564,80,6929982,Fränsta,Öppen,dp,Driftplats,983,Ft
268,"0bb42584-3704-4a12-b79a-d62a3cd69e12",20251128,99991231,0.636236071213958,243,2,,560149,<20190405,512+564,512+564,80,6929982,Fränsta,Öppen,dp,Driftplats,983,Ft
269,2afb47ed-c75b-4aaf-8ff4-87526717dbf9,20251128,99991231,0.424409486359393,244,2,,546968,<20190405,498+79,498+79,119,6933266,Erikslund,Öppen,dp,Driftplats,799,Ei
270,66058be3-b2f2-4c40-92d0-e4b8680cae37,20251128,99991231,0.627836413588583,244,2,,546968,<20190405,498+79,498+79,119,6933266,Erikslund,Öppen,dp,Driftplats,799,Ei
271,"0391f818-6a72-4796-b803-c3a40191c7aa",20251128,99991231,0.989673497610868,248,2,,617248,<20190405,303+527,303+527,56,6882374,Gnarp,Öppen,dp,Driftplats,1105,Gnp
272,aff99c2a-1e7a-4eb8-a65a-96bb1e4d5af7,20251128,99991231,0.386587094171483,250,2,,615469,<20190405,270+897,270+897,25,6854731,Via,Öppen,dp,Driftplats,10576,Via
273,98212079-cc79-4b20-a62d-bd3049544284,20251128,99991231,0.830689786476605,251,2,,611455,<20190405,259+450,259+450,3,6845315,Hudiksvall,Öppen,dp,Driftplats,1579,Hkl
274,652f08d1-f806-4d5f-94cd-67d937a9d7ba,20251128,99991231,0.505637510131322,257,2,,613073,<20190405,195+200,195+200,3,6798591,Stugsund,Ejunderh,lp,linjeplats,3832,Stu
275,e9b5d882-43b2-4f18-831b-5d12a9e4816b,20251128,99991231,0.381782193020593,258,2,,615213,<20190405,189+966,189+966,4,6794206,Sandarne,Öppen,lp,linjeplats,3372,Sne
276,4abdc463-9748-4505-8733-021e89ed23ec,20251128,99991231,0.050298775678518,258,2,,615213,<20190405,189+966,189+966,4,6794206,Sandarne,Öppen,lp,linjeplats,3372,Sne
277,faf6a468-cec2-4894-8e97-750c7ca93f92,20251128,99991231,0.499489884481554,259,2,,614451,<20190405,179+258,179+258,10,6786192,Vallvik,Öppen,dp,Driftplats,4401,Vv
278,166f9c66-4e6b-4998-81c3-8c01e9e5514a,20251128,99991231,0.895718826788794,259,2,,614451,<20190405,179+258,179+258,10,6786192,Vallvik,Öppen,dp,Driftplats,4401,Vv
279,622915ee-e541-47f3-8712-7363b2d55e1b,20251128,99991231,0.978075304957736,260,2,,614542,<20190405,169+152,169+152,15,6776740,Sunnäsbruk,Öppen,dp,Driftplats,10511,Säu
280,986f2322-2382-4abc-92ef-1202d81ef7b1,20251128,99991231,0.49822603044759,260,2,,614542,<20190405,169+152,169+152,15,6776740,Sunnäsbruk,Öppen,dp,Driftplats,10511,Säu
281,cf1b2994-8c04-4e36-8bbc-cfb6e72841b2,20251128,99991231,0.500899618248775,261,2,,614275,<20190405,157+290,157+290,26,6765454,Axmarby,Öppen,dp,Driftplats,10021,Ax
282,2aee0145-1c4a-4d5a-aaa0-11263e4f419c,20251128,99991231,0.768044509375069,261,2,,614275,<20190405,157+290,157+290,26,6765454,Axmarby,Öppen,dp,Driftplats,10021,Ax
283,a24db99c-6ced-4fac-94e2-2ee487ba668f,20251128,99991231,0.610044283385306,262,2,,611888,<20190405,143+758,143+758,5,6753532,Hamrångefjärden,Öppen,dp,Driftplats,10184,Hfj
284,86974a32-1099-43ba-9a33-dcc153ee836c,20251128,99991231,0.235261881588121,262,2,,611888,<20190405,143+758,143+758,5,6753532,Hamrångefjärden,Öppen,dp,Driftplats,10184,Hfj
285,ee8360ea-f3ef-428c-af38-339d4f89096a,20251128,99991231,0.744632470106248,263,2,,619617,<20190405,131+224,131+224,19,6744119,Trödje,Öppen,dp,Driftplats,10543,Tdj
286,24b1ba09-a447-4320-a782-044c5a39a505,20251128,99991231,0.236278365216904,263,2,,619617,<20190405,131+224,131+224,19,6744119,Trödje,Öppen,dp,Driftplats,10543,Tdj
287,c8d7a692-3550-4097-84c1-1778761f6755,20251128,99991231,0.789282595825998,264,2,,599918,<20190405,321+59,321+59,44,6794338,Marmaverken,Öppen,dp,Driftplats,2658,Me
288,6a8d2668-9568-443e-ab59-fb8890562a44,20251128,99991231,0.993846017470544,264,2,,599918,<20190405,321+59,321+59,44,6794338,Marmaverken,Öppen,dp,Driftplats,2658,Me
289,d1f2029d-bb72-42d6-8220-4f1adff69416,20251128,99991231,0.973503247245741,265,2,Stor,619690,<20190405,347+340,347+343,8,6919389,Sundsvalls central,Öppen,dp,Driftplats,3869,Suc
290,1e20fbd0-706d-475e-abf7-92078bb998b6,20251128,99991231,0.969013304110617,265,2,Stor,619690,<20190405,347+340,347+343,8,6919389,Sundsvalls central,Öppen,dp,Driftplats,3869,Suc
291,c4aa9e03-6662-4243-9cc9-98ae0aff6b05,20251128,99991231,0.885899137454488,265,2,Stor,619690,<20190405,347+340,347+343,8,6919389,Sundsvalls central,Öppen,dp,Driftplats,3869,Suc
292,3d900537-2643-47a7-b1e8-752a09499958,20251128,99991231,0.794499949089244,265,2,Stor,619690,<20190405,347+340,347+343,8,6919389,Sundsvalls central,Öppen,dp,Driftplats,3869,Suc
293,58b344a1-397e-44aa-b315-c23ab2530ffe,20251128,99991231,0.734689586746616,265,2,Stor,619690,<20190405,347+340,347+343,8,6919389,Sundsvalls central,Öppen,dp,Driftplats,3869,Suc
294,6885317a-a4db-46ba-b9df-bdcb798f153c,20251128,99991231,0.782392167078517,265,2,Stor,619690,<20190405,347+340,347+343,8,6919389,Sundsvalls central,Öppen,dp,Driftplats,3869,Suc
295,38355b21-d523-4cc5-b664-bfc3ba04a126,20251128,99991231,0.404281018892001,268,2,Stor,744773,<20190405,1312+592,1312+641,359,7457377,Gällivare central,Öppen,dpd,Driftplatsdel,1283,Gvc
296,4376c99f-ce4d-492d-9f9b-616907759942,20251128,99991231,0.012825675461441,268,2,Stor,744773,<20190405,1312+592,1312+641,359,7457377,Gällivare central,Öppen,dpd,Driftplatsdel,1283,Gvc
297,6d85622e-11a6-4298-bedf-efa3f7b1f695,20251128,99991231,0.338080389359416,268,2,Stor,744773,<20190405,1312+592,1312+641,359,7457377,Gällivare central,Öppen,dpd,Driftplatsdel,1283,Gvc
298,12e6ab6a-1af2-4c73-b7b6-ce6a558278a3,20251128,99991231,0.340818729022922,268,2,Stor,744773,<20190405,1312+592,1312+641,359,7457377,Gällivare central,Öppen,dpd,Driftplatsdel,1283,Gvc
299,a1a40792-1d7d-4871-a912-20bf709350de,20251128,99991231,0.325862318609418,268,2,Stor,744773,<20190405,1312+592,1312+641,359,7457377,Gällivare central,Öppen,dpd,Driftplatsdel,1283,Gvc
300,b63ecbaa-f89b-4461-8d53-8bfc08def3d6,20251128,99991231,0.443878476759562,271,2,Stor,754197,<20190405,39+466,39+466,326,7517145,Svappavaara,Öppen,dpd,Driftplatsdel,3894,Svv
301,4cf7670d-9403-43ad-8214-a28ce7603b92,20251128,99991231,0.131484533832154,271,2,Stor,754197,<20190405,39+466,39+466,326,7517145,Svappavaara,Öppen,dpd,Driftplatsdel,3894,Svv
302,5139febf-67ca-4d83-9bbb-594a23a478f1,20251128,99991231,0.622858534954163,272,2,Stor,633605,<20190405,1535+49,1535+49,514,7594293,Vassijaure,Öppen,dp,Driftplats,4445,Vj
303,54f2ad0d-ecac-4476-a659-75643410655b,20251128,99991231,0.605224780619442,274,2,,774653,<20190405,1203+829,1203+829,181,7364056,Lakaträsk,Öppen,dp,Driftplats,10307,Lkä
304,2dc6a23f-a873-4785-9090-15f23628f5fb,20251128,99991231,0.329387897917511,274,2,,774653,<20190405,1203+829,1203+829,181,7364056,Lakaträsk,Öppen,dp,Driftplats,10307,Lkä
305,4c0c3f4e-3575-49e0-8f5d-31721c93375e,20251128,99991231,0.500096599388196,275,2,,768511,<20190405,1215+443,1215+443,187,7373483,Näsberg,Öppen,dp,Driftplats,10399,Nb
306,c3c70d89-bfcf-44e6-80b7-8a4c85437998,20251128,99991231,0.50051359094695,275,2,,768511,<20190405,1215+443,1215+443,187,7373483,Näsberg,Öppen,dp,Driftplats,10399,Nb
307,f251b2c1-20a1-4d67-9073-0dd72bad97fb,20251128,99991231,0.496705030872974,275,2,,768511,<20190405,1215+443,1215+443,187,7373483,Näsberg,Öppen,dp,Driftplats,10399,Nb
308,24f3e7a3-dee0-41e8-bd39-957404ef3ef6,20251128,99991231,0.800041233786796,276,2,,761524,<20190405,1231+224,1231+224,241,7386195,Murjek,Öppen,dp,Driftplats,2774,Mk
309,158ffb74-8e5f-4fe6-ab08-2c046f9f1e9a,20251128,99991231,0.486254402488159,276,2,,761524,<20190405,1231+224,1231+224,241,7386195,Murjek,Öppen,dp,Driftplats,2774,Mk
310,dada7729-bb10-4194-8e17-3a0ca2e9ce8e,20251128,99991231,0.411007196820005,276,2,,761524,<20190405,1231+224,1231+224,241,7386195,Murjek,Öppen,dp,Driftplats,2774,Mk
311,3253f4b4-01c9-4c05-a215-479991d87abf,20251128,99991231,0.610250738477653,277,2,,766860,<20190405,1243+129,1243+129,306,7396027,Polcirkeln,Öppen,dp,Driftplats,10412,Pc
312,4f2507d9-02ac-4939-92d5-c028c2ec513e,20251128,99991231,0.008203077380364,277,2,,766860,<20190405,1243+129,1243+129,306,7396027,Polcirkeln,Öppen,dp,Driftplats,10412,Pc
313,677ef570-82d8-485a-96d5-81408c3e6a23,20251128,99991231,0.877188427430751,278,2,,764359,<20190405,1252+586,1252+586,320,7404992,Koskivaara,Öppen,dp,Driftplats,10285,Kva
314,85917bdd-7105-4d91-8c51-223b1c266e4b,20251128,99991231,0.964833596457357,278,2,,764359,<20190405,1252+586,1252+586,320,7404992,Koskivaara,Öppen,dp,Driftplats,10285,Kva
315,f8d33111-d091-4643-984f-c296b936288c,20251128,99991231,0.500068131024524,279,2,,761730,<20190405,1265+96,1265+96,321,7416490,Nattavaara,Öppen,dp,Driftplats,2852,Ntv
316,f9448527-7b12-413f-8d7f-972566c2a23c,20251128,99991231,0.499642657883946,279,2,,761730,<20190405,1265+96,1265+96,321,7416490,Nattavaara,Öppen,dp,Driftplats,2852,Ntv
317,48e1a6fc-aa8d-432b-b72e-4cccc6c779e0,20251128,99991231,0.60515735601311,279,2,,761730,<20190405,1265+96,1265+96,321,7416490,Nattavaara,Öppen,dp,Driftplats,2852,Ntv
318,61722946-459a-4010-88d3-29ce11d2e554,20251128,99991231,0.501754842195804,281,2,,754706,<20190405,1281+621,1281+621,354,7430309,Nuortikon,Öppen,dp,Driftplats,10392,Nrt
319,27a0c12e-3ce0-4a5e-9f06-a64dc58579c8,20251128,99991231,0.50141779619002,281,2,,754706,<20190405,1281+621,1281+621,354,7430309,Nuortikon,Öppen,dp,Driftplats,10392,Nrt
320,9fde7be9-c3c6-4813-8eee-40275934f027,20251128,99991231,0.502981228059757,281,2,,754706,<20190405,1281+621,1281+621,354,7430309,Nuortikon,Öppen,dp,Driftplats,10392,Nrt
321,65a03c3f-c406-4695-8741-dd502e1eb499,20251128,99991231,0.516002070960728,283,2,,748528,<20190405,1299+652,1299+652,400,7446533,Harrträsk,Öppen,dp,Driftplats,10188,Hrt
322,5c052c82-8aba-4239-8eee-11775d22afce,20251128,99991231,0.517125717076188,283,2,,748528,<20190405,1299+652,1299+652,400,7446533,Harrträsk,Öppen,dp,Driftplats,10188,Hrt
323,8d0b045e-00af-45d8-8450-e23b75c61c67,20251128,99991231,0.29751891994261,284,2,,714266,<20190405,248+969,248+970,242,7395894,Jokkmokk,Öppen,dp,Driftplats,1835,Jk
324,cda91803-0c5c-4c11-9dbb-acd5f9615e48,20251128,99991231,0.230992134763611,284,2,,714266,<20190405,248+969,248+970,242,7395894,Jokkmokk,Öppen,dp,Driftplats,1835,Jk
325,6fc5fbd2-d28c-4919-84f8-a42d547db9fe,20251128,99991231,0.229334200339016,284,2,,714266,<20190405,248+969,248+970,242,7395894,Jokkmokk,Öppen,dp,Driftplats,1835,Jk
326,411fb2a6-84ef-4e21-bd7c-dcffc0e64463,20251128,99991231,0.253087956438178,285,2,,710704,<20190405,296+402,296+402,374,7435785,Porjus,Öppen,dp,Driftplats,3126,Pj
327,61893f21-737a-47fe-a807-5878f412f950,20251128,99991231,0.195012284311375,285,2,,710704,<20190405,296+402,296+402,374,7435785,Porjus,Öppen,dp,Driftplats,3126,Pj
328,122a45d7-a760-4f87-a945-e88e6ef618dc,20251128,99991231,0.225617599944474,285,2,,710704,<20190405,296+402,296+402,374,7435785,Porjus,Öppen,dp,Driftplats,3126,Pj
329,c7349ff4-d23e-416b-8f83-c333fc120b68,20251128,99991231,0.491010947683966,286,2,,735348,<20190405,1323+238,1323+238,393,7461139,Sikträsk,Öppen,dp,Driftplats,10455,Stk
330,"0df75a4c-3092-480a-8fef-f41154cf67e6",20251128,99991231,0.245029044261077,286,2,,735348,<20190405,1323+238,1323+238,393,7461139,Sikträsk,Öppen,dp,Driftplats,10455,Stk
331,364a444d-4a81-400f-b391-bfb0b728beff,20251128,99991231,0.405229732397477,287,2,,725813,<20190405,1336+192,1336+192,449,7469537,Linaälv,Öppen,dp,Driftplats,2397,Lin
332,17dfb7ee-acb2-41fc-9168-beaf494c69d0,20251128,99991231,0.495401616248127,287,2,,725813,<20190405,1336+192,1336+192,449,7469537,Linaälv,Öppen,dp,Driftplats,2397,Lin
333,ff4e5152-ab1c-4e0c-a890-16efbbb44470,20251128,99991231,0.137158094783414,287,2,,725813,<20190405,1336+192,1336+192,449,7469537,Linaälv,Öppen,dp,Driftplats,2397,Lin
334,f39b3e7e-0ca7-4734-b477-b7122e225b8e,20251128,99991231,0.513932484129073,291,2,,720817,<20190405,1380+759,1380+759,496,7506749,Lappberg,Öppen,dp,Driftplats,2307,Lab
335,cc8380ca-72a9-4354-b14b-caab90b37ad5,20251128,99991231,0.020982990047979,291,2,,720817,<20190405,1380+759,1380+759,496,7506749,Lappberg,Öppen,dp,Driftplats,2307,Lab
336,64c45697-c97b-4788-b116-4d63bfce82e1,20251128,99991231,0.105820709551897,292,2,,719877,<20190405,1391+422,1391+422,471,7516356,Gäddmyr,Öppen,dp,Driftplats,10174,Gy
337,d04dc5f5-769c-4563-90ab-8a77cbacc5d2,20251128,99991231,0.313520871894537,294,2,,729627,<20190405,10+309,10+309,484,7526670,Aptas,Öppen,dp,Driftplats,10010,Apt
338,15fc18ad-64ad-40f9-a78f-52753ad38c2e,20251128,99991231,0.655591592707287,294,2,,729627,<20190405,10+309,10+309,484,7526670,Aptas,Öppen,dp,Driftplats,10010,Apt
339,7352adc8-5f2f-455a-a8ae-ec3d9f58c3d5,20251128,99991231,0.779344997840905,296,2,Stor,718373,<20190405,1414+298,1414+326,505,7537363,Kiruna malmbangård,Öppen,dpd,Driftplatsdel,2007,Kmb
340,e98e2e3b-9551-489d-993b-4ec2b5607549,20251128,99991231,0.878946611971844,296,2,Stor,718373,<20190405,1414+298,1414+326,505,7537363,Kiruna malmbangård,Öppen,dpd,Driftplatsdel,2007,Kmb
341,dbd1de98-1c43-4ac6-aa7f-653168e74fd1,20251128,99991231,0.693307232450039,297,2,,712244,<20190405,1423+669,1423+669,463,7543901,Krokvik,Öppen,dp,Driftplats,2128,Kv
342,7da163de-5fbd-4f9d-a27c-7663984c5a29,20251128,99991231,0.638423582954596,297,2,,712244,<20190405,1423+669,1423+669,463,7543901,Krokvik,Öppen,dp,Driftplats,2128,Kv
343,70d3ba89-5a26-4655-a24f-17646ba2ecd3,20251128,99991231,0.599300975283321,299,2,,701000,<20190405,1444+321,1444+321,489,7558605,Rensjön,Öppen,dp,Driftplats,3182,Rsn
344,9c9efa4b-8ae7-4947-921e-22d77344336d,20251128,99991231,0.666653811256715,301,2,,694806,<20190405,1464+216,1464+216,393,7574553,Torneträsk,Öppen,dp,Driftplats,4155,Tnk
345,474f9ad0-c331-4557-801b-be8569942e3b,20251128,99991231,0.519078989435169,303,2,,677558,<20190405,1483+294,1483+294,393,7580915,Kaisepakte,Öppen,dp,Driftplats,1903,Kpe
346,c4d6de56-a52b-413b-b8fc-792b92e47818,20251128,99991231,0.764482657182698,305,2,,657629,<20190405,1505+777,1505+777,389,7586635,Abisko östra,Öppen,dp,Driftplats,106,Ak
347,ba5625b9-785f-408a-abeb-688b0326fade,20251128,99991231,0.361148303561915,305,2,,657629,<20190405,1505+777,1505+777,389,7586635,Abisko östra,Öppen,dp,Driftplats,106,Ak
348,538eb2fe-677a-4350-b06e-1516e4a72a54,20251128,99991231,0.305972507126438,307,2,,643704,<20190405,1524+423,1524+423,445,7594479,Kopparåsen,Öppen,dp,Driftplats,2078,Kå
349,7dbd620d-0dbd-497a-a2b6-4ef70ac67248,20251128,99991231,0.368247799002972,309,2,,568126,<20190405,188+24,188+24,295,7126537,Dorotea,Öppen,dp,Driftplats,702,Dta
350,57133d9b-b1db-402c-a6f8-e53a71e60753,20251128,99991231,0.314092122983804,309,2,,568126,<20190405,188+24,188+24,295,7126537,Dorotea,Öppen,dp,Driftplats,702,Dta
351,eedfbfd8-a886-4317-a6ab-9fbceff4fb65,20251128,99991231,0.51010251453829,310,2,,587441,<20190405,222+70,222+70,331,7147632,Meselefors,Öppen,dp,Driftplats,2681,Mlf
352,"017d5ac1-bdd3-4e8b-8d7a-48f6f7cb1134",20251128,99991231,0.834691746270743,310,2,,587441,<20190405,222+70,222+70,331,7147632,Meselefors,Öppen,dp,Driftplats,2681,Mlf
353,be6176b9-2db3-48a4-9f4c-075c4c706669,20251128,99991231,0.653728669394961,311,2,,578963,<20190405,244+330,244+330,346,7167465,Vilhelmina,Öppen,dp,Driftplats,4507,Vma
354,c1238cdd-52e0-46c4-8e7f-cc9d372ee7d2,20251128,99991231,0.549578504346449,311,2,,578963,<20190405,244+330,244+330,346,7167465,Vilhelmina,Öppen,dp,Driftplats,4507,Vma
355,ffcd1a79-c4ff-4aab-a142-3f64f62545c1,20251128,99991231,0.701758031795258,312,2,,586319,<20190405,270+924,270+924,408,7186495,Vojmån,Öppen,dp,Driftplats,4558,Vjm
356,d76d3244-6933-4777-b38b-a4e570f0daf6,20251128,99991231,0.701758031795258,312,2,,586319,<20190405,270+924,270+924,408,7186495,Vojmån,Öppen,dp,Driftplats,4558,Vjm
357,6418213f-3d9b-4ee7-aecb-45bc12efa828,20251128,99991231,0.759908082143109,313,2,Stor,599123,<20190405,167+181,312+445,357,7220804,Storuman,Öppen,dp,Driftplats,3797,Sum
358,552c51c1-1a39-4d41-a6b4-dc1d92d18603,20251128,99991231,0.616563110843086,313,2,Stor,599123,<20190405,167+181,312+445,357,7220804,Storuman,Öppen,dp,Driftplats,3797,Sum
359,b52379d0-45bb-472e-bcc9-eb5dbbaa94f3,20251128,99991231,0.6837120987916,314,2,,623758,<20190405,200+520,200+523,343,7235074,Lomselenäs,Öppen,dp,Driftplats,2462,Lms
360,cf48a40d-1bca-4998-b43b-728f96fa11bb,20251128,99991231,0.672817104615042,314,2,,623758,<20190405,200+520,200+523,343,7235074,Lomselenäs,Öppen,dp,Driftplats,2462,Lms
361,d038c82f-91f0-482d-bebf-b65942e07219,20251128,99991231,0.757808520467544,315,2,,617481,<20190405,239+145,239+145,350,7270459,Sorsele,Öppen,dp,Driftplats,3665,Srs
362,bd134e41-5689-4351-a93e-baa1bcab8ac3,20251128,99991231,0.241144087802372,315,2,,617481,<20190405,239+145,239+145,350,7270459,Sorsele,Öppen,dp,Driftplats,3665,Srs
363,f30b7d21-2109-461e-815d-c2c558f7d4fb,20251128,99991231,0.723729984722304,316,2,,645598,<20190405,274+308,274+308,419,7277410,Slagnäs,Öppen,dp,Driftplats,3596,Sgä
364,"0086a149-ee61-46a1-84a1-cdf270681f42",20251128,99991231,0.714723608644039,316,2,,645598,<20190405,274+308,274+308,419,7277410,Slagnäs,Öppen,dp,Driftplats,3596,Sgä
365,7df8a711-b612-44ea-8b62-399e6d7d1405,20251128,99991231,0.644631374882561,318,2,,724874,<20190405,185+713,185+713,349,7345902,Kåbdalis,Öppen,dp,Driftplats,2208,Kåb
366,8f09e119-9cbd-44f8-8223-6ad80a7f42ba,20251128,99991231,0.644650555100668,318,2,,724874,<20190405,185+713,185+713,349,7345902,Kåbdalis,Öppen,dp,Driftplats,2208,Kåb
367,458923d7-6e39-4cea-bf0a-5c567b359c07,20251128,99991231,0.832487400310628,324,2,,706196,<20190405,810+898,810+898,174,7079794,Brattsbacka,Öppen,dp,Driftplats,10049,Brs
368,dc2f810b-5b63-45be-8f12-cb5ec1cd3970,20251128,99991231,0.601095375919758,327,2,,721940,<20190405,834+354,834+354,143,7082048,Hörnsjö,Öppen,dp,Driftplats,10233,Hsö
369,5be6eb74-cdc6-4873-9d54-9d7831239b28,20251128,99991231,0.499604620306633,328,2,,726168,<20190405,847+247,847+247,149,7090909,Degermyr,Öppen,dp,Driftplats,10080,Dgm
370,12a299af-b577-4a06-af0e-3db195b0b53d,20251128,99991231,0.455928716788953,328,2,,726168,<20190405,847+247,847+247,149,7090909,Degermyr,Öppen,dp,Driftplats,10080,Dgm
371,92b81b33-e892-4bd1-b708-7c01ce12906b,20251128,99991231,0.476999275739701,328,2,,726168,<20190405,847+247,847+247,149,7090909,Degermyr,Öppen,dp,Driftplats,10080,Dgm
372,c84d8fbe-fdb5-4a14-a87b-6d95e960e6a6,20251128,99991231,0.484382912617686,329,2,Stor,732865,<20190405,857+230,858+176,89,7095690,Vännäs,Öppen,dpd,Driftplatsdel,4594,Vns
373,9b95833b-ae6b-47aa-8c26-4992cad5fa77,20251128,99991231,0.459468435451026,329,2,Stor,732865,<20190405,857+230,858+176,89,7095690,Vännäs,Öppen,dpd,Driftplatsdel,4594,Vns
374,75833049-c325-47a5-a9e6-1b848320cb49,20251128,99991231,0.42781695434573,329,2,Stor,732865,<20190405,857+230,858+176,89,7095690,Vännäs,Öppen,dpd,Driftplatsdel,4594,Vns
375,ab99a0ac-7881-46e2-854b-fcbf9aa4e5f2,20251128,99991231,0.657592352166777,329,2,Stor,732865,<20190405,857+230,858+176,89,7095690,Vännäs,Öppen,dpd,Driftplatsdel,4594,Vns
376,19428ad0-1e6d-420b-be46-e7620ac39a05,20251128,99991231,0.80596799963556,329,2,Stor,732865,<20190405,857+230,858+176,89,7095690,Vännäs,Öppen,dpd,Driftplatsdel,4594,Vns
377,da337ba5-d7f9-4318-aa43-0c71eaa54980,20251128,99991231,0.504995088249171,329,2,Stor,732865,<20190405,857+230,858+176,89,7095690,Vännäs,Öppen,dpd,Driftplatsdel,4594,Vns
378,43c5bbff-96cf-4257-b0ac-c800b694ab07,20251128,99991231,0.499894737571178,331,2,,748187,<20190405,875+594,875+594,72,7093557,Brännland,Öppen,dp,Driftplats,527,Brd
379,"015f3b3c-5cc5-4989-9d6b-462d689b0fd2",20251128,99991231,0.661757647052093,331,2,,748187,<20190405,875+594,875+594,72,7093557,Brännland,Öppen,dp,Driftplats,527,Brd
380,6545275e-d034-418f-a104-fcb9ff11a1af,20251128,99991231,0.817540802504694,332,2,Stor,758960,<20190405,888+1,888+1,12,7088780,Umeå central,Öppen,dpd,Driftplatsdel,4337,Uå
381,4f1665c2-675a-4933-8c5b-85d582207424,20251128,99991231,0.189530045494607,332,2,Stor,758960,<20190405,888+1,888+1,12,7088780,Umeå central,Öppen,dpd,Driftplatsdel,4337,Uå
382,601a6d0f-676e-4ee3-ac38-8379952ca567,20251128,99991231,0.163079848740838,332,2,Stor,758960,<20190405,888+1,888+1,12,7088780,Umeå central,Öppen,dpd,Driftplatsdel,4337,Uå
383,fb56442e-3d53-4cda-bb9e-c3f79c533df4,20251128,99991231,0.300499970120326,337,2,Stor,723637,<20190405,904+626,904+626,244,7139196,Hällnäs,Öppen,dp,Driftplats,10219,Hls
384,2b7db76c-ddd2-4bb9-82f1-286e94796b79,20251128,99991231,0.751101842364747,338,2,,707720,<20190405,27+682,27+682,230,7158550,Åmsele,Öppen,dp,Driftplats,4713,Åm
385,790391e4-7078-4430-b73c-fd45cf4dc9a4,20251128,99991231,0.03020845999651,339,2,,691781,<20190405,46+395,46+395,226,7165289,Arvån,Öppen,lp,linjeplats,10016,An
386,df853119-5c72-4676-84e2-4e6057442393,20251128,99991231,0.500088211246793,340,2,,675551,<20190405,64+388,64+388,224,7168317,Lycksele,Öppen,dp,Driftplats,2502,Ly
387,"025f17f4-36cc-4d46-80c7-8d002635812a",20251128,99991231,0.500555177541229,340,2,,675551,<20190405,64+388,64+388,224,7168317,Lycksele,Öppen,dp,Driftplats,2502,Ly
388,2f741ff6-7467-4e04-82c9-2cebecaa9bca,20251128,99991231,0.107274350368448,341,2,,650338,<20190405,97+117,97+117,274,7184720,Kattisavan,Öppen,lp,linjeplats,10262,Kat
389,"0b5c597d-9e19-4b7b-bbb3-4524cb124cbe",20251128,99991231,0.50000002683471,343,2,,626101,<20190405,134+588,134+588,280,7211380,Gunnarn,Öppen,lp,linjeplats,1237,Gun
390,a02a296e-d816-40ca-ace4-01aca29a2a5c,20251128,99991231,0.56009142642988,351,2,Stor,739417,<20190405,968+177,968+177,242,7194482,Bastuträsk,Öppen,dp,Driftplats,253,Bst
391,3c1c4524-783d-448d-a16d-bcba09bee184,20251128,99991231,0.465038720609359,353,2,,796728,<20190405,63+92,63+92,5,7188191,Skelleftehamns övre,Öppen,dp,Driftplats,3508,Söv
392,8167e720-2d19-4fab-8e08-5c2d2b90ac4d,20251128,99991231,0.530117211273812,353,2,,796728,<20190405,63+92,63+92,5,7188191,Skelleftehamns övre,Öppen,dp,Driftplats,3508,Söv
393,a1e29bf3-4d84-427f-bfc7-cfe6b4389b98,20251128,99991231,0.547245397854857,353,2,,796728,<20190405,63+92,63+92,5,7188191,Skelleftehamns övre,Öppen,dp,Driftplats,3508,Söv
394,18e788e7-43df-4e69-b9c8-8f82e3648dbf,20251128,99991231,0.500946612362411,358,2,,753349,<20190405,15+422,15+422,181,7194321,Finnforsfallet,Öppen,dp,Driftplats,10106,Ffs
395,53a417a2-7032-45d2-91fb-f31a1dcb6af0,20251128,99991231,0.503350743142735,358,2,,753349,<20190405,15+422,15+422,181,7194321,Finnforsfallet,Öppen,dp,Driftplats,10106,Ffs
396,b31091b2-716f-4403-97d5-73f6e9ba6c8f,20251128,99991231,0.499739254867114,359,2,,736257,<20190405,981+572,981+572,225,7206968,Karsbäcken,Öppen,dp,Driftplats,10259,Krb
397,5d03bad0-317f-4590-9409-d0d7c54007c6,20251128,99991231,0.499038956188461,359,2,,736257,<20190405,981+572,981+572,225,7206968,Karsbäcken,Öppen,dp,Driftplats,10259,Krb
398,9202f446-41a1-46f0-a198-f364cfbf20a8,20251128,99991231,0.499397567784352,360,2,,736945,<20190405,990+923,990+923,226,7215890,Lidlund,Öppen,dp,Driftplats,10314,Ldl
399,31c7b423-2457-4c3f-93b0-b7e805c04a67,20251128,99991231,0.290101920779888,360,2,,736945,<20190405,990+923,990+923,226,7215890,Lidlund,Öppen,dp,Driftplats,10314,Ldl
400,10d75de8-c948-4c4e-ae5a-5f64a12e777e,20251128,99991231,0.591830807567232,361,2,,736499,<20190405,1001+496,1001+500,260,7223817,Jörn,Öppen,dp,Driftplats,1892,Jrn
401,e6a724cb-a318-407b-b1a8-5ddb3154d4ed,20251128,99991231,0.528797705799374,361,2,,736499,<20190405,1001+496,1001+500,260,7223817,Jörn,Öppen,dp,Driftplats,1892,Jrn
402,3ab56b67-13ef-4c23-a14b-7c925ac2b6aa,20251128,99991231,0.500239248600144,362,2,,737039,<20190405,1013+382,1013+382,319,7235123,Storträsk,Öppen,dp,Driftplats,10504,Sto
403,13f6884e-d794-4cf3-aa31-7a8ba799f5fc,20251128,99991231,0.500239155259314,362,2,,737039,<20190405,1013+382,1013+382,319,7235123,Storträsk,Öppen,dp,Driftplats,10504,Sto
404,edc48caa-c559-4a0a-ac38-28b3e7f64090,20251128,99991231,0.687154025765064,367,2,,747853,<20190405,1044+370,1044+370,324,7261014,Långträsk,Öppen,dp,Driftplats,10338,Ltk
405,955eed11-ed88-4157-856b-3c40a75706b5,20251128,99991231,0.525243751652502,367,2,,747853,<20190405,1044+370,1044+370,324,7261014,Långträsk,Öppen,dp,Driftplats,10338,Ltk
406,2e764e63-2b9f-42a5-b6c2-5732f02172cf,20251128,99991231,0.499276558143396,368,2,,751479,<20190405,1054+22,1054+22,352,7269103,Storblåliden,Öppen,dp,Driftplats,10500,Sbi
407,a9e34fda-cc4b-4f28-ac6c-86ea13ea4a54,20251128,99991231,0.499449078595301,368,2,,751479,<20190405,1054+22,1054+22,352,7269103,Storblåliden,Öppen,dp,Driftplats,10500,Sbi
408,25b919fa-4d69-4720-a3d3-5f174a272442,20251128,99991231,0.502786622050086,369,2,,753975,<20190405,1061+276,1061+276,283,7274801,Koler,Öppen,dp,Driftplats,10278,Klr
409,a8f3eb2c-189b-4e35-9a8e-1b8235e15e3b,20251128,99991231,0.502890405191892,369,2,,753975,<20190405,1061+276,1061+276,283,7274801,Koler,Öppen,dp,Driftplats,10278,Klr
410,e4720574-1d54-4143-a04f-f44588d74317,20251128,99991231,0.761024490308979,370,2,,759099,<20190405,1074+640,1074+640,204,7284504,Storsund,Öppen,dp,Driftplats,10503,Sts
411,558e6b25-6ee8-4447-bef5-be7f0021dbae,20251128,99991231,0.499174036450628,371,2,,763909,<20190405,1084+354,1084+354,166,7291725,Järneträsk,Öppen,dp,Driftplats,10247,Jnt
412,97eb8f64-1848-4363-885d-15d541e7f711,20251128,99991231,0.499500845778125,371,2,,763909,<20190405,1084+354,1084+354,166,7291725,Järneträsk,Öppen,dp,Driftplats,10247,Jnt
413,"0fe6b373-f1e4-4b7c-a7d7-39ffae991e5c",20251128,99991231,0.62842401937382,372,2,,769352,<20190405,1091+628,1091+628,85,7295111,Korsträsk,Öppen,dp,Driftplats,10282,Ktä
414,ccb6fc7d-c3e6-43d3-ac3a-38f2185ea498,20251128,99991231,0.51452282312921,373,2,Stor,775107,<20190405,1097+914,1097+914,40,7297175,Älvsbyn,Öppen,dp,Driftplats,4814,Äy
415,7d407991-0012-4f83-ae73-80abbbe81280,20251128,99991231,0.818886869053347,373,2,Stor,775107,<20190405,1097+914,1097+914,40,7297175,Älvsbyn,Öppen,dp,Driftplats,4814,Äy
416,"0d718dfe-898c-4f25-a346-7ad7e607500d",20251128,99991231,0.491910915816435,373,2,Stor,775107,<20190405,1097+914,1097+914,40,7297175,Älvsbyn,Öppen,dp,Driftplats,4814,Äy
417,3a7c9631-5445-48c0-a65e-76cbc40dd17d,20251128,99991231,0.859133911194485,374,2,,787450,<20190405,27+514,27+514,26,7277419,Arnemark,Öppen,dp,Driftplats,10014,Amk
418,2c555997-86af-436e-9cd5-6d2bf15cf011,20251128,99991231,0.064995631122521,375,2,Stor,800965,<20190405,52+477,52+477,3,7259346,Piteå,Öppen,dp,Driftplats,3120,Ptå
419,3b3c7134-ffd7-4c6f-8639-687b1ab55000,20251128,99991231,0.498887663845351,376,2,,779976,<20190405,1106+262,1106+262,74,7302528,Laduberg,Öppen,dp,Driftplats,10306,Lrg
420,b4220c9c-835c-4a2f-a6e9-b03114b41c83,20251128,99991231,0.499052121571355,376,2,,779976,<20190405,1106+262,1106+262,74,7302528,Laduberg,Öppen,dp,Driftplats,10306,Lrg
421,a6aa650f-d501-4a23-9f17-67bce72b0686,20251128,99991231,0.290570568227801,377,2,,784589,<20190405,1116+521,1116+521,91,7309851,Brännberg,Öppen,dp,Driftplats,10063,Brg
422,5676cd15-0a76-4806-8e58-7005b6b69eba,20251128,99991231,0.577517589061116,378,2,,791976,<20190405,1129+159,1129+159,42,7316923,Degerbäcken,Öppen,dp,Driftplats,10079,Dbn
423,3e6d5ce2-ff79-4f37-88a1-a4090175cacf,20251128,99991231,0.03336372111712,379,2,,803308,<20190405,1141+4,1141+4,27,7316533,Bodens södra,Öppen,dp,Driftplats,390,Bds
424,3e1e4fd7-6a71-420e-80e3-3bd39f67d646,20251128,99991231,0.50170594064802,379,2,,803308,<20190405,1141+4,1141+4,27,7316533,Bodens södra,Öppen,dp,Driftplats,390,Bds
425,451b4aed-7481-4ce7-ba2e-fffd17c88738,20251128,99991231,0.082992025268348,379,2,,803308,<20190405,1141+4,1141+4,27,7316533,Bodens södra,Öppen,dp,Driftplats,390,Bds
426,57aa35ec-67d4-40cd-9807-f2ea75408627,20251128,99991231,0.495017282054689,381,2,,809485,<20190405,1152+337,1152+337,17,7310118,Sävast,Öppen,dp,Driftplats,10520,Svt
427,"0e38c728-f127-4adf-9606-f5a64c833959",20251128,99991231,0.491999509644705,381,2,,809485,<20190405,1152+337,1152+337,17,7310118,Sävast,Öppen,dp,Driftplats,10520,Svt
428,8d1f2923-0578-4cde-a621-77876822b320,20251128,99991231,0.49033180785885,381,2,,809485,<20190405,1152+337,1152+337,17,7310118,Sävast,Öppen,dp,Driftplats,10520,Svt
429,a1af1249-3361-4238-848f-d3965c1722ce,20251128,99991231,0.500221301855933,382,2,,814762,<20190405,1160+906,1160+906,13,7303444,Norra Sunderbyn,Öppen,dp,Driftplats,10385,Sby
430,e599b63b-9694-4553-9186-15032d6720b1,20251128,99991231,0.425592587863644,382,2,,814762,<20190405,1160+906,1160+906,13,7303444,Norra Sunderbyn,Öppen,dp,Driftplats,10385,Sby
431,358373ad-dadf-43a7-aaa1-e2e1c0f2ea98,20251128,99991231,0.503003733971415,383,2,,818281,<20190405,1165+134,1165+134,9,7301076,Sunderbyns sjukhus,Öppen,dp,Driftplats,3846,Sus
432,d381720e-1483-4f42-9d65-4e5eb9838c4d,20251128,99991231,0.502479364412723,383,2,,818281,<20190405,1165+134,1165+134,9,7301076,Sunderbyns sjukhus,Öppen,dp,Driftplats,3846,Sus
433,1ca73a0e-9003-470c-875c-619f2082960f,20251128,99991231,0.280421392305367,385,2,,827456,<20190405,1176+203,1176+203,8,7295073,Notviken,Öppen,dp,Driftplats,2953,Nvn
434,aa7ee651-3c21-4513-8f5d-4f783649e476,20251128,99991231,0.500131631445121,385,2,,827456,<20190405,1176+203,1176+203,8,7295073,Notviken,Öppen,dp,Driftplats,2953,Nvn
435,308d7f68-577e-46f0-a1cc-4c46492897be,20251128,99991231,0.582417061646352,386,2,Stor,829942,<20190405,1179+993,1179+995,3,7292372,Luleå,Öppen,dp,Driftplats,2480,Le
436,7e95d9bf-6219-4488-8e89-17183b2636df,20251128,99991231,0.870444380078673,386,2,Stor,829942,<20190405,1179+993,1179+995,3,7292372,Luleå,Öppen,dp,Driftplats,2480,Le
437,1901d024-363f-4459-bf37-2281d02306c6,20251128,99991231,0.92939095627397,386,2,Stor,829942,<20190405,1179+993,1179+995,3,7292372,Luleå,Öppen,dp,Driftplats,2480,Le
438,cef94b1b-c028-4416-af94-4ac4ce72d7e2,20251128,99991231,0.349870333319108,386,2,Stor,829942,<20190405,1179+993,1179+995,3,7292372,Luleå,Öppen,dp,Driftplats,2480,Le
439,9ec67784-8d47-4cb1-99e4-a633ed44d16a,20251128,99991231,0.357836515416402,386,2,Stor,829942,<20190405,1179+993,1179+995,3,7292372,Luleå,Öppen,dp,Driftplats,2480,Le
440,95a90a1d-f368-4f30-87af-e900492d0d37,20251128,99991231,0.768850405809491,386,2,Stor,829942,<20190405,1179+993,1179+995,3,7292372,Luleå,Öppen,dp,Driftplats,2480,Le
441,c2ccfef4-95a2-41a2-8ea4-5621d79d94d5,20251128,99991231,0.187950851766297,386,2,Stor,829942,<20190405,1179+993,1179+995,3,7292372,Luleå,Öppen,dp,Driftplats,2480,Le
442,25757858-473e-4726-95fe-ebd2af47379f,20251128,99991231,0.305132319082929,387,2,,804218,<20190405,1152+872,1152+872,18,7325347,Holmfors,Öppen,dp,Driftplats,10203,Hfs
443,65d6a9ea-6c4e-4a41-8fbb-4c7491a66ed6,20251128,99991231,0.914943344592983,388,2,,799382,<20190405,1162+788,1162+788,29,7333226,Ljuså,Öppen,dp,Driftplats,10323,Lså
444,80906761-8971-49d4-865f-1e62afc81135,20251128,99991231,0.705133727455252,388,2,,799382,<20190405,1162+788,1162+788,29,7333226,Ljuså,Öppen,dp,Driftplats,10323,Lså
445,e8cdb061-91c2-487d-a76c-17bda019d236,20251128,99991231,0.335078482630143,389,2,,789703,<20190405,1175+863,1175+890,136,7341863,Gransjö,Öppen,dp,Driftplats,10146,Grs
446,8d05df35-32f8-46b7-b787-64302a11d78c,20251128,99991231,0.339246003113254,389,2,,789703,<20190405,1175+863,1175+890,136,7341863,Gransjö,Öppen,dp,Driftplats,10146,Grs
447,c4caa154-e6ff-4551-9c7b-ab54ab76d2ca,20251128,99991231,0.67489723199444,390,2,,784942,<20190405,1184+216,1184+216,169,7348411,Sandträsk,Öppen,dp,Driftplats,10450,Stä
448,ce05ba75-2f97-4619-a274-6c9f21c30b42,20251128,99991231,0.533232571661702,394,2,,872513,<20190405,38+560,38+560,15,7328251,Kalix östra,Öppen,dp,Driftplats,1907,Klx
449,ca9f7102-85bb-42aa-8db5-5f2409710317,20251128,99991231,0.364473906956006,395,2,,870403,<20190405,1246+908,1246+908,109,7350846,Vitvattnet,Nedlagd,dp,Driftplats,4555,Vtv
450,441cfba4-e2cc-483a-8352-aee17a81e00b,20251128,99991231,0.34259263163316,395,2,,870403,<20190405,1246+908,1246+908,109,7350846,Vitvattnet,Nedlagd,dp,Driftplats,4555,Vtv
451,82dd24fc-2cd6-4fac-ab85-c63157a80979,20251128,99991231,0.534741716851819,396,2,,904687,<20190405,1284+890,1284+890,29,7353164,Karungi,Nedlagd,dp,Driftplats,1961,Kri
452,21211c36-cc7c-4688-9e14-734f8df85e4a,20251128,99991231,0.514477911636088,396,2,,904687,<20190405,1284+890,1284+890,29,7353164,Karungi,Nedlagd,dp,Driftplats,1961,Kri
453,47b5761b-4487-45a9-925e-c49a792a3ffe,20251128,99991231,0.498274169991296,396,2,,904687,<20190405,1284+890,1284+890,29,7353164,Karungi,Nedlagd,dp,Driftplats,1961,Kri
454,763aa335-098c-465d-b4df-4e701f2571c7,20251128,99991231,0.502140653310097,399,2,,798077,<20190405,1135+585,1135+585,24,7315754,Hednoret,Öppen,dp,Driftplats,10193,Ht
455,19b846d0-29bf-4706-a939-29a8a656d891,20251128,99991231,0.50368010278465,399,2,,798077,<20190405,1135+585,1135+585,24,7315754,Hednoret,Öppen,dp,Driftplats,10193,Ht
456,8559ea10-6f2d-49c5-aba5-e11e022e06b5,20251128,99991231,0.756150430705625,401,2,,530547,<20190405,115+341,115+341,290,7078477,Ulriksfors,Öppen,dp,Driftplats,4327,Uf
457,9b5151b4-3b28-497b-9199-d51ef352cee3,20251128,99991231,0.474306496212676,401,2,,530547,<20190405,115+341,115+341,290,7078477,Ulriksfors,Öppen,dp,Driftplats,4327,Uf
458,a67fb4eb-03c6-416f-92eb-2944f763f19b,20251128,99991231,0.339042240523298,401,2,,530547,<20190405,115+341,115+341,290,7078477,Ulriksfors,Öppen,dp,Driftplats,4327,Uf
459,1fdef237-9729-4d2c-abb3-00195dfb7a71,20251128,99991231,0.49999998057942,403,2,,566156,<20190405,93+227,93+227,218,7088933,Rossön,Öppen,dp,Driftplats,10428,Ros
460,c03314d2-b648-4df7-8b17-c810b6f7624e,20251128,99991231,0.620536926616838,403,2,,566156,<20190405,93+227,93+227,218,7088933,Rossön,Öppen,dp,Driftplats,10428,Ros
461,9e6ce843-9c03-423b-96fd-0c41a901195e,20251128,99991231,0.087776985008451,404,2,,586190,<20190405,56+554,56+554,203,7061806,Tågsjöberg,Öppen,dp,Driftplats,10551,Tsg
462,633ea444-e915-4b54-a292-2a0926567f83,20251128,99991231,0.241836888332547,404,2,,586190,<20190405,56+554,56+554,203,7061806,Tågsjöberg,Öppen,dp,Driftplats,10551,Tsg
463,"02c0abb3-fabb-4a8d-bcb5-e7f97288e442",20251128,99991231,0.589104815218905,405,2,,492822,<20190405,28+387,28+387,256,7021073,Lit,Öppen,dp,Driftplats,2427,Lit
464,c9d9708d-cf7f-4ced-9a78-471a466710c7,20251128,99991231,0.604073894031982,405,2,,492822,<20190405,28+387,28+387,256,7021073,Lit,Öppen,dp,Driftplats,2427,Lit
465,"08cd00b5-5797-4445-b8b3-a31423daf9b1",20251128,99991231,0.501667937840932,407,2,,609386,<20190405,660+132,660+132,82,7016856,Forsmo,Öppen,dp,Driftplats,10116,Fsm
466,36201416-9cdf-46e0-9959-34bb1463ed99,20251128,99991231,0.196154546281416,407,2,,609386,<20190405,660+132,660+132,82,7016856,Forsmo,Öppen,dp,Driftplats,10116,Fsm
467,885f1c8e-7e31-4bac-a9d5-19385488b26c,20251128,99991231,0.500929118164582,407,2,,609386,<20190405,660+132,660+132,82,7016856,Forsmo,Öppen,dp,Driftplats,10116,Fsm
468,"0741f53e-5836-468d-8685-a91c95d2cb83",20251128,99991231,0.499981841808175,408,2,,593734,<20190405,28+384,28+384,101,7035944,Ådalsliden,Öppen,dp,Driftplats,10602,Åd
469,c65fddfa-bcf9-4bb2-a91b-9f91db4e337a,20251128,99991231,0.948209251272518,409,2,,610864,<20190405,666+304,666+304,140,7021703,Selsjön,Öppen,dp,Driftplats,10454,Slj
470,b23d6f68-5ce1-4745-a11e-88b5e1b50617,20251128,99991231,0.499262518988023,410,2,,615159,<20190405,672+443,672+443,228,7023835,Backsjön,Öppen,dp,Driftplats,10022,Baö
471,c65ef7ae-feb5-4742-98b0-f2c863739c98,20251128,99991231,0.499434646368637,411,2,,619622,<20190405,677+890,677+890,247,7025206,Grönåsen,Öppen,dp,Driftplats,10158,Gnå
472,6a96c4f1-4fe9-4ec4-b9fc-6aac34ebea3b,20251128,99991231,0.510228382397049,412,2,,625607,<20190405,689+442,689+442,248,7031250,Aspeå,Öppen,dp,Driftplats,10017,Ap
473,4996d0a6-96c7-45a6-ae4f-2a41d2d924e6,20251128,99991231,0.27930440858877,412,2,,625607,<20190405,689+442,689+442,248,7031250,Aspeå,Öppen,dp,Driftplats,10017,Ap
474,ee21b818-950d-43db-a73f-e94bde573450,20251128,99991231,0.500280970999668,413,2,,622372,<20190405,685+167,685+167,286,7028991,Stormyran,Öppen,dp,Driftplats,10502,Som
475,6a716c68-65a9-4762-9323-f232be54c6a9,20251128,99991231,0.50544257321253,414,2,,632318,<20190405,696+475,696+475,203,7031922,Holmån,Öppen,dp,Driftplats,10204,Hoå
476,31a9b532-5c4f-490d-9aab-76d03deed783,20251128,99991231,0.475030346697619,414,2,,632318,<20190405,696+475,696+475,203,7031922,Holmån,Öppen,dp,Driftplats,10204,Hoå
477,bb6e3418-bc7a-4d1a-864e-0e82577050db,20251128,99991231,0.457157658054251,414,2,,632318,<20190405,696+475,696+475,203,7031922,Holmån,Öppen,dp,Driftplats,10204,Hoå
478,c80da630-e5f3-4a0b-bbd2-3170e110aea7,20251128,99991231,0.547634348554039,415,2,,642893,<20190405,707+613,707+613,157,7031720,Skorped,Öppen,dp,Driftplats,10466,Sop
479,480e392d-839a-497f-a5de-9d26892cf93f,20251128,99991231,0.452336246268467,415,2,,642893,<20190405,707+613,707+613,157,7031720,Skorped,Öppen,dp,Driftplats,10466,Sop
480,807eb1f3-c566-448a-b52b-8d6f2316aef0,20251128,99991231,0.496515876220486,416,2,,648616,<20190405,718+245,718+245,216,7036003,Kälvattnet,Öppen,dp,Driftplats,10300,Käv
481,45ba3864-6c12-45f6-ac1f-9c60dfbfcf42,20251128,99991231,0.498125485379264,417,2,,656867,<20190405,728+327,728+327,176,7036977,Anundsjö,Öppen,dp,Driftplats,10009,Anö
482,488937de-15ab-4e04-b08a-06f76867be4d,20251128,99991231,0.941279853340133,417,2,,656867,<20190405,728+327,728+327,176,7036977,Anundsjö,Öppen,dp,Driftplats,10009,Anö
483,f67b393f-5113-434e-b93b-12b8c943ca45,20251128,99991231,0.552231019958142,419,2,Stor,664981,<20190405,736+721,736+721,64,7037563,Mellansel,Öppen,dp,Driftplats,2671,Msl
484,dd48e2dc-db62-480a-8d69-3c0e0fcc4210,20251128,99991231,0.559545342240711,419,2,Stor,664981,<20190405,736+721,736+721,64,7037563,Mellansel,Öppen,dp,Driftplats,2671,Msl
485,e56c3f05-791d-4742-abf1-895a9e6377a7,20251128,99991231,0.52433813103119,419,2,Stor,664981,<20190405,736+721,736+721,64,7037563,Mellansel,Öppen,dp,Driftplats,2671,Msl
486,613f7d10-24cd-409b-a5c4-d5145e5e185f,20251128,99991231,0.541366879685579,420,2,,675810,<20190405,751+65,751+65,4,7029980,Österalnö,Öppen,dp,Driftplats,10631,Öal
487,951b2f0f-0163-47b3-a02c-7563179f1bf7,20251128,99991231,0.499999978558573,420,2,,675810,<20190405,751+65,751+65,4,7029980,Österalnö,Öppen,dp,Driftplats,10631,Öal
488,b0557ecb-aa86-49c3-9854-aad6e0b09b7f,20251128,99991231,0.804866789431177,423,2,,672044,<20190405,6+84,6+84,25,6576364,Älvsjö godsbangård,Öppen,dpd,Driftplatsdel,4818,Äsg
489,962eb245-8975-4586-a960-2cd4f0dae299,20251128,99991231,0.741597240390924,425,2,,672397,<20190405,5+6,5+18,24,6577311,Årstaberg,Öppen,dpd,Driftplatsdel,24920,Åbe
490,a7fd87ca-3d67-4704-8874-fcd9a0c8453d,20251128,99991231,0.000181182303865,430,2,Stor,673924,<20190405,"0+0","0+0",4,6580788,Stockholms central,Öppen,dpd,Driftplatsdel,3751,Cst
491,d8eff15c-3a73-42bc-82df-e1d11b11a117,20251128,99991231,0.000220653282048,430,2,Stor,673924,<20190405,"0+0","0+0",4,6580788,Stockholms central,Öppen,dpd,Driftplatsdel,3751,Cst
492,8640b593-baa8-499b-b1ab-f8fe9ca54b15,20251128,99991231,0.000217585247229,430,2,Stor,673924,<20190405,"0+0","0+0",4,6580788,Stockholms central,Öppen,dpd,Driftplatsdel,3751,Cst
493,c136751c-aa1c-4f98-8d15-2aa4f3f73c84,20251128,99991231,0.000253242247976,430,2,Stor,673924,<20190405,"0+0","0+0",4,6580788,Stockholms central,Öppen,dpd,Driftplatsdel,3751,Cst
494,7d4302c0-bee5-4910-afaf-0425eb1d4345,20251128,99991231,0.675111922495761,441,2,,655929,<20190405,26+242,26+242,12,6596521,Kungsängen,Öppen,dp,Driftplats,2166,Kän
495,c204e396-755b-4470-b322-225f1ba4f513,20251128,99991231,0.591576246963028,441,2,,655929,<20190405,26+242,26+242,12,6596521,Kungsängen,Öppen,dp,Driftplats,2166,Kän
496,644c315c-897a-4bb9-a080-1587c720c334,20251128,99991231,0.525729524312534,448,2,,664013,<20190405,24+266,24+266,4,6601588,Upplands Väsby,Öppen,dp,Driftplats,4348,Upv
497,57d53c73-1ed2-474b-bb79-77b387ddcfc9,20251128,99991231,0.579070512631519,448,2,,664013,<20190405,24+266,24+266,4,6601588,Upplands Väsby,Öppen,dp,Driftplats,4348,Upv
498,ce8c1e92-f523-4765-a5d3-ab837c0c57eb,20251128,99991231,0.490878989673638,449,2,,663677,<20190405,27+680,27+680,10,6604933,Skavstaby,Öppen,dp,Driftplats,10463,Skby
499,65253cc5-d0d3-4367-ae46-3b66d6f449e2,20251128,99991231,0.039753724613434,449,2,,663677,<20190405,27+680,27+680,10,6604933,Skavstaby,Öppen,dp,Driftplats,10463,Skby
500,e7feb9d0-2630-4d7d-ad06-5ce37ac7d262,20251128,99991231,0.424515328953259,451,2,,662607,<20190405,31+584,31+584,23,6608649,Rosersberg,Öppen,dp,Driftplats,3226,Rs
501,249fbd62-477e-420e-845e-06302f22d0af,20251128,99991231,0.708824984887082,453,2,,661368,<20190405,36+702,36+702,7,6613430,Märsta,Öppen,dp,Driftplats,2808,Mr
502,7e04bbff-e2f0-4fd7-bef3-e10d217ec289,20251128,99991231,0.010039538605614,453,2,,661368,<20190405,36+702,36+702,7,6613430,Märsta,Öppen,dp,Driftplats,2808,Mr
503,81dab479-7689-4c63-b485-e7779332afd9,20251128,99991231,0.666030548663298,455,2,,668247,<20190405,16+272,16+272,33,6568187,Flemingsberg,Öppen,dp,Driftplats,900,Flb
504,bded1be2-150c-4cf7-bc21-95d32dd095ec,20251128,99991231,0.687594629852693,455,2,,668247,<20190405,16+272,16+272,33,6568187,Flemingsberg,Öppen,dp,Driftplats,900,Flb
505,cf53c3ce-f293-45b5-a410-00bb549946d7,20251128,99991231,0.688725554312366,455,2,,668247,<20190405,16+272,16+272,33,6568187,Flemingsberg,Öppen,dp,Driftplats,900,Flb
506,6bcfaa97-a31c-49bc-8461-9e29e0980cb0,20251128,99991231,0.65954457874006,455,2,,668247,<20190405,16+272,16+272,33,6568187,Flemingsberg,Öppen,dp,Driftplats,900,Flb
507,5b4f5870-ba29-4eab-82b9-c21d25b5d1d8,20251128,99991231,0.493156417015404,455,2,,668247,<20190405,16+272,16+272,33,6568187,Flemingsberg,Öppen,dp,Driftplats,900,Flb
508,654df366-b02f-42fa-8d94-ec7d3322ac29,20251128,99991231,0.503566850315521,456,2,,665389,<20190405,19+765,19+765,30,6566261,Utsikten,Öppen,dp,Driftplats,10561,Uts
509,32867ca2-077e-4d6f-8c9b-8b9fcba0dbff,20251128,99991231,0.335887952308715,457,2,,662096,<20190405,23+256,23+256,8,6565716,Tumba,Öppen,dp,Driftplats,4239,Tu
510,a64857fd-1422-427e-80ca-b4edb1a67aa5,20251128,99991231,0.518820939494655,457,2,,662096,<20190405,23+256,23+256,8,6565716,Tumba,Öppen,dp,Driftplats,4239,Tu
511,9a804b02-ac8f-4fa3-8f22-bba61dba0e2b,20251128,99991231,0.326421165804186,457,2,,662096,<20190405,23+256,23+256,8,6565716,Tumba,Öppen,dp,Driftplats,4239,Tu
512,fcd2273f-2f4d-4c96-965c-82c141e9deb9,20251128,99991231,0.499881872825083,460,2,,655058,<20190405,30+671,30+671,24,6564353,Dånviken,Öppen,dp,Driftplats,10089,Dån
513,82ed186c-f2cb-4f93-8e60-a1fe592af474,20251128,99991231,0.37281829551773,460,2,,655058,<20190405,30+671,30+671,24,6564353,Dånviken,Öppen,dp,Driftplats,10089,Dån
514,3a3fcf1d-a999-4689-a206-08ed9d11074e,20251128,99991231,0.45881831864876,462,2,,673424,<20190405,52+87,52+87,24,6572669,Högdalen,Öppen,dp,Driftplats,10227,Hön
515,8c425875-3ed8-493c-9554-55e7fd62601a,20251128,99991231,0.414847335711354,466,2,,578385,<20190405,82+575,82+575,38,6427516,Överum,Öppen,dp,Driftplats,4983,Övm
516,8cef21f1-1848-4137-88f4-ffe7b692ebca,20251128,99991231,0.606197588451731,466,2,,578385,<20190405,82+575,82+575,38,6427516,Överum,Öppen,dp,Driftplats,4983,Övm
517,ba4ae74b-ea50-4313-81d7-4afaac7e4c27,20251128,99991231,0.534889219791553,467,2,,558893,<20190405,18+550,18+550,85,6451821,Åtvidaberg,Öppen,dp,Driftplats,4783,Åvg
518,59da01bb-9e38-43fb-b624-3449b79b7ee3,20251128,99991231,0.299943472494156,467,2,,558893,<20190405,18+550,18+550,85,6451821,Åtvidaberg,Öppen,dp,Driftplats,4783,Åvg
519,"0cacf6b6-ea9b-4f71-bd20-a5a9cf7f1b20",20251128,99991231,0.788830106473741,468,2,,544162,<20190405,20+270,20+270,94,6459088,Bjärka-Säby,Öppen,dp,Driftplats,309,Bsä
520,cbeb0302-bd0c-48c9-a3a2-69cd9eb68f11,20251128,99991231,0.336159461564177,468,2,,544162,<20190405,20+270,20+270,94,6459088,Bjärka-Säby,Öppen,dp,Driftplats,309,Bsä
521,5b9acdbf-ffa1-4c92-ba3f-f833f37753d7,20251128,99991231,0.496694475243478,469,2,,537497,<20190405,59+545,59+545,105,6427175,Kisa,Öppen,dp,Driftplats,2012,Kisa
522,c7f383c1-2c8a-465d-b20e-9454a2a23cb4,20251128,99991231,0.496694475243478,469,2,,537497,<20190405,59+545,59+545,105,6427175,Kisa,Öppen,dp,Driftplats,2012,Kisa
523,f501528e-6638-45e9-9bd6-e54ea45b96e5,20251128,99991231,0.499968292912426,470,2,,498721,<20190405,284+628,284+628,151,6444939,Sommen,Öppen,dp,Driftplats,10482,Smn
524,86e5a689-2882-4499-8066-65f1fb600de2,20251128,99991231,0.569091769777121,471,2,,503153,<20190405,277+340,277+497,142,6450190,Boxholm,Öppen,dp,Driftplats,442,Bx
525,b8bed9dc-ef4b-4689-8bb0-974da95e6380,20251128,99991231,0.494388991487855,471,2,,503153,<20190405,277+340,277+497,142,6450190,Boxholm,Öppen,dp,Driftplats,442,Bx
526,4d93fc3e-9f72-4ab7-9be7-af62eb591b9e,20251128,99991231,0.99659474074093,473,2,Stor,507738,<20190405,260+971,260+972,116,6464651,Mjölby,Öppen,dp,Driftplats,2693,My
527,f272c7e7-9deb-468a-9103-b84cbb8454ed,20251128,99991231,0.568728716111557,473,2,Stor,507738,<20190405,260+971,260+972,116,6464651,Mjölby,Öppen,dp,Driftplats,2693,My
528,"04ca81ea-26e1-452f-b775-e3617b16341a",20251128,99991231,0.662977249233197,473,2,Stor,507738,<20190405,260+971,260+972,116,6464651,Mjölby,Öppen,dp,Driftplats,2693,My
529,cfa26569-60f7-4b43-82d1-62d90ded3441,20251128,99991231,0.038143946624117,473,2,Stor,507738,<20190405,260+971,260+972,116,6464651,Mjölby,Öppen,dp,Driftplats,2693,My
530,1a244af3-0d37-4e3c-9d15-77618d1c0684,20251128,99991231,0.271267556975703,474,2,,516867,<20190405,250+827,250+827,105,6467490,Mantorp,Öppen,dp,Driftplats,2639,Mt
531,563ee1d7-288d-4735-8737-90f27d7164c1,20251128,99991231,0.217509018226314,474,2,,516867,<20190405,250+827,250+827,105,6467490,Mantorp,Öppen,dp,Driftplats,2639,Mt
532,ab3b3035-2a82-48a1-be1b-5e02f64d7a20,20251128,99991231,0.089335332011042,474,2,,516867,<20190405,250+827,250+827,105,6467490,Mantorp,Öppen,dp,Driftplats,2639,Mt
533,f74e00cd-026c-4c84-b7b8-8a47a5de1605,20251128,99991231,0.455726049692323,475,2,,525319,<20190405,241+445,241+445,84,6471487,Vikingstad,Öppen,dp,Driftplats,4502,Vsd
534,b10d8243-59aa-4612-a6d1-9ad13457951b,20251128,99991231,0.546499829659946,477,2,Stor,536474,<20190405,228+776,228+776,41,6475311,Linköpings central,Öppen,dp,Driftplats,2421,Lp
535,"0dc7285f-aafa-45a9-bcde-38c5166c47ae",20251128,99991231,0.48266134661745,477,2,Stor,536474,<20190405,228+776,228+776,41,6475311,Linköpings central,Öppen,dp,Driftplats,2421,Lp
536,a6154fae-13ae-425a-a965-1d7078744973,20251128,99991231,0.789648590166067,477,2,Stor,536474,<20190405,228+776,228+776,41,6475311,Linköpings central,Öppen,dp,Driftplats,2421,Lp
537,17147a8e-af75-4c73-9daf-40b070456973,20251128,99991231,0.488505876381923,477,2,Stor,536474,<20190405,228+776,228+776,41,6475311,Linköpings central,Öppen,dp,Driftplats,2421,Lp
538,dcf03b6f-2428-40df-9e45-fc4fc72baa1b,20251128,99991231,0.168802395795859,478,2,,545842,<20190405,218+593,218+593,57,6477552,Linghem,Öppen,dp,Driftplats,2420,Lgm
539,c6f0cb14-868e-4170-b325-61ebae19f5a0,20251128,99991231,0.064499729095951,478,2,,545842,<20190405,218+593,218+593,57,6477552,Linghem,Öppen,dp,Driftplats,2420,Lgm
540,c3bf25f8-d52f-433b-9e49-e649f98c7712,20251128,99991231,0.316874878325182,479,2,,556408,<20190405,201+340,201+340,38,6488824,Kimstad,Öppen,dp,Driftplats,10268,Kms
541,d26c75ce-fc41-4238-b531-7eddc8263275,20251128,99991231,0.372960931456021,480,2,,552942,<20190405,6+48,6+48,35,6493105,Skärblacka,Öppen,lp,linjeplats,3575,Sbl
542,897b5e0f-9d00-4b58-bd6b-30f8c9cb3a16,20251128,99991231,0.500324460996548,481,2,,544931,<20190405,22+440,22+440,31,6507709,Finspång,Öppen,lp,linjeplats,877,Fg
543,44ccf8bd-f635-43ab-82fb-8fcdf570d1ac,20251128,99991231,0.49820392409567,481,2,,544931,<20190405,22+440,22+440,31,6507709,Finspång,Öppen,lp,linjeplats,877,Fg
544,533e09df-257f-478d-b67e-044f5f848350,20251128,99991231,0.430990282539347,481,2,,544931,<20190405,22+440,22+440,31,6507709,Finspång,Öppen,lp,linjeplats,877,Fg
545,f29e941e-790f-4aaf-8cbe-1b82dd3dc43d,20251128,99991231,0.099714174120818,484,2,,568484,<20190405,174+546,174+546,19,6502669,Åby södra,Öppen,dpd,Driftplatsdel,10600,Åbs
546,c326c19d-ddf9-4ce4-a09d-6ff000662232,20251128,99991231,0.484325885040966,486,2,,579014,<20190405,96+704,96+704,45,6504633,Kolmården,Öppen,dp,Driftplats,2066,Kon
547,19064bfc-18fa-4f1c-bfb3-fc0924392d0f,20251128,99991231,0.131360830132473,487,2,,591344,<20190405,82+19,82+19,59,6510404,Ålberga,Öppen,dp,Driftplats,10604,Åba
548,431aeb4a-6fc8-48d9-8b29-9e6e23593ccb,20251128,99991231,0.610034178712516,488,2,,599815,<20190405,72+775,72+775,8,6512758,Jönåker,Öppen,dp,Driftplats,10249,Jår
549,eb8ad45e-5aff-4de9-8878-cbfc06806afa,20251128,99991231,0.108300394744322,489,2,,606991,<20190405,65+290,65+290,29,6513804,Enstaberga,Öppen,dp,Driftplats,10099,Ebg
550,8bcc6ecf-029f-4cdd-b9aa-48041968c344,20251128,99991231,0.267999536552696,492,2,,621785,<20190405,"0+100","0+100",3,6505271,Oxelösund,Öppen,dp,Driftplats,3091,Oxd
551,d8c66539-7569-4f80-817f-a4f4e133ac1b,20251128,99991231,0.193112900124833,492,2,,621785,<20190405,"0+100","0+100",3,6505271,Oxelösund,Öppen,dp,Driftplats,3091,Oxd
552,35e55941-5fe4-478f-8b2d-919bac6a9d5c,20251128,99991231,0.034219600578865,492,2,,621785,<20190405,"0+100","0+100",3,6505271,Oxelösund,Öppen,dp,Driftplats,3091,Oxd
553,236b3697-f37f-4973-813a-e880bb744274,20251128,99991231,0.011711602032447,492,2,,621785,<20190405,"0+100","0+100",3,6505271,Oxelösund,Öppen,dp,Driftplats,3091,Oxd
554,ea9ce5ce-b1b1-45c5-aaf5-5757474d3e4d,20251128,99991231,0.000883676640689,492,2,,621785,<20190405,"0+100","0+100",3,6505271,Oxelösund,Öppen,dp,Driftplats,3091,Oxd
555,82b88519-26df-4fd4-8dac-daba40f6b5fb,20251128,99991231,0.561825592152113,494,2,,569013,<20190405,144+786,144+786,50,6530217,Strångsjö,Öppen,dp,Driftplats,10506,Stö
556,cef0185a-541c-447c-a97a-8800d395bda8,20251128,99991231,0.659887181860374,495,2,Stor,569475,<20190405,133+848,133+848,46,6540292,Katrineholms central,Öppen,dp,Driftplats,1968,K
557,5e37dba1-c7ec-4f35-8af8-9d245455add3,20251128,99991231,0.775541882017802,495,2,Stor,569475,<20190405,133+848,133+848,46,6540292,Katrineholms central,Öppen,dp,Driftplats,1968,K
558,dd93c563-0ea8-476f-b70e-54b32c740807,20251128,99991231,0.623522090128542,495,2,Stor,569475,<20190405,133+848,133+848,46,6540292,Katrineholms central,Öppen,dp,Driftplats,1968,K
559,2146bfae-4528-47f9-9f20-9addf4137d57,20251128,99991231,0.492150520329651,500,2,,589965,<20190405,55+598,55+598,42,6542478,Silinge,Öppen,dp,Driftplats,10456,Sii
560,c686dcf7-b98a-442b-81c6-9dd1cea83ceb,20251128,99991231,0.04984076340846,500,2,,589965,<20190405,55+598,55+598,42,6542478,Silinge,Öppen,dp,Driftplats,10456,Sii
561,26021705-8c46-424e-8f39-af68d8467c1e,20251128,99991231,0.498395807965758,502,2,Stor,590922,<20190405,110+784,110+784,30,6547472,Flen,Öppen,dp,Driftplats,901,Fle
562,109bea9a-5cd7-46b5-8401-ab7978d14f37,20251128,99991231,0.607561672243938,502,2,Stor,590922,<20190405,110+784,110+784,30,6547472,Flen,Öppen,dp,Driftplats,901,Fle
563,8f9745f3-82dd-42f7-8b55-75ade0748edf,20251128,99991231,0.20392374416262,503,2,,589338,<20190405,68+602,68+602,36,6552325,Mellösa,Öppen,dp,Driftplats,2676,Mlö
564,7348904f-388d-40ef-b06f-4222801a8b7e,20251128,99991231,0.193232513008765,504,2,,585915,<20190405,76+885,76+885,63,6559058,Hälleforsnäs,Öppen,dp,Driftplats,1658,Hnä
565,856df386-3f45-470b-872d-33424faa4a91,20251128,99991231,0.494127213065551,505,2,,583297,<20190405,88+854,88+854,43,6569101,Bälgviken,Öppen,dp,Driftplats,10072,Bgv
566,ca004996-0fe3-43ea-bc2e-37d73437163d,20251128,99991231,0.516069933473414,506,2,,583078,<20190405,93+642,93+642,32,6573835,Hållsta,Öppen,dp,Driftplats,10214,Hål
567,a2d785be-90e3-45d8-9e11-88e0f9600a92,20251128,99991231,0.496166616538615,507,2,,583829,<20190405,97+970,97+970,24,6577931,Skogstorp,Öppen,dp,Driftplats,10465,Skrp
568,277af545-ab99-4d71-8217-56788e40a48f,20251128,99991231,0.443315423893748,508,2,Stor,585559,<20190405,102+974,102+974,17,6582152,Eskilstuna central,Öppen,dp,Driftplats,806,Et
569,4ea4d0e0-ed53-43e6-8766-328efd3596d2,20251128,99991231,0.442666006395655,508,2,Stor,585559,<20190405,102+974,102+974,17,6582152,Eskilstuna central,Öppen,dp,Driftplats,806,Et
570,cee4449f-852b-431e-ac40-25202088bd22,20251128,99991231,0.554216399761095,508,2,Stor,585559,<20190405,102+974,102+974,17,6582152,Eskilstuna central,Öppen,dp,Driftplats,806,Et
571,844b74ad-c9c6-4c4d-888d-f90e04682f3f,20251128,99991231,0.576157516990379,508,2,Stor,585559,<20190405,102+974,102+974,17,6582152,Eskilstuna central,Öppen,dp,Driftplats,806,Et
572,4b77a308-33c4-488f-a7ba-cc3d1d26fe06,20251128,99991231,0.017594321896742,509,2,,582803,<20190405,90+785,90+785,11,6588118,Nybybruk,Öppen,lp,linjeplats,2961,Nbr
573,f9040a3c-c0c6-47a4-8d7f-09e4aa466a31,20251128,99991231,0.791402656015326,512,2,,502805,<20190405,268+157,268+157,93,6488556,Motala central,Öppen,dp,Driftplats,2751,Mot
574,"0e5c61f8-d6ed-49a0-80cd-0e0266f43f77",20251128,99991231,0.483904729374976,514,2,,508797,<20190405,247+442,247+442,118,6506825,Degerön,Öppen,dp,Driftplats,10081,D
575,7a01c4cc-c3c6-4d90-a1fa-c24cc6918b09,20251128,99991231,0.42236128002238,514,2,,508797,<20190405,247+442,247+442,118,6506825,Degerön,Öppen,dp,Driftplats,10081,D
576,1306b90d-3b71-4b48-8968-ce650dc96be9,20251128,99991231,0.598685592518006,517,2,,598495,<20190405,103+20,103+20,25,6548595,Skebokvarn,Öppen,dp,Driftplats,10464,Skv
577,7edc97cf-6495-4da4-a7a0-dd7a11a051d7,20251128,99991231,0.31799858894204,518,2,,604819,<20190405,95+990,95+990,27,6549930,Sparreholm,Öppen,dp,Driftplats,10485,Sp
578,5303c44b-0088-492d-bea1-a9dfba762f8b,20251128,99991231,0.687970435149143,522,2,,632674,<20190405,65+320,65+320,13,6547755,Gnesta,Öppen,dp,Driftplats,1108,Gn
579,57bb8358-c157-440b-a590-a5b1e00557b0,20251128,99991231,0.201410174296979,522,2,,632674,<20190405,65+320,65+320,13,6547755,Gnesta,Öppen,dp,Driftplats,1108,Gn
580,87768edd-eb07-45d0-8c97-f623607b64d6,20251128,99991231,0.500261401828826,530,2,,650758,<20190405,41+221,41+221,23,6558674,Bränninge,Öppen,dp,Driftplats,10064,Bre
581,aa05824e-6716-4303-b1f4-5fd101a603f6,20251128,99991231,0.507592555539525,530,2,,650758,<20190405,41+221,41+221,23,6558674,Bränninge,Öppen,dp,Driftplats,10064,Bre
582,aaac9993-d93b-4372-bf46-da40b505b3f0,20251128,99991231,0.234394660311854,532,2,,651279,<20190405,36+351,36+351,23,6562834,Södertälje hamn,Öppen,dpd,Driftplatsdel,3976,Söd
583,bae7775d-a1c1-4d6f-af7d-9da5153e6f05,20251128,99991231,0.266626562070439,532,2,,651279,<20190405,36+351,36+351,23,6562834,Södertälje hamn,Öppen,dpd,Driftplatsdel,3976,Söd
584,11a5ebdd-709b-45d9-aae2-a6613cb4f00e,20251128,99991231,0.506493329557968,532,2,,651279,<20190405,36+351,36+351,23,6562834,Södertälje hamn,Öppen,dpd,Driftplatsdel,3976,Söd
585,5511158a-29a4-47dd-834e-fadc0ea25dfb,20251128,99991231,0.22529366656309,532,2,,651279,<20190405,36+351,36+351,23,6562834,Södertälje hamn,Öppen,dpd,Driftplatsdel,3976,Söd
586,2438ce99-8143-4cdd-8cb7-622425bf1f33,20251128,99991231,0.336904328499702,532,2,,651279,<20190405,36+351,36+351,23,6562834,Södertälje hamn,Öppen,dpd,Driftplatsdel,3976,Söd
587,"0f8af679-07fa-4916-87be-6e78bb3e3611",20251128,99991231,0.721602611893881,533,2,Stor,650142,<20190405,37+957,37+957,4,6564295,Södertälje centrum,Öppen,dpd,Driftplatsdel,3955,Söc
588,a709ae5a-44f1-45b7-8da0-561f3379e0bb,20251128,99991231,0.72311130032105,533,2,Stor,650142,<20190405,37+957,37+957,4,6564295,Södertälje centrum,Öppen,dpd,Driftplatsdel,3955,Söc
589,5e7591da-85b5-4f4c-af18-cb1abe05b258,20251128,99991231,0.570481591266908,533,2,Stor,650142,<20190405,37+957,37+957,4,6564295,Södertälje centrum,Öppen,dpd,Driftplatsdel,3955,Söc
590,dfe8daaf-675a-4b02-a6eb-11e1e00395c6,20251128,99991231,0.587056171128063,533,2,Stor,650142,<20190405,37+957,37+957,4,6564295,Södertälje centrum,Öppen,dpd,Driftplatsdel,3955,Söc
591,cd8bfe8d-d26b-4473-8400-1be32daccd91,20251128,99991231,0.344619642665913,534,2,,669920,<20190405,"0+117","0+117",3,6532689,Nynäshamns centrum,Öppen,dpd,Driftplatsdel,10705,Nyc
592,3ecaf647-3238-413c-ba77-125693d2b168,20251128,99991231,0.1240064241885,534,2,,669920,<20190405,"0+117","0+117",3,6532689,Nynäshamns centrum,Öppen,dpd,Driftplatsdel,10705,Nyc
593,614f629e-c6bf-44b2-aeda-f3190fb4ea5f,20251128,99991231,0.74040687229339,535,2,,666805,<20190405,12+154,12+154,35,6541950,Ösmo,Öppen,dp,Driftplats,4903,Öso
594,b618b8c7-fe3f-4606-bc22-bcf25028e10c,20251128,99991231,0.542962160744316,537,2,,677618,<20190405,32+338,32+338,35,6557882,Västerhaninge,Öppen,dp,Driftplats,4617,Vhe
595,"0a827415-dfb4-475a-923b-6336b01bbbd0",20251128,99991231,0.56470939948454,538,2,,678848,<20190405,34+968,34+968,46,6560092,Jordbro,Öppen,dp,Driftplats,1841,Jbo
596,e6fdb61e-04d3-41d1-9a09-c97a3d0d56bc,20251128,99991231,0.748123134317711,539,2,,638984,<20190405,16+428,16+428,37,6562488,Nykvarn,Öppen,dp,Driftplats,2974,Nkv
597,ec0d8dd4-1139-4d4f-8e28-6ed6a9d4d71a,20251128,99991231,4.651162791e-06,541,2,,619480,<20190405,"0+0","0+0",13,6570019,Åkers styckebruk,Ejunderh,lp,linjeplats,4693,Åks
598,7e13b689-6c3d-464a-a28b-e43cf39185d6,20251128,99991231,0.851639197925171,544,2,,580301,<20190405,109+465,109+465,17,6585752,Folkesta,Öppen,dp,Driftplats,920,Fok
599,8591b4a7-38fb-4529-b097-ba1de19e0f51,20251128,99991231,0.870636229351344,544,2,,580301,<20190405,109+465,109+465,17,6585752,Folkesta,Öppen,dp,Driftplats,920,Fok
600,e8449f0a-727d-481d-9027-423e42fc64ed,20251128,99991231,0.469900429254895,545,2,,576073,<20190405,114+630,114+630,12,6588438,Rekarne,Öppen,dp,Driftplats,10419,Rke
601,270c3e5e-7855-448c-8fb4-77876b8ff0ca,20251128,99991231,0.498481179235836,545,2,,576073,<20190405,114+630,114+630,12,6588438,Rekarne,Öppen,dp,Driftplats,10419,Rke
602,3d2524b4-d24c-4856-a29e-0a535a29edc9,20251128,99991231,0.587571343278812,546,2,,562586,<20190405,129+170,129+170,4,6588208,Kungsör,Öppen,dp,Driftplats,2168,Kör
603,4617fd12-40ab-4fd9-9c2b-a968e0118d5a,20251128,99991231,0.220199064751541,547,2,,553946,<20190405,336+860,336+860,15,6589829,Valskog,Öppen,dp,Driftplats,10565,Vsg
604,a2c11be2-1b00-47c5-802f-d2b3aa40809b,20251128,99991231,0.644590872683224,548,2,,547732,<20190405,328+514,328+514,11,6584582,Arboga,Öppen,dp,Driftplats,167,Arb
605,e4b03165-59e5-47b9-aa73-2b622937c9fb,20251128,99991231,0.527534396964185,548,2,,547732,<20190405,328+514,328+514,11,6584582,Arboga,Öppen,dp,Driftplats,167,Arb
606,709b411f-f625-49f0-9ce5-4c2e58f61c1c,20251128,99991231,0.508241128077486,549,2,,540311,<20190405,320+616,320+616,18,6586561,Ålsäng,Öppen,dp,Driftplats,10605,Ålg
607,"0ac63cce-0572-4525-abe3-5e5cc1732183",20251128,99991231,0.508057035788146,549,2,,540311,<20190405,320+616,320+616,18,6586561,Ålsäng,Öppen,dp,Driftplats,10605,Ålg
608,f9dff32b-1b37-4d4f-8274-69608eca6d97,20251128,99991231,0.64494021788358,550,2,,533756,<20190405,313+779,313+779,26,6588400,Fellingsbro,Öppen,dp,Driftplats,858,Feb
609,5c6dae18-b2b0-4fb0-96c6-bbc7ad60728b,20251128,99991231,0.491372831920998,552,2,,571767,<20190405,209+872,209+872,4,6596523,Strömsholm,Öppen,dp,Driftplats,10508,Ssh
610,6adee1c4-5c3f-48ee-b32d-c486e3aa74ec,20251128,99991231,0.491458227035177,552,2,,571767,<20190405,209+872,209+872,4,6596523,Strömsholm,Öppen,dp,Driftplats,10508,Ssh
611,a5861746-c2e6-4026-a5fd-46b82e29f396,20251128,99991231,0.6884730971939,554,2,,556979,<20190405,145+566,145+567,3,6596853,Köping,Öppen,dp,Driftplats,2260,Kp
612,9a289061-47f7-4169-89ac-6548a13a78a0,20251128,99991231,0.695456070017638,554,2,,556979,<20190405,145+566,145+567,3,6596853,Köping,Öppen,dp,Driftplats,2260,Kp
613,7cc6417d-01d2-4c48-9e8f-9da7985ff083,20251128,99991231,0.672959013588055,554,2,,556979,<20190405,145+566,145+567,3,6596853,Köping,Öppen,dp,Driftplats,2260,Kp
614,10f7621d-be82-4d2a-8646-3e50d968bad0,20251128,99991231,0.966454992671485,559,2,Stor,648345,<20190405,65+675,65+739,7,6638550,Uppsala central,Öppen,dpd,Driftplatsdel,4351,U
615,8aa7f29c-bb57-43f2-8068-6dda58be6420,20251128,99991231,0.104784460446608,559,2,Stor,648345,<20190405,65+675,65+739,7,6638550,Uppsala central,Öppen,dpd,Driftplatsdel,4351,U
616,"0805808d-744d-4d89-8541-e40485c860c9",20251128,99991231,0.499207089744465,561,2,,646262,<20190405,68+115,68+115,11,6639501,Uppsala norra,Öppen,dpd,Driftplatsdel,10559,Una
617,35463884-9e06-4e7e-a9f7-ee208fb17615,20251128,99991231,0.498971526681694,561,2,,646262,<20190405,68+115,68+115,11,6639501,Uppsala norra,Öppen,dpd,Driftplatsdel,10559,Una
618,b51ebbed-5ad9-4e50-a520-750b70008271,20251128,99991231,0.468310971454823,564,2,,609611,<20190405,106+529,106+529,61,6645563,Morgongåva,Öppen,dp,Driftplats,2731,Må
619,6e98cff2-0493-49c0-b28d-e0f5c7589fb2,20251128,99991231,0.415870046917671,566,2,Stor,589691,<20190405,128+36,128+36,52,6644223,Sala,Öppen,dp,Driftplats,3352,Sl
620,ee879462-7887-4f37-ae7b-0b88eb243500,20251128,99991231,0.84315049643988,566,2,Stor,589691,<20190405,128+36,128+36,52,6644223,Sala,Öppen,dp,Driftplats,3352,Sl
621,114f2cb8-9951-4963-b7d3-0f1fc891da18,20251128,99991231,0.30219541900427,566,2,Stor,589691,<20190405,128+36,128+36,52,6644223,Sala,Öppen,dp,Driftplats,3352,Sl
622,e9d6f263-d5af-42e0-a328-7ffd947b0d39,20251128,99991231,0.265870462190087,567,2,,582684,<20190405,138+14,138+14,89,6650880,Broddbo,Öppen,dp,Driftplats,10053,Bdo
623,9d8f3b4a-7710-4ef4-ac30-305e135c074e,20251128,99991231,0.871769546173639,568,2,,575366,<20190405,150+36,150+36,100,6659821,Rosshyttan,Öppen,dp,Driftplats,10427,Ry
624,b82d60b9-2231-4568-b31f-7e8fced48a38,20251128,99991231,0.51473276076697,573,2,,617735,<20190405,73+382,73+382,28,6613682,Enköping,Öppen,dp,Driftplats,788,Ep
625,5a9e59b8-dc3b-4cda-aee5-cc97b2d042f1,20251128,99991231,0.506103453688592,575,2,,596811,<20190405,95+191,95+191,30,6616343,Gamla Tortuna,Ejunderh,lp,linjeplats,10127,Gttu
626,20942625-da21-4e2a-b81e-599f7a448494,20251128,99991231,0.295295721330471,575,2,,596811,<20190405,95+191,95+191,30,6616343,Gamla Tortuna,Ejunderh,lp,linjeplats,10127,Gttu
627,53ca2e11-037c-4c02-a817-0c4db90396e8,20251128,99991231,0.064964931099174,576,2,,591435,<20190405,"0+50","0+50",37,6617720,Tillberga,Öppen,dp,Driftplats,4097,Tb
628,8ea08d97-474c-4889-b44b-bcae824c2895,20251128,99991231,0.512833581626656,581,2,,568627,<20190405,17+60,17+60,62,6619365,Surahammar,Öppen,dp,Driftplats,3881,Shr
629,6b2e580a-bf0e-4f7d-8dd9-b2f0e3d3f68e,20251128,99991231,0.512239511514895,581,2,,568627,<20190405,17+60,17+60,62,6619365,Surahammar,Öppen,dp,Driftplats,3881,Shr
630,23fa89b7-b04f-47de-aaa2-108d8b907b3b,20251128,99991231,0.035419996911477,581,2,,568627,<20190405,17+60,17+60,62,6619365,Surahammar,Öppen,dp,Driftplats,3881,Shr
631,b84553e4-ff65-4179-be21-f3768504d8d8,20251128,99991231,0.683770988970607,583,2,,560711,<20190405,140+371,140+371,77,6637637,Virsbo,Öppen,dp,Driftplats,4532,Vso
632,d6d87d25-3a56-48af-bd00-4ce3ba7c99d3,20251128,99991231,0.695642683837345,584,2,,591990,<20190405,14+957,14+957,50,6631411,Ransta,Öppen,dp,Driftplats,3165,Rt
633,adef8bc5-08e3-4954-b2b2-b3822d1b530e,20251128,99991231,0.359923616966161,584,2,,591990,<20190405,14+957,14+957,50,6631411,Ransta,Öppen,dp,Driftplats,3165,Rt
634,2720f4b6-292f-448a-b61b-e11c58ce7307,20251128,99991231,0.544258120009432,587,2,,522531,<20190405,196+432,196+432,112,6666683,Smedjebacken,Öppen,dp,Driftplats,3631,Smj
635,274e9119-8422-459f-9e88-7dbf4f0eaa95,20251128,99991231,0.446810051399748,587,2,,522531,<20190405,196+432,196+432,112,6666683,Smedjebacken,Öppen,dp,Driftplats,3631,Smj
636,3a87cea3-1795-4216-830c-533031498125,20251128,99991231,0.405083118400418,587,2,,522531,<20190405,196+432,196+432,112,6666683,Smedjebacken,Öppen,dp,Driftplats,3631,Smj
637,"0435217e-562e-4afe-9dbb-effcf2a1e656",20251128,99991231,0.455378480898516,588,2,,583558,<20190405,94+275,94+275,5,6418113,Gamleby,Öppen,dp,Driftplats,1044,Gal
638,aac77cda-77f1-42bb-86be-56b506702d64,20251128,99991231,0.636018385005481,588,2,,583558,<20190405,94+275,94+275,5,6418113,Gamleby,Öppen,dp,Driftplats,1044,Gal
639,715adabf-4b8e-469c-841b-fdc17358298a,20251128,99991231,0.560403586849676,593,2,,503515,<20190405,210+57,210+57,106,6539851,Åsbro,Öppen,dp,Driftplats,4756,Å
640,ccfbe49e-f4a2-447f-a3f6-3a9261f887d6,20251128,99991231,0.513408024315672,593,2,,503515,<20190405,210+57,210+57,106,6539851,Åsbro,Öppen,dp,Driftplats,4756,Å
641,ca324cfd-d272-48a6-b857-6b607f68ef34,20251128,99991231,0.997269942978769,594,2,,505104,<20190405,10+772,10+772,109,6542280,Skymossen,Öppen,dpd,Driftplatsdel,5000,Skms
642,34f78b9b-85c6-4796-83ff-445844804d33,20251128,99991231,0.506751328144511,595,2,,519501,<20190405,185+825,185+825,83,6547214,Pålsboda,Öppen,dp,Driftplats,10414,På
643,995317a3-ef1b-4fc0-bfc2-2dae712fbf23,20251128,99991231,0.599202256966733,596,2,,508068,<20190405,206+620,206+620,52,6554263,Kumla,Öppen,dp,Driftplats,2155,Kla
644,9385a5e7-d542-4bc9-a399-a68111f625cb,20251128,99991231,0.355652576922002,598,2,,512022,<20190405,224+164,224+164,27,6571051,Örebro central,Öppen,dp,Driftplats,4878,Ör
645,1859386a-1cce-4dcc-b28b-4bfaffb3b577,20251128,99991231,0.179396472999893,598,2,,512022,<20190405,224+164,224+164,27,6571051,Örebro central,Öppen,dp,Driftplats,4878,Ör
646,afa8bcfb-3fda-4d6a-b0e0-f76e2072f535,20251128,99991231,0.873922821921858,601,2,Stor,520611,<20190405,249+520,300+0,42,6592180,Frövi,Öppen,dp,Driftplats,990,Fv
647,8b077298-53a5-4a57-b28a-57889ef01434,20251128,99991231,0.849694393370072,601,2,Stor,520611,<20190405,249+520,300+0,42,6592180,Frövi,Öppen,dp,Driftplats,990,Fv
648,382a5cc0-db84-40e4-ba5e-ddeb28b03c15,20251128,99991231,0.808648257451664,601,2,Stor,520611,<20190405,249+520,300+0,42,6592180,Frövi,Öppen,dp,Driftplats,990,Fv
649,c97dc59a-e846-47dd-98f2-f0d03845c17a,20251128,99991231,0.000620342823827,601,2,Stor,520611,<20190405,249+520,300+0,42,6592180,Frövi,Öppen,dp,Driftplats,990,Fv
650,3014714c-98d1-42ac-9f7c-221a3e1a8e7d,20251128,99991231,0.080175571515212,602,2,,501091,<20190405,204+889,204+889,74,6545639,Tälle,Öppen,dpd,Driftplatsdel,10553,Täl
651,dc16eaf8-be38-4262-8638-593aa3d43a60,20251128,99991231,0.899278370881588,602,2,,501091,<20190405,204+889,204+889,74,6545639,Tälle,Öppen,dpd,Driftplatsdel,10553,Täl
652,94c7c8b3-3752-4bf2-8985-ca9fabdc983f,20251128,99991231,0.997130068678939,603,2,Stor,506379,<20190405,199+393,199+397,52,6547530,Hallsbergs personbangård,Öppen,dpd,Driftplatsdel,1374,Hpbg
653,9a2afcdf-cb9c-4117-98f6-7135b6018b15,20251128,99991231,0.453326526565214,603,2,Stor,506379,<20190405,199+393,199+397,52,6547530,Hallsbergs personbangård,Öppen,dpd,Driftplatsdel,1374,Hpbg
654,d82ff471-8de9-44f5-a793-17d08b1269df,20251128,99991231,0.326802209826138,603,2,Stor,506379,<20190405,199+393,199+397,52,6547530,Hallsbergs personbangård,Öppen,dpd,Driftplatsdel,1374,Hpbg
655,bc565532-a0f6-4060-a17b-605426b287e2,20251128,99991231,0.929213641020836,603,2,Stor,506379,<20190405,199+393,199+397,52,6547530,Hallsbergs personbangård,Öppen,dpd,Driftplatsdel,1374,Hpbg
656,23a3b3c8-7453-48d1-9f0d-b1be03a6e203,20251128,99991231,0.718485482028263,603,2,Stor,506379,<20190405,199+393,199+397,52,6547530,Hallsbergs personbangård,Öppen,dpd,Driftplatsdel,1374,Hpbg
657,97491244-887f-446e-baf7-fdaa278c6695,20251128,99991231,0.518591641671788,604,2,,498929,<20190405,207+274,207+274,94,6545133,Östansjö,Öppen,dpd,Driftplatsdel,10630,Öj
658,d99c6186-9e9d-4110-a08f-11498b4d27bb,20251128,99991231,0.750382080458191,604,2,,498929,<20190405,207+274,207+274,94,6545133,Östansjö,Öppen,dpd,Driftplatsdel,10630,Öj
659,dce2a261-936b-4e57-98cd-18bc0cb90180,20251128,99991231,0.699274034373543,606,2,Stor,477851,<20190405,229+529,229+529,94,6538882,Laxå,Öppen,dp,Driftplats,2318,Lå
660,562ae728-f04d-4d06-8c8b-d20a4abb2505,20251128,99991231,0.652356374786972,606,2,Stor,477851,<20190405,229+529,229+529,94,6538882,Laxå,Öppen,dp,Driftplats,2318,Lå
661,dc6f7cae-127e-4650-8f3f-54546135cf27,20251128,99991231,0.72972233619638,606,2,Stor,477851,<20190405,229+529,229+529,94,6538882,Laxå,Öppen,dp,Driftplats,2318,Lå
662,4408f4bb-5376-437d-a8ab-7c21a04d5707,20251128,99991231,0.727238480893768,608,2,Stor,461584,<20190405,252+242,252+242,156,6526005,Gårdsjö,Öppen,dp,Driftplats,1266,Gdö
663,d1d9ef68-b2c1-429d-90d8-df1c63100001,20251128,99991231,0.771515768433025,608,2,Stor,461584,<20190405,252+242,252+242,156,6526005,Gårdsjö,Öppen,dp,Driftplats,1266,Gdö
664,60206b07-02af-4477-b148-65ac07f554e5,20251128,99991231,0.706879259122475,610,2,,453776,<20190405,266+585,266+585,133,6514095,Slätte,Öppen,dp,Driftplats,10477,Sle
665,b62340ce-2d38-4104-8590-13637c8f9f1a,20251128,99991231,0.245131481115463,611,2,,449426,<20190405,274+521,274+521,93,6507486,Töreboda,Öppen,dp,Driftplats,4297,T
666,3ce23c2b-fa5b-4542-8a72-55bd2deaeeff,20251128,99991231,0.316743069164593,612,2,,444231,<20190405,286+500,286+500,79,6496706,Moholm,Öppen,dp,Driftplats,10364,Mh
667,78548efb-8eef-49e6-b60b-53aa6fb25d19,20251128,99991231,0.113868983378601,613,2,,439371,<20190405,298+158,298+158,75,6486125,Väring,Öppen,dp,Driftplats,10595,Vä
668,2c9999a3-143b-4d6b-b852-a58a9ea0c989,20251128,99991231,0.528731485798539,619,2,,412399,<20190405,63+731,63+731,58,6498511,Forshem,Öppen,dp,Driftplats,937,Fhm
669,53a4b23f-35d6-4102-ba1c-b0b741207e18,20251128,99991231,0.485123801338401,619,2,,412399,<20190405,63+731,63+731,58,6498511,Forshem,Öppen,dp,Driftplats,937,Fhm
670,3a5bb46f-abfd-4d3b-9157-c06e9108a021,20251128,99991231,0.727408361939195,620,2,,431970,<20190405,38+993,38+993,48,6508497,Mariestad,Öppen,dp,Driftplats,2652,Mst
671,2e044d0c-8972-4ead-b16a-f6ad464bbc23,20251128,99991231,0.53994740521319,620,2,,431970,<20190405,38+993,38+993,48,6508497,Mariestad,Öppen,dp,Driftplats,2652,Mst
672,14ff6dcd-5be5-4950-b81f-7bfac10ecc7d,20251128,99991231,0.993971172377477,621,2,,445493,<20190405,21+59,21+59,66,6518716,Lyrestad,Öppen,dp,Driftplats,2507,Lyd
673,57e227dd-3957-489e-b9dd-590717832ad8,20251128,99991231,0.784658424339953,621,2,,445493,<20190405,21+59,21+59,66,6518716,Lyrestad,Öppen,dp,Driftplats,2507,Lyd
674,d7074c16-2822-40dd-aec2-20a5b1c44a50,20251128,99991231,0.694691516458474,622,2,,454721,<20190405,8+737,8+737,107,6524147,Hova,Öppen,dp,Driftplats,1569,Hova
675,1549329d-1e2b-4f55-97e3-e4165aa21993,20251128,99991231,0.37306577557003,622,2,,454721,<20190405,8+737,8+737,107,6524147,Hova,Öppen,dp,Driftplats,1569,Hova
676,96edc333-6416-4c15-aee4-fe28baa4fa79,20251128,99991231,0.492084234171409,624,2,,466437,<20190405,266+599,266+599,116,6568109,Strömtorp,Öppen,dp,Driftplats,10509,Srt
677,af2902ec-5f86-452d-b93f-25e5dc6cc6a1,20251128,99991231,0.390258135584171,625,2,,474222,<20190405,59+227,59+227,113,6577255,Bofors,Öppen,dp,Driftplats,398,Bof
678,b09cb440-63bc-446d-8337-e602ae394ec6,20251128,99991231,0.40904047645755,626,2,,468061,<20190405,263+566,263+566,99,6565672,Degerfors,Öppen,dp,Driftplats,662,Dg
679,"00aafe79-dfbd-479d-8081-a31ff7f48c49",20251128,99991231,0.340800198148096,626,2,,468061,<20190405,263+566,263+566,99,6565672,Degerfors,Öppen,dp,Driftplats,662,Dg
680,972255bf-2893-4f2d-bc43-39604714a11d,20251128,99991231,0.309512577687859,626,2,,468061,<20190405,263+566,263+566,99,6565672,Degerfors,Öppen,dp,Driftplats,662,Dg
681,94c78e5b-c122-4b94-a79c-d9c64d670069,20251128,99991231,0.932876821202173,627,2,,472292,<20190405,251+528,251+528,97,6554886,Svartå,Öppen,dp,Driftplats,10514,Svå
682,2d76c143-ddab-4787-98a9-ed87a3d23ccd,20251128,99991231,0.564675506855288,629,2,,457239,<20190405,277+823,277+823,121,6567502,Björneborg,Öppen,dp,Driftplats,336,Bjb
683,25c241ac-5c19-416b-a513-8593f2d72047,20251128,99991231,0.322927563311618,629,2,,457239,<20190405,277+823,277+823,121,6567502,Björneborg,Öppen,dp,Driftplats,336,Bjb
684,f291c6d2-8ba9-45eb-be09-6a63c8f3d128,20251128,99991231,0.192286258188525,630,2,Stor,449176,<20190405,289+918,289+918,52,6575736,Kristinehamn,Öppen,dp,Driftplats,2120,Khn
685,e416e410-4d9d-41e6-a726-4be1e7701d7a,20251128,99991231,0.408268646799483,630,2,Stor,449176,<20190405,289+918,289+918,52,6575736,Kristinehamn,Öppen,dp,Driftplats,2120,Khn
686,ac30e8bf-3080-4c68-a112-7fbb0f7dab12,20251128,99991231,0.168887663389017,630,2,Stor,449176,<20190405,289+918,289+918,52,6575736,Kristinehamn,Öppen,dp,Driftplats,2120,Khn
687,5d62662e-7fac-408b-b47a-c32aa2214519,20251128,99991231,0.710726634099322,630,2,Stor,449176,<20190405,289+918,289+918,52,6575736,Kristinehamn,Öppen,dp,Driftplats,2120,Khn
688,64ec07f2-6fa2-4952-86e8-0ebc43d70be6,20251128,99991231,0.706924405715486,631,2,,443459,<20190405,298+159,298+159,49,6580661,Ölme,Öppen,dp,Driftplats,10624,Öl
689,ea8553e3-260c-4025-8c9b-9856e50bc748,20251128,99991231,0.795362774226236,631,2,,443459,<20190405,298+159,298+159,49,6580661,Ölme,Öppen,dp,Driftplats,10624,Öl
690,d7ff33b7-5686-4c5e-82d5-5a9d74d1fd3d,20251128,99991231,0.459711854733856,632,2,,434849,<20190405,307+210,307+210,56,6583110,Väse,Öppen,dp,Driftplats,4609,Ve
691,4b01f02a-42ee-4b86-b029-78e49a34584b,20251128,99991231,0.321933028516644,633,2,,424602,<20190405,319+213,319+213,49,6586299,Skattkärr,Öppen,dp,Driftplats,10462,Srr
692,285c69b8-dd69-4a04-8a69-c764a389bc26,20251128,99991231,0.134199685377753,633,2,,424602,<20190405,319+213,319+213,49,6586299,Skattkärr,Öppen,dp,Driftplats,10462,Srr
693,7005bf71-08d5-4c61-b4a3-112ffa48c9bf,20251128,99991231,0.703060858858322,634,2,Stor,415798,<20190405,329+63,329+63,48,6583530,Karlstads östra,Öppen,dpd,Driftplatsdel,10721,Kö
694,a7fb7fa6-9a30-43d2-9217-199d86460d5b,20251128,99991231,0.507996064357129,637,2,Stor,404670,<20190405,349+495,349+495,98,6597465,Kil,Öppen,dp,Driftplats,1982,Kil
695,ad0df2c3-3f33-4240-8be3-2ade0db233db,20251128,99991231,0.561144490926218,637,2,Stor,404670,<20190405,349+495,349+495,98,6597465,Kil,Öppen,dp,Driftplats,1982,Kil
696,95c1b768-9a3b-4677-99be-ca3fae252127,20251128,99991231,0.535734159080895,637,2,Stor,404670,<20190405,349+495,349+495,98,6597465,Kil,Öppen,dp,Driftplats,1982,Kil
697,851259b9-3d5f-4457-8a25-2d793ea321b9,20251128,99991231,0.533038082797027,637,2,Stor,404670,<20190405,349+495,349+495,98,6597465,Kil,Öppen,dp,Driftplats,1982,Kil
698,bfaa1c7c-8ece-4348-b799-1812e0320586,20251128,99991231,0.57946087823507,637,2,Stor,404670,<20190405,349+495,349+495,98,6597465,Kil,Öppen,dp,Driftplats,1982,Kil
699,3d72de08-32fb-44c8-bc7e-91f763cf1a83,20251128,99991231,0.463047830152321,637,2,Stor,404670,<20190405,349+495,349+495,98,6597465,Kil,Öppen,dp,Driftplats,1982,Kil
700,694f5288-4411-4e98-ba80-9558663d850f,20251128,99991231,0.622612270942857,637,2,Stor,404670,<20190405,349+495,349+495,98,6597465,Kil,Öppen,dp,Driftplats,1982,Kil
701,8a44828f-c61d-464d-b33d-4378c17b88e7,20251128,99991231,0.289621635235103,637,2,Stor,404670,<20190405,349+495,349+495,98,6597465,Kil,Öppen,dp,Driftplats,1982,Kil
702,239e3102-ee4b-4b2d-8f41-799a0d95f514,20251128,99991231,0.792178295241656,638,2,,389860,<20190405,365+982,365+982,81,6603750,Högboda,Öppen,dp,Driftplats,1728,Hbd
703,8cf81b28-d127-445b-8f6c-a9244f774714,20251128,99991231,0.820974090100826,639,2,,377579,<20190405,383+6,383+6,61,6611852,Edane,Öppen,dp,Driftplats,732,En
704,dee02dce-abc9-45a9-9a01-a4429f211d38,20251128,99991231,0.81706946139595,639,2,,377579,<20190405,383+6,383+6,61,6611852,Edane,Öppen,dp,Driftplats,732,En
705,b6354c06-717b-4690-b5c0-2d206673f34e,20251128,99991231,0.798498360645929,643,2,,396677,<20190405,20+322,20+322,91,6615090,Bäckebron,Öppen,dp,Driftplats,571,Bäb
706,4eee1e4d-7667-486b-9fa6-c9dccff5eb8f,20251128,99991231,0.423668528055303,643,2,,396677,<20190405,20+322,20+322,91,6615090,Bäckebron,Öppen,dp,Driftplats,571,Bäb
707,a0c979a3-70a3-4a2b-9363-457197c53d20,20251128,99991231,0.212858236754522,644,2,,394989,<20190405,36+10,36+10,71,6630060,Rottneros,Öppen,dp,Driftplats,3238,Rts
708,f6988f09-96e8-4c4a-8578-49cfecee1319,20251128,99991231,0.146727023548855,644,2,,394989,<20190405,36+10,36+10,71,6630060,Rottneros,Öppen,dp,Driftplats,3238,Rts
709,31017fe7-adc9-41ed-8dc4-cfb6e7526d21,20251128,99991231,0.145540635042452,644,2,,394989,<20190405,36+10,36+10,71,6630060,Rottneros,Öppen,dp,Driftplats,3238,Rts
710,1e700517-00c3-488b-97a9-d83532927bba,20251128,99991231,0.617417983274691,645,2,,396262,<20190405,40+907,40+907,68,6634543,Sunne,Öppen,dp,Driftplats,3873,Sun
711,a317c8d0-47fb-4f69-a27d-7837aee81fe7,20251128,99991231,0.185496622176716,645,2,,396262,<20190405,40+907,40+907,68,6634543,Sunne,Öppen,dp,Driftplats,3873,Sun
712,5214ded4-a16f-4a08-ac2b-4989363037ef,20251128,99991231,0.762486898845306,646,2,,396189,<20190405,61+908,61+908,76,6654649,Lysvik,Öppen,dp,Driftplats,2511,Lyv
713,220d787e-8a68-4313-a07b-401e1b4edd22,20251128,99991231,0.502426068805264,646,2,,396189,<20190405,61+908,61+908,76,6654649,Lysvik,Öppen,dp,Driftplats,2511,Lyv
714,8b498ea0-d8e8-449a-9e15-0169f7b85575,20251128,99991231,0.499542280255037,650,2,,441682,<20190405,198+926,198+926,170,6607145,Geijersdal,Öppen,dp,Driftplats,10133,Gdl
715,dfd2ffbc-d9e9-439c-ac13-e36204cc684b,20251128,99991231,0.457873969184748,651,2,,454415,<20190405,184+809,184+809,132,6611836,Daglösen,Öppen,dp,Driftplats,631,Dgö
716,e2de1b59-079a-4a21-a4bd-5d7c23acd7a8,20251128,99991231,0.144306628750793,651,2,,454415,<20190405,184+809,184+809,132,6611836,Daglösen,Öppen,dp,Driftplats,631,Dgö
717,a6b62f14-8d12-4b4e-9a83-1d58eef9cef6,20251128,99991231,0.765619924351919,652,2,,452706,<20190405,192+986,192+986,141,6619231,Filipstad,Öppen,lp,linjeplats,862,Fid
718,8004d016-4ef2-4828-a009-add93d899044,20251128,99991231,0.670878260436303,652,2,,452706,<20190405,192+986,192+986,141,6619231,Filipstad,Öppen,lp,linjeplats,862,Fid
719,4ebf80ee-53f6-40bd-9990-e25736a653e2,20251128,99991231,0.500082858453941,653,2,,461150,<20190405,174+395,174+395,183,6612623,Herrhult,Öppen,dp,Driftplats,10197,Hlt
720,33dc672b-5c2e-48ee-8af5-9a8dfa002d87,20251128,99991231,0.539656909857839,656,2,,472938,<20190405,143+660,143+660,188,6626758,Hällefors,Öppen,dp,Driftplats,1667,Hlf
721,c7da4d44-0b85-416e-9aa4-ff0681394d05,20251128,99991231,0.270120125304138,659,2,,392752,<20190405,268+50,268+50,50,6580879,Grums,Öppen,dp,Driftplats,1165,Gms
722,967b874a-3cda-4b29-b150-51dd96a769ed,20251128,99991231,0.177063068610823,659,2,,392752,<20190405,268+50,268+50,50,6580879,Grums,Öppen,dp,Driftplats,1165,Gms
723,da252b15-7dd9-4e8d-bb64-eefd401babce,20251128,99991231,0.177063068610823,659,2,,392752,<20190405,268+50,268+50,50,6580879,Grums,Öppen,dp,Driftplats,1165,Gms
724,d1af0475-6f61-4a95-bc0e-a21c24843467,20251128,99991231,0.208051423805421,659,2,,392752,<20190405,268+50,268+50,50,6580879,Grums,Öppen,dp,Driftplats,1165,Gms
725,40cd7bab-6855-44c4-bdfa-23a2da11f89c,20251128,99991231,0.181747529756828,661,2,,386518,<20190405,288+730,288+730,51,6562380,Värmlands Bro,Öppen,dp,Driftplats,4601,Vdb
726,6949d119-ccac-4d32-8603-b069ab33703b,20251128,99991231,0.861098463849693,662,2,,380755,<20190405,297+446,297+446,58,6556651,Säffle,Öppen,dp,Driftplats,3935,Sfl
727,d8193ede-b7e7-448e-9887-793a87df6973,20251128,99991231,0.321090202147277,662,2,,380755,<20190405,297+446,297+446,58,6556651,Säffle,Öppen,dp,Driftplats,3935,Sfl
728,59541f87-204e-467a-94aa-98bdeb2b5b12,20251128,99991231,0.544624890297388,663,2,,367959,<20190405,313+705,313+705,49,6547498,Åmål,Öppen,dp,Driftplats,4715,Ål
729,ea8358c1-2d4b-49ca-bc1e-3fb73746b231,20251128,99991231,0.293829348744862,663,2,,367959,<20190405,313+705,313+705,49,6547498,Åmål,Öppen,dp,Driftplats,4715,Ål
730,a38e4dd7-eb0e-4b69-ac7b-ce8f1faba1ce,20251128,99991231,0.184261188178197,663,2,,367959,<20190405,313+705,313+705,49,6547498,Åmål,Öppen,dp,Driftplats,4715,Ål
731,5e0c5eb9-2d3d-4482-8cd2-b3edecd3b290,20251128,99991231,0.608255149909543,665,2,,364511,<20190405,322+877,322+877,58,6539251,Tösse,Öppen,dp,Driftplats,10554,Töe
732,d4b2efd5-499d-489c-8c62-4cc2ea5d9ff1,20251128,99991231,0.592353920830351,665,2,,364511,<20190405,322+877,322+877,58,6539251,Tösse,Öppen,dp,Driftplats,10554,Töe
733,d8d7013d-5387-496d-9537-d938738d769b,20251128,99991231,0.614938003508168,666,2,,359853,<20190405,334+360,334+360,61,6528928,Ånimskog,Öppen,dp,Driftplats,10609,Ånm
734,c787d0fb-3c40-4c24-9223-c6967d66879c,20251128,99991231,0.517473716919162,666,2,,359853,<20190405,334+360,334+360,61,6528928,Ånimskog,Öppen,dp,Driftplats,10609,Ånm
735,6676fe94-f714-4d2f-b9b1-f46d0ae087fc,20251128,99991231,0.236352042488505,667,2,,355839,<20190405,347+145,347+145,48,6516952,Köpmannebro,Öppen,dp,Driftplats,10305,Kpm
736,34693746-d08b-4fc6-8402-88caca2f09c2,20251128,99991231,0.091807294086949,667,2,,355839,<20190405,347+145,347+145,48,6516952,Köpmannebro,Öppen,dp,Driftplats,10305,Kpm
737,4f6d6b35-1245-479f-9f83-a5f8bacd744b,20251128,99991231,0.879461046808788,668,2,Stor,353111,<20190405,355+75,355+75,54,6509629,Mellerud,Öppen,dp,Driftplats,2674,Ml
738,15c11f53-708b-418b-8d5a-5a0af538fe00,20251128,99991231,0.504647867569382,668,2,Stor,353111,<20190405,355+75,355+75,54,6509629,Mellerud,Öppen,dp,Driftplats,2674,Ml
739,d45c2200-0011-4cc3-af0f-2cdf867d0be5,20251128,99991231,0.548923368054166,668,2,Stor,353111,<20190405,355+75,355+75,54,6509629,Mellerud,Öppen,dp,Driftplats,2674,Ml
740,"05372105-4314-4b6d-8226-f4e8c1949105",20251128,99991231,0.209836440286817,668,2,Stor,353111,<20190405,355+75,355+75,54,6509629,Mellerud,Öppen,dp,Driftplats,2674,Ml
741,2d761e8a-1fd9-405e-b225-c4c6cf8a1595,20251128,99991231,0.463091586107964,669,2,,351282,<20190405,12+484,12+484,51,6521237,Åsensbruk,Öppen,dp,Driftplats,4760,Åb
742,92f3caa3-e577-4f40-9818-7a041e7832c1,20251128,99991231,0.706090809544777,669,2,,351282,<20190405,12+484,12+484,51,6521237,Åsensbruk,Öppen,dp,Driftplats,4760,Åb
743,e580a3b5-45a4-4da8-8414-9002ed954c52,20251128,99991231,0.632202495024964,670,2,,344921,<20190405,29+985,29+985,71,6534651,Dals Långed,Öppen,dp,Driftplats,647,Dld
744,83e056c0-eb2d-406b-8a28-5ec7a0aa4a2d,20251128,99991231,0.834344505539442,671,2,,341933,<20190405,38+216,38+216,84,6541296,Billingsfors,Öppen,dp,Driftplats,291,Bfo
745,7b628815-8736-4426-a30b-5fb84d8ea655,20251128,99991231,0.788192143663601,671,2,,341933,<20190405,38+216,38+216,84,6541296,Billingsfors,Öppen,dp,Driftplats,291,Bfo
746,"0e532c78-e235-4c22-965a-26a3dfd64bd0",20251128,99991231,0.987585360235653,672,2,,341299,<20190405,43+779,43+779,112,6546555,Bengtsfors,Öppen,dp,Driftplats,256,Bef
747,fc59cc5b-1998-4ea2-bfef-c1293c2ef2d8,20251128,99991231,0.726125031626668,673,2,,335901,<20190405,26+323,26+323,150,6521746,Bäckefors,Öppen,dp,Driftplats,10071,Bäf
748,1d6598a6-74a4-4a64-9472-a706e2584351,20251128,99991231,0.658914561492859,673,2,,335901,<20190405,26+323,26+323,150,6521746,Bäckefors,Öppen,dp,Driftplats,10071,Bäf
749,98d94a26-8f82-439b-bae6-d8c96b2017b6,20251128,99991231,0.501911844212477,674,2,,323384,<20190405,44+600,44+600,143,6534469,Ed,Öppen,dp,Driftplats,731,Ed
750,a7b8765c-c2ed-4e22-b878-3a37930b9e92,20251128,99991231,0.561400993979383,674,2,,323384,<20190405,44+600,44+600,143,6534469,Ed,Öppen,dp,Driftplats,731,Ed
751,84ec395d-cbca-407e-bbf0-4a56dd503076,20251128,99991231,0.287736786731967,675,2,,307786,<20190405,169+120,169+120,145,6538319,Kornsjö gränsen,Öppen,dp,Driftplats,2084,Ko
752,ebf1fe20-6e5f-4b49-ade0-0b027181d504,20251128,99991231,0.995876247361796,676,2,Stor,279823,<20190405,180+486,180+486,3,6539287,Strömstad,Öppen,dp,Driftplats,3826,Smd
753,5ad74c90-d8b9-41ae-ba68-b9042ae328ec,20251128,99991231,0.506659138987624,677,2,,285477,<20190405,148+130,148+130,9,6514089,Tanum,Öppen,dp,Driftplats,4069,Tnu
754,5fce35d3-ba7d-4898-9d5e-24fcf81bdb6e,20251128,99991231,0.506659157037219,677,2,,285477,<20190405,148+130,148+130,9,6514089,Tanum,Öppen,dp,Driftplats,4069,Tnu
755,bcb7fc59-5a1c-48b3-9b14-1a55158da538,20251128,99991231,0.534290780382867,678,2,,300842,<20190405,119+226,119+226,43,6492745,Dingle,Öppen,dp,Driftplats,680,Dl
756,1a562ab4-3275-45a0-8644-0524a6e0ac97,20251128,99991231,0.522046582412382,678,2,,300842,<20190405,119+226,119+226,43,6492745,Dingle,Öppen,dp,Driftplats,680,Dl
757,a85cd48e-08d5-4e32-b10f-cfb5df944959,20251128,99991231,0.1984353366067,679,2,,348856,<20190405,432+105,432+105,125,6641478,Charlottenberg,Öppen,dp,Driftplats,620,Cg
758,3a1d6dc4-9832-40bf-8a88-d11d78631934,20251128,99991231,0.311712343080841,680,2,,389068,<20190405,82+304,82+304,96,6668289,Torsby,Öppen,dp,Driftplats,4165,Toy
759,404e87ea-cddb-4ce5-b2d7-c20b87b8867b,20251128,99991231,0.22753880447084,680,2,,389068,<20190405,82+304,82+304,96,6668289,Torsby,Öppen,dp,Driftplats,4165,Toy
760,6058fd90-60de-4ba7-8e42-eabbee22a33b,20251128,99991231,0.524026541598144,685,2,,530716,<20190405,174+562,174+562,75,6547490,Kilsmo,Öppen,dp,Driftplats,10266,Km
761,a9b3ba69-8cda-4c7c-a49d-5efbaee9b8db,20251128,99991231,0.507888035371143,686,2,,541469,<20190405,163+515,163+515,64,6545852,Högsjö,Öppen,dp,Driftplats,10228,Hgö
762,77c9e65f-14c5-40f1-835e-aef430a5bc57,20251128,99991231,0.702675184931724,686,2,,541469,<20190405,163+515,163+515,64,6545852,Högsjö,Öppen,dp,Driftplats,10228,Hgö
763,48725276-ab88-4ce3-b909-b9cddab58f08,20251128,99991231,0.012460848782033,688,2,,561163,<20190405,142+298,142+325,41,6541610,Baggetorp,Öppen,dp,Driftplats,10024,Bt
764,79fd53f6-7135-4aab-870f-8decbb903901,20251128,99991231,0.430350197624426,688,2,,561163,<20190405,142+298,142+325,41,6541610,Baggetorp,Öppen,dp,Driftplats,10024,Bt
765,dcb53ec8-5247-4dfb-834c-d762f1e0e2c2,20251128,99991231,0.660502337776256,689,2,,341178,<20190405,388+160,388+160,73,6479627,Bjurhem,Öppen,dp,Driftplats,10030,Bjh
766,1215f891-35d6-4450-844a-adcc68951031,20251128,99991231,0.660600984492779,689,2,,341178,<20190405,388+160,388+160,73,6479627,Bjurhem,Öppen,dp,Driftplats,10030,Bjh
767,a593764d-bcca-44e3-9059-c201f7f82e9d,20251128,99991231,0.564505613295438,690,2,,347369,<20190405,31+8,31+8,58,6471725,Vargön,Öppen,dp,Driftplats,4433,Vag
768,79699326-16cd-4256-ae0e-6daabec01b5d,20251128,99991231,0.828214423829308,690,2,,347369,<20190405,31+8,31+8,58,6471725,Vargön,Öppen,dp,Driftplats,4433,Vag
769,1c880992-7828-4a3b-80f6-d373aa050b6a,20251128,99991231,0.262815076373197,691,2,,364503,<20190405,49+567,49+567,59,6468292,Grästorp,Öppen,dp,Driftplats,1198,Gop
770,5409655e-84a9-40f0-b5c4-58220679d549,20251128,99991231,0.55144381550255,695,2,Stor,319985,<20190405,88+485,88+485,7,6472264,Uddevalla central,Öppen,dp,Driftplats,4314,Uv
771,6fb55357-bbc1-4ec4-9261-1d9833efa6cd,20251128,99991231,0.016536389837046,695,2,Stor,319985,<20190405,88+485,88+485,7,6472264,Uddevalla central,Öppen,dp,Driftplats,4314,Uv
772,e900ac79-c4f9-45c5-879d-6946326d0366,20251128,99991231,0.011602650849137,695,2,Stor,319985,<20190405,88+485,88+485,7,6472264,Uddevalla central,Öppen,dp,Driftplats,4314,Uv
773,a6451021-2ff4-4fdb-bd26-fc8926fac163,20251128,99991231,0.595076641453844,696,2,,306075,<20190405,109+465,109+465,23,6485490,Munkedal,Öppen,dp,Driftplats,2766,Mkl
774,91d964cd-aaa4-46aa-b512-b034dc36dee6,20251128,99991231,0.548460913620882,696,2,,306075,<20190405,109+465,109+465,23,6485490,Munkedal,Öppen,dp,Driftplats,2766,Mkl
775,743e8533-6290-45c9-9b7d-9224e7152e2e,20251128,99991231,0.514872917209238,696,2,,306075,<20190405,109+465,109+465,23,6485490,Munkedal,Öppen,dp,Driftplats,2766,Mkl
776,"043ddd4a-bacd-4828-9f77-c04e3755a8fe",20251128,99991231,0.433884815287937,697,2,,291331,<20190405,34+800,34+800,2,6464930,Lysekil,Avstängd,lp,linjeplats,2510,Lys
777,864ab312-ac52-48b7-92b0-057b518be528,20251128,99991231,0.37382213974979,698,2,,319184,<20190405,68+950,68+950,6,6457866,Ljungskile,Öppen,dp,Driftplats,2443,Lj
778,1a04f54c-ae89-4a51-8a86-624527aff858,20251128,99991231,0.146357019363,698,2,,319184,<20190405,68+950,68+950,6,6457866,Ljungskile,Öppen,dp,Driftplats,2443,Lj
779,971cb415-144c-496a-8485-c9ac77b575f1,20251128,99991231,0.512221213947759,699,2,,319667,<20190405,59+520,59+520,44,6448919,Svenshögen,Öppen,dp,Driftplats,3912,Svg
780,9d634d11-a7ed-4415-9e05-abcb6797efbb,20251128,99991231,0.512221213947759,699,2,,319667,<20190405,59+520,59+520,44,6448919,Svenshögen,Öppen,dp,Driftplats,3912,Svg
781,f0c08314-7db4-4180-8657-0427aa69be82,20251128,99991231,0.609255090739196,700,2,,312732,<20190405,47+690,47+690,4,6441211,Stenungsund,Öppen,dp,Driftplats,3723,Snu
782,6ae79db9-8f33-413f-b1e8-b0b56132fa06,20251128,99991231,0.474578752678456,700,2,,312732,<20190405,47+690,47+690,4,6441211,Stenungsund,Öppen,dp,Driftplats,3723,Snu
783,3fbe7086-06be-490a-9cca-71f7fa9f7555,20251128,99991231,0.474578719795247,700,2,,312732,<20190405,47+690,47+690,4,6441211,Stenungsund,Öppen,dp,Driftplats,3723,Snu
784,b0e41cff-4953-4e59-b3ba-56ffd8ba89cb,20251128,99991231,0.481240274857399,701,2,,313104,<20190405,41+115,41+115,11,6435169,Stora Höga,Öppen,dp,Driftplats,3771,Sth
785,3e0f1465-a911-48a9-af5f-d8bbcfd3c960,20251128,99991231,0.403073873259092,705,2,,328790,<20190405,447+693,447+693,3,6427299,Älvängen,Öppen,dp,Driftplats,4820,Än
786,886f5e15-f7d2-4d03-a30b-4a5b7a2df015,20251128,99991231,0.46792382100314,707,2,,332074,<20190405,440+836,440+836,4,6433451,Alvhem,Öppen,dp,Driftplats,10005,Alh
787,88f3369c-ccee-4a63-a894-d5d5f142d8fb,20251128,99991231,0.035824743060994,708,2,,330763,<20190405,13+91,13+91,20,6446993,Lilla Edet,Öppen,lp,linjeplats,2370,Let
788,916827c0-ea76-4b84-92ac-d53fd18c1daf,20251128,99991231,0.483030314304423,712,2,,341647,<20190405,405+637,405+637,44,6463908,Trollhättan,Öppen,dp,Driftplats,4212,Thn
789,57e46a1d-58f4-4d83-b874-febad3384ef8,20251128,99991231,0.655613442844079,712,2,,341647,<20190405,405+637,405+637,44,6463908,Trollhättan,Öppen,dp,Driftplats,4212,Thn
790,a7f70522-3e05-4bb0-95c5-0de296438412,20251128,99991231,0.225609450322431,716,2,Stor,383288,<20190405,377+536,377+536,108,6439223,Herrljunga central,Öppen,dpd,Driftplatsdel,1476,Hrc
791,39e35ad5-2d8c-422c-99da-9df8bbad0785,20251128,99991231,0.511640612681822,716,2,Stor,383288,<20190405,377+536,377+536,108,6439223,Herrljunga central,Öppen,dpd,Driftplatsdel,1476,Hrc
792,1c5e7924-77a0-44cd-8877-ca3d8a8aaa49,20251128,99991231,0.038926486761333,716,2,Stor,383288,<20190405,377+536,377+536,108,6439223,Herrljunga central,Öppen,dpd,Driftplatsdel,1476,Hrc
793,ba419844-a61f-40cb-89dc-c4c520d21f84,20251128,99991231,0.77640944244336,716,2,Stor,383288,<20190405,377+536,377+536,108,6439223,Herrljunga central,Öppen,dpd,Driftplatsdel,1476,Hrc
794,3b44fb8b-65cf-4852-914a-7543732f8811,20251128,99991231,0.915117204402014,716,2,Stor,383288,<20190405,377+536,377+536,108,6439223,Herrljunga central,Öppen,dpd,Driftplatsdel,1476,Hrc
795,3ff6bd9c-7f79-4687-a418-eaad61e79238,20251128,99991231,0.283449150614683,716,2,Stor,383288,<20190405,377+536,377+536,108,6439223,Herrljunga central,Öppen,dpd,Driftplatsdel,1476,Hrc
796,c6a02d82-7be6-4e97-ad30-078c247bf1c5,20251128,99991231,0.382396182747271,717,2,,384899,<20190405,101+818,101+818,169,6428860,Ljung,Öppen,dp,Driftplats,2432,Lju
797,38aae424-e84d-4c04-ac92-99c8839d7616,20251128,99991231,0.554347730549977,718,2,,370633,<20190405,391+300,391+300,106,6434276,Vårgårda,Öppen,dp,Driftplats,4579,Vgå
798,4cf9799c-d6fd-4515-98c1-055f1f886a9f,20251128,99991231,0.499720588959286,719,2,,361175,<20190405,401+677,401+677,89,6429802,Algutsgården,Öppen,dp,Driftplats,10002,Agg
799,604af829-5cad-441c-94c8-e34a4df5fdbe,20251128,99991231,0.49938349688293,719,2,,361175,<20190405,401+677,401+677,89,6429802,Algutsgården,Öppen,dp,Driftplats,10002,Agg
800,37ce5dcd-4ee0-43b7-b4ed-a98af4eb58b5,20251128,99991231,0.499970501681746,719,2,,361175,<20190405,401+677,401+677,89,6429802,Algutsgården,Öppen,dp,Driftplats,10002,Agg
801,5518cb3f-3186-4173-b178-5e50f45473c2,20251128,99991231,0.499703652675644,719,2,,361175,<20190405,401+677,401+677,89,6429802,Algutsgården,Öppen,dp,Driftplats,10002,Agg
802,2373c845-81e1-4e1f-85d8-5bcc7f40e682,20251128,99991231,0.388341157621406,720,2,,381287,<20190405,111+965,111+965,72,6472696,Järpås,Öppen,dp,Driftplats,1874,Jps
803,27722aed-4628-43c5-a0e6-44b293ed1456,20251128,99991231,0.105425534951306,720,2,,381287,<20190405,111+965,111+965,72,6472696,Järpås,Öppen,dp,Driftplats,1874,Jps
804,5aef0205-195f-4b32-a3a3-771f8156bf5f,20251128,99991231,0.526420812306776,721,2,,393078,<20190405,93+30,93+30,47,6486328,Lidköping,Öppen,dp,Driftplats,2352,Lkp
805,a496cb9b-3a3a-4012-b582-0de76ebff011,20251128,99991231,0.422575887763138,721,2,,393078,<20190405,93+30,93+30,47,6486328,Lidköping,Öppen,dp,Driftplats,2352,Lkp
806,402ee878-9741-4cc2-8951-0f4e3f63a94d,20251128,99991231,0.363530432922003,722,2,,393573,<20190405,366+175,366+175,155,6442898,Källeryd,Öppen,dp,Driftplats,10299,Kä
807,45f4403c-678f-4818-b761-f1afacd0b83a,20251128,99991231,0.995865593406798,724,2,Stor,414834,<20190405,343+621,343+621,216,6449191,Falköpings central,Öppen,dpd,Driftplatsdel,843,F
808,2d9b72eb-ecf9-4139-a5b1-233699d0d6dd,20251128,99991231,0.682852919805839,724,2,Stor,414834,<20190405,343+621,343+621,216,6449191,Falköpings central,Öppen,dpd,Driftplatsdel,843,F
809,c518351d-7e9f-4f08-8520-a04fe1448486,20251128,99991231,0.716978602816409,724,2,Stor,414834,<20190405,343+621,343+621,216,6449191,Falköpings central,Öppen,dpd,Driftplatsdel,843,F
810,"0ae69a8a-955b-4bd0-b68b-6cf193112fd0",20251128,99991231,0.470879315506451,725,2,,419114,<20190405,11+356,11+356,228,6439790,Vartofta,Öppen,dp,Driftplats,10567,Vf
811,2cb40eea-0ba4-400f-8be7-f565de8dc9ae,20251128,99991231,0.389900053479383,725,2,,419114,<20190405,11+356,11+356,228,6439790,Vartofta,Öppen,dp,Driftplats,10567,Vf
812,b24892de-0158-4903-8501-c7ccc52dc700,20251128,99991231,0.507770649211584,726,2,,427437,<20190405,25+881,25+881,226,6428069,Sandhem,Öppen,dp,Driftplats,3377,Sm
813,73259693-6abf-4c38-8c97-0224ef225ebf,20251128,99991231,0.30440925895093,726,2,,427437,<20190405,25+881,25+881,226,6428069,Sandhem,Öppen,dp,Driftplats,3377,Sm
814,ae46a2e6-7ace-4b50-add2-3814f89698bf,20251128,99991231,0.494503084964157,728,2,,351089,<20190405,417+674,417+674,68,6420094,Bryngenäs,Öppen,dp,Driftplats,10059,Bgs
815,d6528121-9e46-4874-b4a1-dc4bf53dddf3,20251128,99991231,0.920396657653876,728,2,,351089,<20190405,417+674,417+674,68,6420094,Bryngenäs,Öppen,dp,Driftplats,10059,Bgs
816,7cc3aca5-bdc0-4c33-b933-e8fc171a6216,20251128,99991231,0.810378285152051,729,2,,347742,<20190405,423+133,423+133,56,6415876,Norsesund västra,Öppen,dp,Driftplats,10390,Ndv
817,5d4b1e97-fc31-4f75-b78d-03fa174dd3a7,20251128,99991231,0.431124862704312,729,2,,347742,<20190405,423+133,423+133,56,6415876,Norsesund västra,Öppen,dp,Driftplats,10390,Ndv
818,bddfaad4-caac-4019-9ee5-eb0a55bddb1c,20251128,99991231,0.437060591068827,733,2,,332911,<20190405,443+129,443+129,16,6404476,Jonsered östra,Öppen,dp,Driftplats,10239,J
819,a3767997-3f16-4012-8721-26695cd71b56,20251128,99991231,0.895005820941606,734,2,,325322,<20190405,17+854,17+854,12,6385270,Lindome,Öppen,dp,Driftplats,2411,Ldo
820,a98c771d-8d07-411d-a7d5-89be014d50e2,20251128,99991231,0.635808635954599,734,2,,325322,<20190405,17+854,17+854,12,6385270,Lindome,Öppen,dp,Driftplats,2411,Ldo
821,a7c95c43-b25d-4901-82b8-20d4374e606d,20251128,99991231,0.491573236025548,736,2,,324976,<20190405,27+999,27+999,4,6375640,Kungsbacka,Öppen,dp,Driftplats,2158,Kb
822,78582d9f-beb9-4ba6-a291-e37dad8fa473,20251128,99991231,0.314667853418336,736,2,,324976,<20190405,27+999,27+999,4,6375640,Kungsbacka,Öppen,dp,Driftplats,2158,Kb
823,fcc049af-9989-4973-83d6-2b8f4195a591,20251128,99991231,0.749309692044717,736,2,,324976,<20190405,27+999,27+999,4,6375640,Kungsbacka,Öppen,dp,Driftplats,2158,Kb
824,2667e9d0-b5b7-4e10-b407-37f351cd5dad,20251128,99991231,0.204106384076815,736,2,,324976,<20190405,27+999,27+999,4,6375640,Kungsbacka,Öppen,dp,Driftplats,2158,Kb
825,d95165d7-ca4f-4a95-a1da-c18af0283dde,20251128,99991231,0.394629098894432,742,2,Stor,334135,<20190405,74+778,74+778,2,6334962,Varbergs godsbangård,Öppen,dpd,Driftplatsdel,10718,Vbgb
826,17bd526f-5539-448b-8427-ae4bf1ad4032,20251128,99991231,0.287204468834369,742,2,Stor,334135,<20190405,74+778,74+778,2,6334962,Varbergs godsbangård,Öppen,dpd,Driftplatsdel,10718,Vbgb
827,43cb308e-695f-460f-8c71-fe501b42edbd,20251128,99991231,0.254235871834312,742,2,Stor,334135,<20190405,74+778,74+778,2,6334962,Varbergs godsbangård,Öppen,dpd,Driftplatsdel,10718,Vbgb
828,de3503d9-3c23-472d-b4ce-583b7c063ec3,20251128,99991231,0.213798749489167,742,2,Stor,334135,<20190405,74+778,74+778,2,6334962,Varbergs godsbangård,Öppen,dpd,Driftplatsdel,10718,Vbgb
829,32ec4d03-fa2c-48d2-badc-6a3fef5986e8,20251128,99991231,0.214717625871229,742,2,Stor,334135,<20190405,74+778,74+778,2,6334962,Varbergs godsbangård,Öppen,dpd,Driftplatsdel,10718,Vbgb
830,79857216-8f21-4b2d-9365-6aa06f8d5dcc,20251128,99991231,0.382806564112282,742,2,Stor,334135,<20190405,74+778,74+778,2,6334962,Varbergs godsbangård,Öppen,dpd,Driftplatsdel,10718,Vbgb
831,ccde898c-2a48-4249-a489-f9747ca20181,20251128,99991231,0.205944739176292,743,2,,337175,<20190405,82+724,82+724,17,6329350,Hamra,Öppen,dpd,Driftplatsdel,10183,Haa
832,a7cc6ed5-6c25-4c85-a936-ae4da421e434,20251128,99991231,0.098212914252954,743,2,,337175,<20190405,82+724,82+724,17,6329350,Hamra,Öppen,dpd,Driftplatsdel,10183,Haa
833,f047c4a3-a474-4e87-93f5-0e19d6556b41,20251128,99991231,0.810035394765224,743,2,,337175,<20190405,82+724,82+724,17,6329350,Hamra,Öppen,dpd,Driftplatsdel,10183,Haa
834,dbac349d-1342-4541-8721-ef4e02cd384e,20251128,99991231,0.721698846945788,746,2,,346989,<20190405,108+239,108+239,8,6309248,Falkenbergs godsstation,Öppen,dp,Driftplats,839,Fabg
835,23882d52-93e2-4633-a253-51b765fda239,20251128,99991231,0.724668436418313,746,2,,346989,<20190405,108+239,108+239,8,6309248,Falkenbergs godsstation,Öppen,dp,Driftplats,839,Fabg
836,3940df0f-c264-4231-85bb-f96f745b45c3,20251128,99991231,0.195070862753917,746,2,,346989,<20190405,108+239,108+239,8,6309248,Falkenbergs godsstation,Öppen,dp,Driftplats,839,Fabg
837,d5a0f857-08b7-435e-a4ff-06cb16f1351a,20251128,99991231,0.489229740034393,750,2,Stor,369157,<20190405,151+594,151+594,4,6282646,Halmstads central,Öppen,dpd,Driftplatsdel,1380,Hd
838,affb4ea5-f0d5-4109-9cda-d1f1178b72fc,20251128,99991231,0.649608955370467,750,2,Stor,369157,<20190405,151+594,151+594,4,6282646,Halmstads central,Öppen,dpd,Driftplatsdel,1380,Hd
839,5cce2902-3ad0-4e2a-98a2-2476f503eb98,20251128,99991231,0.359972195305215,754,2,,392867,<20190405,11+793,11+793,113,6318569,Hyltebruk,Öppen,lp,linjeplats,1623,Hyb
840,"049bc8a0-3d00-439f-97ac-e733e9bc0aa2",20251128,99991231,0.239885633576552,756,2,,394862,<20190405,136+817,136+817,129,6327263,Landeryd,Öppen,dp,Driftplats,2297,Lrd
841,16461900-8d24-45a0-a5e0-0865effe3fd0,20251128,99991231,0.259162322951871,757,2,,396513,<20190405,116+557,116+557,138,6341297,Smålands Burseryd,Ejunderh,lp,linjeplats,3635,Smu
842,75dcbc13-9e13-4829-8e59-09360b6438e4,20251128,99991231,0.583969726479928,761,2,,381736,<20190405,119+950,119+950,150,6411237,Fristad,Öppen,dp,Driftplats,968,Fra
843,b6d1bf3e-a7e9-4796-83dd-9078657d156e,20251128,99991231,0.40762252356435,761,2,,381736,<20190405,119+950,119+950,150,6411237,Fristad,Öppen,dp,Driftplats,968,Fra
844,9e0a846c-47c3-4e71-8f3a-8a08ace701a6,20251128,99991231,0.453089233320586,762,2,Stor,376764,<20190405,133+287,133+287,135,6399456,Borås central,Öppen,dpd,Driftplatsdel,431,Bsc
845,e41851d3-ccfd-4c8a-82d8-ef9134995220,20251128,99991231,0.407239421112814,762,2,Stor,376764,<20190405,133+287,133+287,135,6399456,Borås central,Öppen,dpd,Driftplatsdel,431,Bsc
846,b0759071-7683-430e-bf4d-8d61b1d9ff80,20251128,99991231,0.358509842952722,762,2,Stor,376764,<20190405,133+287,133+287,135,6399456,Borås central,Öppen,dpd,Driftplatsdel,431,Bsc
847,76ba3a64-087d-4bbc-82a8-1734c82f977c,20251128,99991231,0.374220326469096,762,2,Stor,376764,<20190405,133+287,133+287,135,6399456,Borås central,Öppen,dpd,Driftplatsdel,431,Bsc
848,eb756ee4-4497-4ae5-9ed2-ea3880cffda0,20251128,99991231,0.353951232218637,762,2,Stor,376764,<20190405,133+287,133+287,135,6399456,Borås central,Öppen,dpd,Driftplatsdel,431,Bsc
849,dcff206b-b871-44ca-b7e8-4c7c1bfe1319,20251128,99991231,0.063829255319149,762,2,Stor,376764,<20190405,133+287,133+287,135,6399456,Borås central,Öppen,dpd,Driftplatsdel,431,Bsc
850,900d544e-5986-4678-bde5-199a19935863,20251128,99991231,0.873134059738492,764,2,,390005,<20190405,93+403,93+403,165,6389001,Hillared,Öppen,dp,Driftplats,10198,Hil
851,68bf5da0-1807-4035-82e0-791412d8845d,20251128,99991231,0.528451407109135,764,2,,390005,<20190405,93+403,93+403,165,6389001,Hillared,Öppen,dp,Driftplats,10198,Hil
852,e2c29032-d877-4279-8df0-204a2d77f9e7,20251128,99991231,0.536261037182249,765,2,,348110,<20190405,35+419,35+419,134,6398661,Hindås,Öppen,dp,Driftplats,1497,Hås
853,3d67e9b2-27e5-476c-9246-4b50e51faac1,20251128,99991231,0.75936297519306,765,2,,348110,<20190405,35+419,35+419,134,6398661,Hindås,Öppen,dp,Driftplats,1497,Hås
854,f7528fa5-cc02-411d-a389-579702e7461d,20251128,99991231,0.361845270963889,766,2,,350843,<20190405,42+841,42+841,64,6392987,Rävlanda,Öppen,dp,Driftplats,3308,Rd
855,623da274-c820-4af8-8d6e-93859507c516,20251128,99991231,0.361659217471214,766,2,,350843,<20190405,42+841,42+841,64,6392987,Rävlanda,Öppen,dp,Driftplats,3308,Rd
856,a9feccd7-f8a7-415c-9fbd-d800b1c4ba49,20251128,99991231,0.735385850858326,767,2,,368475,<20190405,61+889,61+889,158,6398515,Sandared,Öppen,dp,Driftplats,3371,Sae
857,82f7706e-0aa5-4197-a399-9ce51ddb2976,20251128,99991231,0.460612394360511,767,2,,368475,<20190405,61+889,61+889,158,6398515,Sandared,Öppen,dp,Driftplats,3371,Sae
858,22d48a6f-32ad-4373-bdc6-00066effee6f,20251128,99991231,0.521874638574974,774,2,,433724,<20190405,37+688,37+688,231,6419799,Mullsjö,Öppen,dp,Driftplats,2762,Mu
859,6b76a7f9-af6a-4182-b68b-103ab86645fe,20251128,99991231,0.428297915479518,774,2,,433724,<20190405,37+688,37+688,231,6419799,Mullsjö,Öppen,dp,Driftplats,2762,Mu
860,929775c6-bada-40e6-a986-79c3caad7f79,20251128,99991231,0.644850065022426,775,2,,445298,<20190405,50+407,50+407,180,6418662,Habo,Öppen,dp,Driftplats,1351,Ho
861,853e5de4-a1ad-4a86-8ec5-41ceec9c0ad3,20251128,99991231,0.436467979444705,775,2,,445298,<20190405,50+407,50+407,180,6418662,Habo,Öppen,dp,Driftplats,1351,Ho
862,7df796c4-9fe9-49d1-ad59-5bee0b32344f,20251128,99991231,0.97013588733791,777,2,,448271,<20190405,58+748,58+748,118,6413497,Bankeryd,Öppen,dp,Driftplats,247,Bry
863,1c7c8c97-03b6-4641-9484-713fcdc3e27f,20251128,99991231,0.419756663030181,777,2,,448271,<20190405,58+748,58+748,118,6413497,Bankeryd,Öppen,dp,Driftplats,247,Bry
864,59ae4d5b-9e5d-483b-8ec2-6a0d0ea95d00,20251128,99991231,0.721815953429084,778,2,,498531,<20190405,297+377,297+509,157,6432951,Tranås,Öppen,dp,Driftplats,4185,Tns
865,f8fd95c3-3c48-48c5-9e25-9d63db3e446b,20251128,99991231,0.483360391413615,780,2,,383466,<20190405,651+612,651+768,2,6137672,Trelleborg,Öppen,dp,Driftplats,4196,Trg
866,e1a60c12-099e-4804-b505-5332133941bc,20251128,99991231,0.483322871025407,780,2,,383466,<20190405,651+612,651+768,2,6137672,Trelleborg,Öppen,dp,Driftplats,4196,Trg
867,f6eab4d7-9963-487e-8a86-7751381818b1,20251128,99991231,0.718957403524581,780,2,,383466,<20190405,651+612,651+768,2,6137672,Trelleborg,Öppen,dp,Driftplats,4196,Trg
868,6317fcb5-d448-4c95-9d0a-b15859c20665,20251128,99991231,0.56863445016185,780,2,,383466,<20190405,651+612,651+768,2,6137672,Trelleborg,Öppen,dp,Driftplats,4196,Trg
869,1f4c093c-6169-4591-9c7c-c90ef0dc96d6,20251128,99991231,0.334304803426508,780,2,,383466,<20190405,651+612,651+768,2,6137672,Trelleborg,Öppen,dp,Driftplats,4196,Trg
870,66fc9257-d2ee-4bae-b1c6-14d7863b1608,20251128,99991231,0.721554894156715,780,2,,383466,<20190405,651+612,651+768,2,6137672,Trelleborg,Öppen,dp,Driftplats,4196,Trg
871,cacacd22-761c-42b1-853d-91460bcf3aca,20251128,99991231,0.721113454301609,780,2,,383466,<20190405,651+612,651+768,2,6137672,Trelleborg,Öppen,dp,Driftplats,4196,Trg
872,3441432f-2f9c-4ba1-a197-84941dea049a,20251128,99991231,0.406340699390324,786,2,Stor,425669,<20190405,63+8,75+716,3,6142978,Ystad,Öppen,dp,Driftplats,4661,Y
873,f9524a61-3ba6-43e6-b9da-6a60ef7386a2,20251128,99991231,0.441138055908626,786,2,Stor,425669,<20190405,63+8,75+716,3,6142978,Ystad,Öppen,dp,Driftplats,4661,Y
874,9fd3b01f-ea7e-4927-b8d1-695af6389c5d,20251128,99991231,0.675034515515892,786,2,Stor,425669,<20190405,63+8,75+716,3,6142978,Ystad,Öppen,dp,Driftplats,4661,Y
875,ea1f36a4-d7ac-4bf5-ad42-f54ff98de05d,20251128,99991231,0.426805085221766,787,2,,432727,<20190405,67+921,67+921,10,6146193,f.d. Köpingebro,Avstängd,dp,Driftplats,2263,zKöp
876,5247d829-c520-4d35-832e-55c049f0a1f1,20251128,99991231,0.660623372024042,788,2,,433728,<20190405,56+557,56+557,66,6156035,Tomelilla,Öppen,dp,Driftplats,4129,Tli
877,3364c0ae-c94d-4ae8-b2cf-f425fb68127e,20251128,99991231,0.66582082541536,789,2,,448360,<20190405,84+681,84+685,57,6155912,Gärsnäs,Öppen,dp,Driftplats,1294,Gss
878,"0a2971af-74a6-4b3c-becf-bb36cf376474",20251128,99991231,0.369349243201757,789,2,,448360,<20190405,84+681,84+685,57,6155912,Gärsnäs,Öppen,dp,Driftplats,1294,Gss
879,1dc7397d-e8ef-419c-9135-2a9433251df8,20251128,99991231,0.503610508058953,790,2,,459063,<20190405,95+907,95+940,15,6156593,Simrishamn,Öppen,dp,Driftplats,3449,Si
880,408f8f48-b76d-4a77-b28b-dcab91f24d65,20251128,99991231,0.362904590955897,792,2,,393873,<20190405,583+914,584+24,66,6189313,Eslöv,Öppen,dp,Driftplats,816,E
881,c90399cc-9ffd-4c4b-9d51-7f847e8634a2,20251128,99991231,0.332695686836138,792,2,,393873,<20190405,583+914,584+24,66,6189313,Eslöv,Öppen,dp,Driftplats,816,E
882,cb510c5e-9689-4679-9d6b-05b51743b9e3,20251128,99991231,0.23761008815578,792,2,,393873,<20190405,583+914,584+24,66,6189313,Eslöv,Öppen,dp,Driftplats,816,E
883,45bdbb74-c38d-41a3-b890-d0dda5d896a5,20251128,99991231,0.413624147943073,794,2,,381594,<20190405,41+393,41+487,15,6184822,Kävlinge,Öppen,dp,Driftplats,2256,Kg
884,6a26478a-969b-44ad-a37f-190f353af75e,20251128,99991231,0.559768607660004,794,2,,381594,<20190405,41+393,41+487,15,6184822,Kävlinge,Öppen,dp,Driftplats,2256,Kg
885,e04525b9-f6db-4d8f-b089-1579425c5ba5,20251128,99991231,0.770316384279806,794,2,,381594,<20190405,41+393,41+487,15,6184822,Kävlinge,Öppen,dp,Driftplats,2256,Kg
886,a43763d0-d734-48ea-9256-2ea178bd2c45,20251128,99991231,0.550965657628666,796,2,,374640,<20190405,27+509,27+512,23,6194958,Billeberga,Öppen,dp,Driftplats,288,Bib
887,2650d6c0-dc1f-4167-9049-c384968b2729,20251128,99991231,0.230880564535791,796,2,,374640,<20190405,27+509,27+512,23,6194958,Billeberga,Öppen,dp,Driftplats,288,Bib
888,e6591a0e-7d49-4d8b-b27e-95e38dc58e92,20251128,99991231,0.513128249445761,801,2,,408994,<20190405,564+0,564+242,80,6200084,Höör,Öppen,dp,Driftplats,1761,Hö
889,9a4c63e1-0ea0-4a3c-b3ce-d5a2ae993c2a,20251128,99991231,0.511729309901757,802,2,,414638,<20190405,554+707,554+712,112,6207090,Tjörnarp,Öppen,dp,Driftplats,10534,Tö
890,a9c3adee-983d-4752-a641-87235e67aacf,20251128,99991231,0.546280412425796,805,2,,432611,<20190405,12+62,12+69,28,6218286,Vinslöv,Öppen,dp,Driftplats,4525,Vöv
891,aed2cfd2-d026-401e-8396-a8f522a79422,20251128,99991231,0.39256706056672,805,2,,432611,<20190405,12+62,12+69,28,6218286,Vinslöv,Öppen,dp,Driftplats,4525,Vöv
892,7d66bc18-721a-4f7a-9469-81b13f2720c3,20251128,99991231,0.531383359120062,807,2,,443597,<20190405,25+593,25+695,4,6210983,Karpalund,Öppen,dpd,Driftplatsdel,10258,Kap
893,e3ec7707-3e68-42f6-a8a8-af5f12669a78,20251128,99991231,0.422039592827461,807,2,,443597,<20190405,25+593,25+695,4,6210983,Karpalund,Öppen,dpd,Driftplatsdel,10258,Kap
894,6f97997b-f74c-4355-81c1-f3f584b0c534,20251128,99991231,0.499501621884009,809,2,,456305,<20190405,46+910,46+910,4,6198241,Åhus,Öppen,lp,linjeplats,4685,Åhus
895,cbac06e4-7caa-477a-a5c7-bd678cd14bc9,20251128,99991231,0.550341973092521,809,2,,456305,<20190405,46+910,46+910,4,6198241,Åhus,Öppen,lp,linjeplats,4685,Åhus
896,c3e77604-4eef-4f3a-9f1e-e541ff56a674,20251128,99991231,0.550341973092521,809,2,,456305,<20190405,46+910,46+910,4,6198241,Åhus,Öppen,lp,linjeplats,4685,Åhus
897,978d0897-f3f1-4486-bb8c-98474f668964,20251128,99991231,0.490277405921947,812,2,,467726,<20190405,21+531,22+853,12,6213676,Bromölla,Öppen,dp,Driftplats,490,Bml
898,2d0b5718-fe73-475e-9fbd-f47fdfc60856,20251128,99991231,0.51864689263234,813,2,,474033,<20190405,30+579,30+595,2,6211661,Sölvesborg,Öppen,dp,Driftplats,3989,Sög
899,cd2314a5-38e4-4347-ac3b-24713638d0dc,20251128,99991231,0.47629659273706,813,2,,474033,<20190405,30+579,30+595,2,6211661,Sölvesborg,Öppen,dp,Driftplats,3989,Sög
900,78a77ce1-ad97-4fb0-b3aa-1684672228a7,20251128,99991231,0.254091885872578,815,2,,484046,<20190405,52+839,52+839,11,6226906,Mörrum,Öppen,dp,Driftplats,2832,Mru
901,9a590c40-b6b4-4541-8495-c9b4c1121903,20251128,99991231,0.455248079040384,816,2,,491705,<20190405,61+648,61+648,10,6225803,Karlshamn,Öppen,dp,Driftplats,1944,Kh
902,9c277908-a287-44b5-830f-a23929c64b71,20251128,99991231,0.505896771476327,816,2,,491705,<20190405,61+648,61+648,10,6225803,Karlshamn,Öppen,dp,Driftplats,1944,Kh
903,4beeef04-2317-4dc9-97ea-31c82fbd2cf2,20251128,99991231,0.307929537063671,818,2,,507195,<20190405,82+847,82+847,32,6231837,Bräkne-Hoby,Öppen,dp,Driftplats,521,Bhb
904,745f2ac9-69e1-43fb-bfac-dd392868ada6,20251128,99991231,0.290214536365052,820,2,,517593,<20190405,99+784,99+912,5,6229093,Ronneby,Öppen,dp,Driftplats,3219,Rb
905,555e46aa-7d5b-4669-9c1b-b3c519b0a314,20251128,99991231,0.450034960940383,820,2,,517593,<20190405,99+784,99+912,5,6229093,Ronneby,Öppen,dp,Driftplats,3219,Rb
906,"074a0a4f-9825-4cc4-9916-bfffb2b294c5",20251128,99991231,0.144935970130845,821,2,,532696,<20190405,117+299,117+299,8,6229693,Nättraby,Öppen,dp,Driftplats,3020,Nät
907,"0fc8d0f3-f377-411e-91e6-e3fda020d352",20251128,99991231,0.716559931300564,823,2,Stor,536343,<20190405,351+759,351+834,2,6224827,Karlskrona central,Öppen,dpd,Driftplatsdel,1948,Ck
908,9f09d812-4403-4854-b600-05de69b8e6fd,20251128,99991231,0.732255819272029,823,2,Stor,536343,<20190405,351+759,351+834,2,6224827,Karlskrona central,Öppen,dpd,Driftplatsdel,1948,Ck
909,56e6a1e7-a1d1-4f97-b87c-7305ccb13b89,20251128,99991231,0.733449474860509,823,2,Stor,536343,<20190405,351+759,351+834,2,6224827,Karlskrona central,Öppen,dpd,Driftplatsdel,1948,Ck
910,641bdbbc-c72a-408f-b74a-29856c7a3a82,20251128,99991231,0.863506098483442,823,2,Stor,536343,<20190405,351+759,351+834,2,6224827,Karlskrona central,Öppen,dpd,Driftplatsdel,1948,Ck
911,17b27601-b4ce-4764-a104-227c8acd4e10,20251128,99991231,0.126520613502097,824,2,,536765,<20190405,333+720,333+720,72,6240771,Spjutsbygd,Öppen,dp,Driftplats,10487,Spj
912,a40c5ae4-7d77-41a1-80a2-a47963afb975,20251128,99991231,0.523339970328805,825,2,,533449,<20190405,320+369,320+369,95,6253207,Holmsjö,Öppen,dp,Driftplats,1539,Hmö
913,ac847272-0ce9-43e0-8011-8814442a7f34,20251128,99991231,0.496168870766727,826,2,,535828,<20190405,306+70,306+70,111,6266114,Vissefjärda,Öppen,dp,Driftplats,10587,Vfa
914,ae48e1a9-61f1-4106-9187-4b0e2f9d3328,20251128,99991231,0.594967757439874,828,2,,515810,<20190405,272+245,272+245,150,6289650,Lessebo,Öppen,dp,Driftplats,2341,Lo
915,6d88ffa7-960a-4da2-ac26-f84011e18eb3,20251128,99991231,0.323122099281825,828,2,,515810,<20190405,272+245,272+245,150,6289650,Lessebo,Öppen,dp,Driftplats,2341,Lo
916,ef29e854-f1c3-4b7f-a30b-ec0cea602da2,20251128,99991231,0.290170891267949,829,2,,508528,<20190405,263+226,263+226,150,6293598,Hovmantorp,Öppen,dp,Driftplats,1573,Hvp
917,68aaca74-20ab-41ae-ae56-f11b48297486,20251128,99991231,0.230474821003243,829,2,,508528,<20190405,263+226,263+226,150,6293598,Hovmantorp,Öppen,dp,Driftplats,1573,Hvp
918,1f271849-88cb-46ce-b980-94fbb06d920c,20251128,99991231,0.518733469137578,831,2,,488135,<20190405,238+285,238+368,165,6303674,Växjö,Öppen,dpd,Driftplatsdel,4647,Vö
919,d2bd6361-a144-4172-960b-b6b0b64eb060,20251128,99991231,0.522471414416515,831,2,,488135,<20190405,238+285,238+368,165,6303674,Växjö,Öppen,dpd,Driftplatsdel,4647,Vö
920,ca2f2b40-1576-4855-8b4e-aa0c418ab306,20251128,99991231,0.542858218555472,831,2,,488135,<20190405,238+285,238+368,165,6303674,Växjö,Öppen,dpd,Driftplatsdel,4647,Vö
921,7cad18f9-f042-4efe-bc29-c1e5ff252e08,20251128,99991231,0.519710311691322,831,2,,488135,<20190405,238+285,238+368,165,6303674,Växjö,Öppen,dpd,Driftplatsdel,4647,Vö
922,544b67a0-a779-4651-80e7-80c891f37519,20251128,99991231,0.810576802475643,832,2,,483966,<20190405,233+901,233+901,163,6304473,Räppe,Öppen,dpd,Driftplatsdel,3305,Räp
923,a72700cb-ef33-4ab5-82c2-ac4182cb3ed8,20251128,99991231,0.808854272586829,832,2,,483966,<20190405,233+901,233+901,163,6304473,Räppe,Öppen,dpd,Driftplatsdel,3305,Räp
924,"0b52ba7a-47cf-4a93-ab06-3ab41764d08e",20251128,99991231,0.513225539660753,833,2,,478436,<20190405,228+133,228+133,162,6303056,Gemla,Öppen,dp,Driftplats,1063,Gm
925,c737f226-0eca-4074-8b08-de1ec8b38ad5,20251128,99991231,0.516164725545803,833,2,,478436,<20190405,228+133,228+133,162,6303056,Gemla,Öppen,dp,Driftplats,1063,Gm
926,676b9d3c-8bd9-4357-ba44-5418eea37f98,20251128,99991231,0.645269190112017,835,2,,428706,<20190405,525+809,525+816,46,6230693,Mosselund,Öppen,dp,Driftplats,10368,Mud
927,"0c48ae11-e40b-4f6b-98ec-1cc811c57afe",20251128,99991231,0.157434057163156,836,2,,434063,<20190405,515+995,516+60,68,6238707,Hästveda,Öppen,dp,Driftplats,10224,Hv
928,84e23d2c-9db5-4c60-9f2b-3f66e50b5103,20251128,99991231,0.675700734798146,839,2,,446929,<20190405,483+629,483+716,142,6267626,Älmhult,Öppen,dp,Driftplats,4801,Äh
929,1223b185-926b-4470-ad0f-7b5ac8b828a6,20251128,99991231,0.785309004309369,839,2,,446929,<20190405,483+629,483+716,142,6267626,Älmhult,Öppen,dp,Driftplats,4801,Äh
930,7d94a7dd-97ac-41f2-9059-c3a541710296,20251128,99991231,0.725288788463575,839,2,,446929,<20190405,483+629,483+716,142,6267626,Älmhult,Öppen,dp,Driftplats,4801,Äh
931,a2ca8404-ef04-44e6-ad2c-9a52eec277e2,20251128,99991231,0.055381537925731,841,2,,459575,<20190405,461+769,461+769,159,6285062,Eneryda,Öppen,dp,Driftplats,10098,Era
932,1c841239-5df6-47a0-8cea-f85d650c46c9,20251128,99991231,0.520070510594056,842,2,,466797,<20190405,450+191,450+310,160,6293992,Vislanda,Öppen,dp,Driftplats,4543,Vs
933,9d5c3227-edeb-4330-aa44-98866320e443,20251128,99991231,0.568524086966722,843,2,,474281,<20190405,424+523,424+523,158,6317813,Moheda,Öppen,dp,Driftplats,10363,Mo
934,c7f3ac98-0d02-4bff-a606-d867e81dfadd,20251128,99991231,0.499458971006805,846,2,,475414,<20190405,389+619,389+619,224,6351951,Stockaryd,Öppen,dp,Driftplats,3737,Sy
935,e2e2fc6a-df3d-442a-b401-452f703ef121,20251128,99991231,0.498509385855993,846,2,,475414,<20190405,389+619,389+619,224,6351951,Stockaryd,Öppen,dp,Driftplats,3737,Sy
936,f392496c-8742-4938-aa44-9ddffe35cda8,20251128,99991231,0.499148759870617,846,2,,475414,<20190405,389+619,389+619,224,6351951,Stockaryd,Öppen,dp,Driftplats,3737,Sy
937,de95194b-408e-458f-8a89-bff78582aefe,20251128,99991231,0.692354125008114,846,2,,475414,<20190405,389+619,389+619,224,6351951,Stockaryd,Öppen,dp,Driftplats,3737,Sy
938,b83df22c-79b6-4d3e-9d98-1e16adffefee,20251128,99991231,0.498967124832353,847,2,,479775,<20190405,378+572,378+572,225,6361765,Aleholm,Öppen,dp,Driftplats,10001,Ahm
939,24f37044-fdb7-407d-944b-8a3be19cf256,20251128,99991231,0.484628327179561,847,2,,479775,<20190405,378+572,378+572,225,6361765,Aleholm,Öppen,dp,Driftplats,10001,Ahm
940,"0395124f-288b-48fb-a44d-f3c16e5cc41d",20251128,99991231,0.646227192772223,850,2,Stor,481781,<20190405,"0+70",349+730,294,6389937,Nässjö central,Öppen,dp,Driftplats,3012,N
941,1ef146ef-b43b-48e4-b36a-f27467e5ce3e,20251128,99991231,0.707712375636441,850,2,Stor,481781,<20190405,"0+70",349+730,294,6389937,Nässjö central,Öppen,dp,Driftplats,3012,N
942,ab36a198-7374-44d6-a44e-3dc38fb22a2b,20251128,99991231,0.532993195180463,850,2,Stor,481781,<20190405,"0+70",349+730,294,6389937,Nässjö central,Öppen,dp,Driftplats,3012,N
943,54e38bb2-553c-44b9-8503-ae7eec1a710d,20251128,99991231,0.49915520641979,850,2,Stor,481781,<20190405,"0+70",349+730,294,6389937,Nässjö central,Öppen,dp,Driftplats,3012,N
944,9c3ffd1a-db4a-4c46-99bc-f617fea7e745,20251128,99991231,0.528707967645104,850,2,Stor,481781,<20190405,"0+70",349+730,294,6389937,Nässjö central,Öppen,dp,Driftplats,3012,N
945,ba7303e3-12fb-4866-b2e8-e76c37dda909,20251128,99991231,0.693940593056723,850,2,Stor,481781,<20190405,"0+70",349+730,294,6389937,Nässjö central,Öppen,dp,Driftplats,3012,N
946,121308e4-82cf-4303-9f6d-9bed2ee50bd3,20251128,99991231,0.501089794900364,850,2,Stor,481781,<20190405,"0+70",349+730,294,6389937,Nässjö central,Öppen,dp,Driftplats,3012,N
947,b2e2c7d6-41ec-4009-bed3-15be6b7baf07,20251128,99991231,0.585534596713348,850,2,Stor,481781,<20190405,"0+70",349+730,294,6389937,Nässjö central,Öppen,dp,Driftplats,3012,N
948,21ba05ec-8550-4da0-b521-5fdb820bced7,20251128,99991231,0.606175218126386,850,2,Stor,481781,<20190405,"0+70",349+730,294,6389937,Nässjö central,Öppen,dp,Driftplats,3012,N
949,ee33a723-fae2-4ea6-89f5-845cc204d1ff,20251128,99991231,0.087635915258519,850,2,Stor,481781,<20190405,"0+70",349+730,294,6389937,Nässjö central,Öppen,dp,Driftplats,3012,N
950,52ea4eb0-692e-4d60-94b4-99f1be75fcb5,20251128,99991231,0.355209180688722,850,2,Stor,481781,<20190405,"0+70",349+730,294,6389937,Nässjö central,Öppen,dp,Driftplats,3012,N
951,cbda6fb7-739d-48ff-b25f-d73ba55cc1f6,20251128,99991231,0.501650057470007,850,2,Stor,481781,<20190405,"0+70",349+730,294,6389937,Nässjö central,Öppen,dp,Driftplats,3012,N
952,4f703fba-36d2-4ce3-ac97-6a3b69264bd5,20251128,99991231,0.702455852350832,850,2,Stor,481781,<20190405,"0+70",349+730,294,6389937,Nässjö central,Öppen,dp,Driftplats,3012,N
953,fcd3e56f-241f-4bd8-aff7-7aebc27a7b7e,20251128,99991231,0.094928875061491,850,2,Stor,481781,<20190405,"0+70",349+730,294,6389937,Nässjö central,Öppen,dp,Driftplats,3012,N
954,bf7cd454-4f55-4d11-aa3e-5c92081c4557,20251128,99991231,0.311037988169641,850,2,Stor,481781,<20190405,"0+70",349+730,294,6389937,Nässjö central,Öppen,dp,Driftplats,3012,N
955,8e3901fb-51eb-46f8-8a08-e7898d415029,20251128,99991231,0.765137672649822,853,2,,489454,<20190405,314+152,314+152,167,6421754,Frinnaryd,Öppen,dp,Driftplats,10119,Frd
956,4e8fcf5f-f8de-487e-ab02-54a78160424c,20251128,99991231,0.404287215318427,855,2,,468654,<20190405,96+510,96+510,279,6395194,Forserum,Öppen,dp,Driftplats,931,Fm
957,194fa0e5-23b4-48a0-bdb0-cff6e4fd3e3f,20251128,99991231,0.401867767542578,855,2,,468654,<20190405,96+510,96+510,279,6395194,Forserum,Öppen,dp,Driftplats,931,Fm
958,d04e53ff-7a72-48f3-bb9f-3e7b866c4898,20251128,99991231,0.736008508600749,856,2,,459870,<20190405,85+437,85+437,222,6396091,Tenhult,Öppen,dp,Driftplats,4085,Th
959,bc47694b-d13d-4c85-972b-1d4cb45670a0,20251128,99991231,0.49892552336936,856,2,,459870,<20190405,85+437,85+437,222,6396091,Tenhult,Öppen,dp,Driftplats,4085,Th
960,9dfcb618-76c5-4579-a6ec-e0c7ae69b819,20251128,99991231,0.48012422660354,857,2,,456278,<20190405,75+873,75+873,142,6404718,Huskvarna,Öppen,dp,Driftplats,1611,Hka
961,355a03f4-1a1e-43af-b3a4-70206d084dc2,20251128,99991231,0.219433395912404,857,2,,456278,<20190405,75+873,75+873,142,6404718,Huskvarna,Öppen,dp,Driftplats,1611,Hka
962,1a6ea698-1baf-4379-a557-9f19f0575b62,20251128,99991231,0.696699511477327,858,2,Stor,450323,<20190405,69+105,69+545,91,6405020,Jönköpings central,Öppen,dp,Driftplats,1881,Jö
963,9113ca4d-f347-496c-b949-bb210aba8a8c,20251128,99991231,0.496287547974072,858,2,Stor,450323,<20190405,69+105,69+545,91,6405020,Jönköpings central,Öppen,dp,Driftplats,1881,Jö
964,25882b5e-1c80-489c-b3eb-06eb78f1494f,20251128,99991231,0.322257804779097,858,2,Stor,450323,<20190405,69+105,69+545,91,6405020,Jönköpings central,Öppen,dp,Driftplats,1881,Jö
965,c6243846-e7df-4619-842d-ed9f20478531,20251128,99991231,0.432880585564179,858,2,Stor,450323,<20190405,69+105,69+545,91,6405020,Jönköpings central,Öppen,dp,Driftplats,1881,Jö
966,31d11b86-e42c-4973-9bcb-1b537b2b2790,20251128,99991231,0.983091025654594,859,2,,555597,<20190405,27+502,27+502,83,6289081,Nybro,Öppen,dpd,Driftplatsdel,2959,Nyb
967,b5a0a768-140f-4778-bd61-47e00426fffc,20251128,99991231,0.965814328771898,859,2,,555597,<20190405,27+502,27+502,83,6289081,Nybro,Öppen,dpd,Driftplatsdel,2959,Nyb
968,2a3b8cd5-c3d7-4644-849e-349800ec8090,20251128,99991231,0.31867040872953,860,2,Stor,583383,<20190405,167+5,167+6,2,6280513,Kalmar central,Öppen,dpd,Driftplatsdel,1919,Kac
969,7acf15ce-0003-4d81-a13e-0ac80140b8b0,20251128,99991231,0.036839918399161,860,2,Stor,583383,<20190405,167+5,167+6,2,6280513,Kalmar central,Öppen,dpd,Driftplatsdel,1919,Kac
970,74930a39-fb33-4d55-9968-08080970dfb8,20251128,99991231,0.67240084001535,860,2,Stor,583383,<20190405,167+5,167+6,2,6280513,Kalmar central,Öppen,dpd,Driftplatsdel,1919,Kac
971,8aead23e-d3ad-4088-bb3c-009e3d74d471,20251128,99991231,0.500395423909455,861,2,,581579,<20190405,165+6,165+115,7,6281078,Kalmar södra,Öppen,dpd,Driftplatsdel,1924,Kas
972,daec7426-b71c-4379-8604-48042f362ba8,20251128,99991231,0.52705716960225,861,2,,581579,<20190405,165+6,165+115,7,6281078,Kalmar södra,Öppen,dpd,Driftplatsdel,1924,Kas
973,5a06f7f1-56e6-4cff-9714-0f338c5b973c,20251128,99991231,0.503117095814203,861,2,,581579,<20190405,165+6,165+115,7,6281078,Kalmar södra,Öppen,dpd,Driftplatsdel,1924,Kas
974,d6f2864a-85c0-4f7c-85b0-93e433750e1e,20251128,99991231,0.498959168171987,862,2,,580962,<20190405,40+903,40+925,32,6316028,Blomstermåla,Öppen,dp,Driftplats,366,Bma
975,19c6dbbb-81d8-42c2-8b37-ca8156d93764,20251128,99991231,0.550026870568488,862,2,,580962,<20190405,40+903,40+925,32,6316028,Blomstermåla,Öppen,dp,Driftplats,366,Bma
976,eb3db4c4-7e07-48c6-bbde-531f3f89420b,20251128,99991231,0.417665822719897,863,2,,587798,<20190405,"0+51","0+51",3,6322785,Mönsterås,Öppen,dp,Driftplats,2824,Mss
977,be1ce3d9-7be1-4d6e-95a1-781d76d6e873,20251128,99991231,0.300792576376396,864,2,,562413,<20190405,120+230,120+230,95,6341963,Berga,Öppen,dp,Driftplats,259,Bg
978,fccf991b-7f9b-41ed-8228-12d0f8545b06,20251128,99991231,0.335923320507107,864,2,,562413,<20190405,120+230,120+230,95,6341963,Berga,Öppen,dp,Driftplats,259,Bg
979,c59f91a8-4fa6-494b-bbac-c5126c0a4ec5,20251128,99991231,0.426420297268441,864,2,,562413,<20190405,120+230,120+230,95,6341963,Berga,Öppen,dp,Driftplats,259,Bg
980,da53216a-1826-4fa4-9178-cc8dff613552,20251128,99991231,0.999430738278548,865,2,,587914,<20190405,148+463,148+466,6,6347593,Oskarshamn,Öppen,dp,Driftplats,3077,Oh
981,677caeb3-5cb4-4c51-9229-204e659569ec,20251128,99991231,0.944948844217474,865,2,,587914,<20190405,148+463,148+466,6,6347593,Oskarshamn,Öppen,dp,Driftplats,3077,Oh
982,daf348b9-df6c-4bb4-b804-13489e5c2011,20251128,99991231,0.998756404076971,865,2,,587914,<20190405,148+463,148+466,6,6347593,Oskarshamn,Öppen,dp,Driftplats,3077,Oh
983,7a1331d8-d41a-4d5a-89c8-886b0a942764,20251128,99991231,0.222453965267022,866,2,,552728,<20190405,103+352,103+352,92,6353608,Mörlunda,Öppen,dp,Driftplats,2830,Möa
984,28be1e4c-8975-4741-9d7c-53dc080d62cc,20251128,99991231,0.066164277723906,866,2,,552728,<20190405,103+352,103+352,92,6353608,Mörlunda,Öppen,dp,Driftplats,2830,Möa
985,34376590-8545-4fe7-9e6a-8564403073de,20251128,99991231,0.344452701178583,869,2,,551218,<20190405,101+26,101+26,109,6391520,Vimmerby,Öppen,dp,Driftplats,4512,Vib
986,a22adf52-83d6-42f4-9e84-609d6b8b8369,20251128,99991231,0.348512214138579,869,2,,551218,<20190405,101+26,101+26,109,6391520,Vimmerby,Öppen,dp,Driftplats,4512,Vib
987,55ce001a-2a0c-4d57-bb7e-e4a6b75b3125,20251128,99991231,0.333391188808328,870,2,,534966,<20190405,61+148,61+148,137,6386111,Mariannelund,Öppen,dp,Driftplats,2643,Mnd
988,c097ffb5-d921-480b-9021-6463dccf93bc,20251128,99991231,0.282007502363488,870,2,,534966,<20190405,61+148,61+148,137,6386111,Mariannelund,Öppen,dp,Driftplats,2643,Mnd
989,ebea1076-b50c-49cc-b67f-9ebb608c9f42,20251128,99991231,0.827643840198803,871,2,,520542,<20190405,45+457,45+457,169,6387450,Hjältevad,Öppen,dp,Driftplats,1521,Hvd
990,e4a389a1-e25e-41e7-a6eb-e1a108f09328,20251128,99991231,0.147106829466748,871,2,,520542,<20190405,45+457,45+457,169,6387450,Hjältevad,Öppen,dp,Driftplats,1521,Hvd
991,1a957cd5-46b0-4b16-96ac-a944f0e1db4d,20251128,99991231,0.619270675566988,873,2,,504902,<20190405,36+625,36+645,183,6364804,Vetlanda,Öppen,dp,Driftplats,4483,Vta
992,55a52bb8-3ae4-4151-8d61-5c173a1bd40f,20251128,99991231,0.673721225888971,873,2,,504902,<20190405,36+625,36+645,183,6364804,Vetlanda,Öppen,dp,Driftplats,4483,Vta
993,254a4cbc-537e-4193-a8bd-a07dfdd12a7c,20251128,99991231,0.498839603639895,874,2,,529786,<20190405,58+266,58+285,121,6362386,Kvillsfors,Öppen,lp,linjeplats,2198,Kvf
994,7e116d5c-7d48-4e94-b9b4-0bdbfbf25be4,20251128,99991231,0.500684992923843,874,2,,529786,<20190405,58+266,58+285,121,6362386,Kvillsfors,Öppen,lp,linjeplats,2198,Kvf
995,f98a14fc-18f2-4de2-967d-b86a03e8b0d8,20251128,99991231,0.739950489971278,875,2,,521036,<20190405,73+666,73+666,236,6336126,Åseda,Nedlagd,dp,Driftplats,4761,Åa
996,cacde618-2bbe-4366-bdab-ea50766126b9,20251128,99991231,0.610427394299758,875,2,,521036,<20190405,73+666,73+666,236,6336126,Åseda,Nedlagd,dp,Driftplats,4761,Åa
997,9526746c-34ee-441e-a06d-7aeedd3a7b0a,20251128,99991231,0.232520271222534,879,2,,458158,<20190405,201+40,201+242,201,6316083,Rydaholm,Öppen,dp,Driftplats,3252,Rym
998,"012d04fc-416b-4bd2-acf4-a0d5aa038b04",20251128,99991231,0.341073524632,879,2,,458158,<20190405,201+40,201+242,201,6316083,Rydaholm,Öppen,dp,Driftplats,3252,Rym
999,626d7850-5860-4f95-a367-9ad831879a77,20251128,99991231,0.318990770540745,882,2,Stor,441733,<20190405,172+134,172+142,160,6338545,Värnamo central,Öppen,dpd,Driftplatsdel,4604,Väc
1000,71d3b777-fd90-41f9-9d42-c99d58c7f758,20251128,99991231,0.465582423852221,882,2,Stor,441733,<20190405,172+134,172+142,160,6338545,Värnamo central,Öppen,dpd,Driftplatsdel,4604,Väc
1001,eab5fc8a-317d-42e0-86ca-a132491958c7,20251128,99991231,0.600346219385925,882,2,Stor,441733,<20190405,172+134,172+142,160,6338545,Värnamo central,Öppen,dpd,Driftplatsdel,4604,Väc
1002,3e31a491-d8e3-4253-b765-4ecedb365f55,20251128,99991231,0.317968278788829,882,2,Stor,441733,<20190405,172+134,172+142,160,6338545,Värnamo central,Öppen,dpd,Driftplatsdel,4604,Väc
1003,dcaeda38-a5a9-4d2b-8416-dffab1b5f7ad,20251128,99991231,0.196865127634638,884,2,Stor,448782,<20190405,44+20,44+20,200,6373168,Vaggeryd,Öppen,dp,Driftplats,4374,Vgd
1004,1f8927b8-4dc3-40e4-9b38-deace229b7c5,20251128,99991231,0.500251654040484,895,2,,423378,<20190405,74+236,74+236,129,6271258,Traryd,Öppen,lp,linjeplats,10540,Trd
1005,58d4a93c-09c4-47f0-8b2c-e8eac22a20f8,20251128,99991231,0.500754289629425,895,2,,423378,<20190405,74+236,74+236,129,6271258,Traryd,Öppen,lp,linjeplats,10540,Trd
1006,d9505120-d157-453c-ae48-486e1c1c6bb8,20251128,99991231,0.55500509520096,896,2,,422085,<20190405,77+1006,77+1006,113,6268030,Strömsnäsbruk,Öppen,lp,linjeplats,3825,Sbu
1007,204bdcf6-6711-450a-a985-07481e9b333e,20251128,99991231,0.220968356512579,896,2,,422085,<20190405,77+1006,77+1006,113,6268030,Strömsnäsbruk,Öppen,lp,linjeplats,3825,Sbu
1008,"06887430-03be-45fc-9cef-4a51a0a1b16e",20251128,99991231,0.526661078054902,897,2,,413353,<20190405,35+166,35+166,102,6258122,Markaryd,Öppen,dp,Driftplats,2654,Mrd
1009,6dea6365-d40b-44b1-a652-ad190951d0c5,20251128,99991231,0.381907392158698,897,2,,413353,<20190405,35+166,35+166,102,6258122,Markaryd,Öppen,dp,Driftplats,2654,Mrd
1010,ea296480-8799-4704-89fa-150a7be107bf,20251128,99991231,0.980407716718357,899,2,,379073,<20190405,166+765,166+765,16,6271363,Genevad,Öppen,dp,Driftplats,10134,Gnd
1011,a0f76fa2-50d6-44eb-ab7f-407ad25a1897,20251128,99991231,0.496984848695157,899,2,,379073,<20190405,166+765,166+765,16,6271363,Genevad,Öppen,dp,Driftplats,10134,Gnd
1012,8138e0db-5707-464b-8c76-28ae4d7ce374,20251128,99991231,0.8794117156776,905,2,Stor,367011.405,<20190405,216+848,216+848,5,6235508.226,Ängelholm,Öppen,dp,Driftplats,4828,Ä
1013,6c18d78e-9a01-4d09-b15a-98549785ee7b,20251128,99991231,0.539698882545677,906,2,Stor,372666,<20190405,"0+57",231+95,39,6222807,Åstorp,Öppen,dp,Driftplats,4777,Åp
1014,7d90f969-6688-44e7-ac91-122d5531ae0b,20251128,99991231,0.594074298932014,906,2,Stor,372666,<20190405,"0+57",231+95,39,6222807,Åstorp,Öppen,dp,Driftplats,4777,Åp
1015,2735bdba-c11a-40a8-8059-553a32559c87,20251128,99991231,0.535581716701432,907,2,,364291,<20190405,8+666,8+683,9,6223331,Hasslarp,Öppen,dp,Driftplats,10190,Hlp
1016,980b5dcd-dc8c-4f0b-879b-2ccbc4397273,20251128,99991231,0.500554632834847,907,2,,364291,<20190405,8+666,8+683,9,6223331,Hasslarp,Öppen,dp,Driftplats,10190,Hlp
1017,def2cf2c-d793-4c84-9df6-86e60641a6e1,20251128,99991231,0.499345068952024,914,2,,374013,<20190405,240+47,240+149,41,6214203,Billesholm,Öppen,dp,Driftplats,289,Bih
1018,9e74ea89-7368-43f5-82ea-0ca27eb5e481,20251128,99991231,0.341815574171927,916,2,,356429,<20190405,243+794,243+794,-4,6213321,Helsingborgs central,Öppen,dpd,Driftplatsdel,1688,Hb
1019,c5272768-1ba0-4e70-a5e2-dcb57e2e8da1,20251128,99991231,0.343290658210139,916,2,,356429,<20190405,243+794,243+794,-4,6213321,Helsingborgs central,Öppen,dpd,Driftplatsdel,1688,Hb
1020,2b4708f2-e4c5-4ad3-80da-623b7121c0f0,20251128,99991231,0.417773020277888,916,2,,356429,<20190405,243+794,243+794,-4,6213321,Helsingborgs central,Öppen,dpd,Driftplatsdel,1688,Hb
1021,38bf0268-1ba5-4b5c-9dff-7327d4a33757,20251128,99991231,0.416997240720484,916,2,,356429,<20190405,243+794,243+794,-4,6213321,Helsingborgs central,Öppen,dpd,Driftplatsdel,1688,Hb
1022,86c90bdc-e05c-4ae4-98b8-10571bd15947,20251128,99991231,0.499591289956975,918,2,,419000,<20190405,5+220,5+221,50,6225730,Finja,Öppen,dp,Driftplats,10104,Fin
1023,e5c0150e-f8ca-4bf6-80ac-6f9622833db6,20251128,99991231,0.335756000830249,919,2,,412950,<20190405,11+792,11+792,79,6224732,Tyringe,Öppen,dp,Driftplats,4266,Ty
1024,"0c06aea1-a087-4937-855c-a6d903d9386f",20251128,99991231,0.769289485919347,920,2,,407281,<20190405,17+771,17+771,102,6223135,Västra Torup,Öppen,dp,Driftplats,10598,Vto
1025,c5c86416-7804-4827-88be-5dbdfe41cf30,20251128,99991231,0.64129516547374,923,2,,383776,<20190405,41+643,41+664,34,6222200,Klippan,Öppen,dp,Driftplats,2034,Kl
1026,340e517f-5895-4081-974b-058f7af9a23e,20251128,99991231,0.792188675113163,923,2,,383776,<20190405,41+643,41+664,34,6222200,Klippan,Öppen,dp,Driftplats,2034,Kl
1027,a3f0b39f-0e42-4342-8221-6c72312fbd9e,20251128,99991231,0.705653008764344,926,2,Stor,532818,<20190405,295+234,295+260,123,6276305,Emmaboda,Öppen,dp,Driftplats,775,Em
1028,d0664aa9-67a3-434b-9cbe-b4ae66e606b6,20251128,99991231,0.548741611408287,926,2,Stor,532818,<20190405,295+234,295+260,123,6276305,Emmaboda,Öppen,dp,Driftplats,775,Em
1029,f068e0a9-271f-4afe-a18b-da7f6cc99133,20251128,99991231,0.511064621835446,926,2,Stor,532818,<20190405,295+234,295+260,123,6276305,Emmaboda,Öppen,dp,Driftplats,775,Em
1030,2038fb68-1fb9-4bdd-8828-f21e1a13d5b4,20251128,99991231,0.487718887444326,926,2,Stor,532818,<20190405,295+234,295+260,123,6276305,Emmaboda,Öppen,dp,Driftplats,775,Em
1031,762fbf62-f56d-4104-9a5c-7352fcae4bb6,20251128,99991231,0.485597970731977,928,2,,419790,<20190405,56+61,56+61,91,6239437,Bjärnum,Öppen,dp,Driftplats,5004,Bjm
1032,89f5bb17-c9d0-47a3-93f5-87adf18cba53,20251128,99991231,0.484097578052817,928,2,,419790,<20190405,56+61,56+61,91,6239437,Bjärnum,Öppen,dp,Driftplats,5004,Bjm
1033,b07e3147-4e07-42e0-964d-9e3f9b358299,20251128,99991231,0.04473550760268,931,2,,489943,<20190405,11+806,11+806,259,6391498,Ormaryd,Öppen,lp,linjeplats,3059,Ory
1034,7c58f7af-722e-4f6c-8c58-b3c8ae45cbf8,20251128,99991231,0.397107552480801,933,2,,346820,<20190405,8+251,8+251,97,6511170,Dals Rostock,Öppen,lp,linjeplats,10076,Drt
1035,f6df401a-d4ea-428b-a639-ae92b30b3f29,20251128,99991231,0.611851929753949,935,2,,313744,<20190405,56+745,56+745,165,6534426,Mon,Öppen,lp,linjeplats,10365,Mon
1036,6a7cc9ea-974c-42e1-b95b-929351a7fc9e,20251128,99991231,0.638123571796739,938,2,Stor,340418,<20190405,22+623,396+231,62,6471668,Öxnered,Öppen,dp,Driftplats,4994,Öx
1037,961b7c27-dd8c-41fe-8a37-96820f6e35aa,20251128,99991231,0.732554363861333,938,2,Stor,340418,<20190405,22+623,396+231,62,6471668,Öxnered,Öppen,dp,Driftplats,4994,Öx
1038,a216cfbd-543b-4f05-ae03-df056a253520,20251128,99991231,0.353613727563023,938,2,Stor,340418,<20190405,22+623,396+231,62,6471668,Öxnered,Öppen,dp,Driftplats,4994,Öx
1039,ec9e01ea-1147-414a-a905-97a313b6f4bf,20251128,99991231,0.486879213508466,939,2,,349671,<20190405,363+530,363+530,68,6501915,Erikstad,Öppen,dp,Driftplats,10100,Erk
1040,467886a7-f1ae-4d84-8cde-67eedfc1d207,20251128,99991231,0.73816328864973,939,2,,349671,<20190405,363+530,363+530,68,6501915,Erikstad,Öppen,dp,Driftplats,10100,Erk
1041,a62586ea-1fb0-493f-b667-db41656e51aa,20251128,99991231,0.452990022273395,939,2,,349671,<20190405,363+530,363+530,68,6501915,Erikstad,Öppen,dp,Driftplats,10100,Erk
1042,32f5a6f6-b5c5-493c-aef0-9d048a2a7409,20251128,99991231,0.599278778322681,942,2,,349375,<20190405,23+842,23+842,80,6531548,Tisselskog,Öppen,lp,linjeplats,4109,Tsl
1043,97587825-b9f2-41e5-85c3-5daccbbe32fc,20251128,99991231,0.501149686785283,944,2,,331772,<20190405,2+645,2+645,3,6435323,Lödöse,Öppen,lp,linjeplats,10342,Löö
1044,f10b742f-cce7-4c10-8e0e-df527b91a7e1,20251128,99991231,0.362674906148656,946,2,,341455,<20190405,380+708,380+708,63,6486949,Frändefors,Öppen,dp,Driftplats,10121,Fdf
1045,"016cb871-3330-4d6a-8c22-8d38a5733247",20251128,99991231,0.330854730623528,946,2,,341455,<20190405,380+708,380+708,63,6486949,Frändefors,Öppen,dp,Driftplats,10121,Fdf
1046,453e905a-4c3d-4ca2-94f4-48b7b3259416,20251128,99991231,0.513693188436252,948,2,,343238,<20190405,430+421,430+421,56,6410613,Floda,Öppen,dp,Driftplats,910,Fd
1047,f484f27f-69b6-446e-977b-c9b9b32c1393,20251128,99991231,0.532855128800314,948,2,,343238,<20190405,430+421,430+421,56,6410613,Floda,Öppen,dp,Driftplats,910,Fd
1048,90ef1dfa-b3cf-4bea-9a18-e9c92564b998,20251128,99991231,0.598307718760827,948,2,,343238,<20190405,430+421,430+421,56,6410613,Floda,Öppen,dp,Driftplats,910,Fd
1049,a906a498-33cb-4214-b245-00502cd71296,20251128,99991231,0.579812035236609,950,2,,353852,<20190405,412+250,412+250,65,6423240,Alingsås,Öppen,dp,Driftplats,119,A
1050,6ac217a9-eed1-4abb-8a1a-7c944eb69e61,20251128,99991231,0.699470710232568,950,2,,353852,<20190405,412+250,412+250,65,6423240,Alingsås,Öppen,dp,Driftplats,119,A
1051,"0334a418-d8cd-4509-88de-518476c7d95a",20251128,99991231,0.36892574841331,950,2,,353852,<20190405,412+250,412+250,65,6423240,Alingsås,Öppen,dp,Driftplats,119,A
1052,3ba3af50-1112-4ecb-86f6-29e1ea31268d,20251128,99991231,0.315583079204191,950,2,,353852,<20190405,412+250,412+250,65,6423240,Alingsås,Öppen,dp,Driftplats,119,A
1053,a84d524b-0a7f-41aa-87e7-189211d052ff,20251128,99991231,0.627244908871638,951,2,,294717,<20190405,27+800,27+800,4,6470098,Lyse,Ejunderh,lp,linjeplats,10335,Lye
1054,"07a02f45-1815-4d9d-8f99-5680c84e7355",20251128,99991231,0.444451465386355,952,2,,294524,<20190405,19+900,19+900,48,6476632,Brastad,Ejunderh,lp,linjeplats,10048,Bsa
1055,c36488f8-3b87-4c20-b96c-99eeaf245401,20251128,99991231,0.485838212443473,953,2,,297455,<20190405,10+202,10+202,20,6485099,Hallinden,Ejunderh,lp,linjeplats,10179,Hal
1056,c244dcf0-6c86-432e-aa45-41ddd38a8cd6,20251128,99991231,0.451403332123154,955,2,,320324,<20190405,4+368,4+368,5,6402352,Göteborg Kville,Öppen,dpd,Driftplatsdel,1326,Gk
1057,a6f4f829-5353-45bb-a206-6a6b177516a6,20251128,99991231,0.103151120317487,955,2,,320324,<20190405,4+368,4+368,5,6402352,Göteborg Kville,Öppen,dpd,Driftplatsdel,1326,Gk
1058,edfef5d3-759c-448c-8dd3-7b55800a4dfe,20251128,99991231,0.375632120763556,955,2,,320324,<20190405,4+368,4+368,5,6402352,Göteborg Kville,Öppen,dpd,Driftplatsdel,1326,Gk
1059,1a68e64e-951d-4a92-b708-b347ce348fc9,20251128,99991231,0.709189574770446,959,2,,295006,<20190405,131+135,131+135,95,6502030,Rabbalshede,Öppen,lp,linjeplats,3150,Rbh
1060,6bed5a90-fc4f-45fc-8034-10c86cdf3cc8,20251128,99991231,0.685662237580967,960,2,,283547,<20190405,158+236,158+236,3,6523700,Kragenäs,Öppen,lp,linjeplats,10287,Kgs
1061,"0b1a8036-784c-4152-ae3f-15d0fddd4d3b",20251128,99991231,0.625444240178118,961,2,,284841,<20190405,173+315,173+315,4,6537538,Skee,Öppen,dp,Driftplats,3503,Ske
1062,43670373-d755-491c-b00e-1235c418fcd3,20251128,99991231,0.734873243146267,963,2,,339267,<20190405,26+291,26+291,66,6397358,Härryda,Öppen,dp,Driftplats,4995,Häy
1063,29314b85-9f10-4dd6-984a-d37e52614e82,20251128,99991231,0.989686275751628,963,2,,339267,<20190405,26+291,26+291,66,6397358,Härryda,Öppen,dp,Driftplats,4995,Häy
1064,c68aa153-721f-4874-9764-d7ee00393b7c,20251128,99991231,0.705795717573576,964,2,,453592,<20190405,31+300,31+300,241,6780166,Blyberg,Öppen,lp,linjeplats,368,Bbe
1065,8eb03c5d-90fa-4ff5-a5a9-e4f6d861f059,20251128,99991231,0.498839907192575,965,2,,506895,<20190405,"0+0","0+0",207,6781984,Tappudden,Avstängd,lp,linjeplats,10529,Tpu
1066,f89e8487-600f-4eab-b4e8-cdfd453881b0,20251128,99991231,0.217257292337785,967,2,,484088,<20190405,111+300,111+300,207,6781466,Kallholsfors,Öppen,lp,linjeplats,1912,Klh
1067,d5fa3a82-a325-4d9e-8766-6196e49f6aea,20251128,99991231,0.481802528989651,968,2,,473581,<20190405,216+200,216+200,190,6760954,Lomsmyren,Öppen,lp,linjeplats,10326,Lom
1068,292dcdde-5ddd-4f9f-8582-63c7d2fd7b7e,20251128,99991231,0.592426513816692,969,2,,474250,<20190405,216+886,216+886,193,6761102,Wibe,Öppen,lp,linjeplats,10577,Wibe
1069,f35d58b9-02a3-421a-9e2d-09808fa16989,20251128,99991231,0.754610809457332,970,2,,475174,<20190405,218+441,218+441,176,6762338,Mora kommuns industrispår,Öppen,lp,linjeplats,2723,Mrai
1070,a5409104-b5e3-45c0-b502-0f8ec0e4642b,20251128,99991231,0.576435082265094,972,2,,484372,<20190405,245+700,245+700,215,6786223,Tallhed,Öppen,lp,linjeplats,4055,Thd
1071,"0157c6e2-ac9e-4ab4-97e6-45ffec2637e4",20251128,99991231,0.022883568867546,976,2,,490817,<20190405,401+445,401+445,283,6900022,Överhogdals grusgrop,Öppen,lp,linjeplats,10636,Öhlg
1072,3e34b9e5-2646-4b3d-817d-db58192c551d,20251128,99991231,0.537711166233025,979,2,,466967,<20190405,440+200,440+200,401,6927730,Röjan,Öppen,dp,Driftplats,3319,Rjn
1073,3d0d334d-a513-4f87-ae10-85715dee23b2,20251128,99991231,0.414257356396624,983,2,,465043,<20190405,286+725,286+725,234,6712576,Dala-Järna,Öppen,dp,Driftplats,636,Dj
1074,5153a34f-c4f6-4c42-8f44-b8c0a9df0db0,20251128,99991231,0.220961147034288,983,2,,465043,<20190405,286+725,286+725,234,6712576,Dala-Järna,Öppen,dp,Driftplats,636,Dj
1075,e1fb6574-4ea0-4bb9-b656-5a7a94f0b6c5,20251128,99991231,0.39769763664874,984,2,,448617,<20190405,161+183,161+183,272,6705182,Rågsveden,Öppen,dp,Driftplats,3284,Råg
1076,6f081eff-d02c-46f2-8cb4-644abb1afb5e,20251128,99991231,0.046359492705215,998,2,,501134,<20190405,28+326,28+326,223,6371989,Ekenässjön,Öppen,lp,linjeplats,750,Esn
1077,4b7d1d6b-0af7-4dc2-a3de-3438d5082d3f,20251128,99991231,0.058581180586507,1000,2,,507418,<20190405,51+783,51+783,239,6350990,Korsberga,Nedlagd,lp,linjeplats,2089,Kba
1078,93a9e615-e748-4ea3-9a1e-637cea2346e4,20251128,99991231,0.5,1002,2,,378403,<20190405,612+380,612+445,3,6167023,Arlöv,Öppen,dpd,Driftplatsdel,177,Al
1079,ec0aaa54-f3ba-491a-9709-30d79d6beebf,20251128,99991231,0.501581224419918,1007,2,,581886,<20190405,19+557,19+557,15,6296735,Rockneby,Öppen,lp,linjeplats,10426,Rby
1080,f70cf34a-75e5-402c-aba4-a18541b86676,20251128,99991231,0.958634299135975,1007,2,,581886,<20190405,19+557,19+557,15,6296735,Rockneby,Öppen,lp,linjeplats,10426,Rby
1081,c7e0da1d-adcb-44e3-ad07-1564e08e4a78,20251128,99991231,0.500655010511959,1014,2,,470264,<20190405,42+422,42+569,53,6237242,Olofström,Öppen,dp,Driftplats,3042,Of
1082,b5596821-4331-4036-a79c-b0a116d6e948,20251128,99991231,0.527680267433187,1014,2,,470264,<20190405,42+422,42+569,53,6237242,Olofström,Öppen,dp,Driftplats,3042,Of
1083,fda816d8-78b0-4514-b0f4-b0eaa336c372,20251128,99991231,0.456231720142731,1014,2,,470264,<20190405,42+422,42+569,53,6237242,Olofström,Öppen,dp,Driftplats,3042,Of
1084,5dda35c8-8a1e-4552-9721-81a82f0af429,20251128,99991231,0.098757316392933,1015,2,Stor,568681,<20190405,182+292,182+292,2,6495702,Norrköpings central,Öppen,dp,Driftplats,2930,Nr
1085,f1cf95ff-5647-4d22-8858-33211c7f7a51,20251128,99991231,0.205845904150625,1015,2,Stor,568681,<20190405,182+292,182+292,2,6495702,Norrköpings central,Öppen,dp,Driftplats,2930,Nr
1086,65aabda4-c103-49f5-96d5-93b832916174,20251128,99991231,0.714380738379944,1015,2,Stor,568681,<20190405,182+292,182+292,2,6495702,Norrköpings central,Öppen,dp,Driftplats,2930,Nr
1087,82635f6d-ab6b-4007-9d66-5531706d4b1a,20251128,99991231,0.567060421492865,1019,2,,552996,<20190405,505+65,505+65,121,6930750,Johannisberg,Öppen,dp,Driftplats,1830,Jbg
1088,ff48cb88-336f-4a17-897c-06fef8af8548,20251128,99991231,0.41158202309808,1019,2,,552996,<20190405,505+65,505+65,121,6930750,Johannisberg,Öppen,dp,Driftplats,1830,Jbg
1089,f8f4a045-19de-4ff5-bd30-1588c27e8728,20251128,99991231,0.503219502738047,1021,2,,778469,<20190405,1194+247,1194+247,190,7355495,Gullträsk,Öppen,dp,Driftplats,10163,Glt
1090,4ccf5d16-d832-4158-8a41-d181782336eb,20251128,99991231,0.500944816193517,1021,2,,778469,<20190405,1194+247,1194+247,190,7355495,Gullträsk,Öppen,dp,Driftplats,10163,Glt
1091,cac641ae-daca-4d07-8c1c-69e44fe3a44e,20251128,99991231,0.761077367025518,1021,2,,778469,<20190405,1194+247,1194+247,190,7355495,Gullträsk,Öppen,dp,Driftplats,10163,Glt
1092,cbb34648-825d-4531-8f7d-c7909552c995,20251128,99991231,0.652323470640458,1028,2,,668186,<20190405,302+262,302+265,428,7280779,Avaviken,Öppen,lp,linjeplats,210,Ava
1093,c7d9f4c9-3bbe-4bbe-b39e-0f8fad2ae231,20251128,99991231,0.150805049493347,1028,2,,668186,<20190405,302+262,302+265,428,7280779,Avaviken,Öppen,lp,linjeplats,210,Ava
1094,9a048275-8ff3-4ac5-bf45-9e964a41f8e4,20251128,99991231,0.615913519970977,1038,2,,481700,<20190405,12+618,12+618,317,7016858,Åskott,Öppen,lp,linjeplats,10615,Åkt
1095,c62600d5-bbaa-4571-b3f8-8cadcc1a6398,20251128,99991231,0.085781372747869,1038,2,,481700,<20190405,12+618,12+618,317,7016858,Åskott,Öppen,lp,linjeplats,10615,Åkt
1096,3c4224b4-ffa4-4e0c-9648-a6cd5c54541e,20251128,99991231,0.414176697672023,1039,2,,570269,<20190405,78+700,78+700,216,7076329,Backe,Öppen,lp,linjeplats,230,Be
1097,f03271ba-71cf-40c4-8a6f-25ae0617de3a,20251128,99991231,0.499455914662453,1043,2,,541750,<20190405,135+65,135+65,271,7092978,Lövberga,Öppen,lp,linjeplats,2570,Löb
1098,e36431c4-b0f0-4e65-be57-1eb4d569a10c,20251128,99991231,0.288237756431751,1043,2,,541750,<20190405,135+65,135+65,271,7092978,Lövberga,Öppen,lp,linjeplats,2570,Löb
1099,44d6b3db-bf1e-46d7-8dd6-ab9552dcc917,20251128,99991231,0.435071650047232,1050,2,,616513,<20190405,242+608,242+608,351,7273522,Sorsele industrispår,Öppen,lp,linjeplats,10483,Sir
1100,fd931387-9608-49d0-b444-cac0e76532ac,20251128,99991231,0.873626848888509,1055,2,,570325,<20190405,190+270,190+270,314,7126379,Storbergets industrispår,Öppen,lp,linjeplats,10499,Sti
1101,5257d528-a56d-4f73-9dbc-28173b217c94,20251128,99991231,0.020092408157531,1059,2,,577089,<20190405,248+205,248+205,347,7170361,Vilhelmina timmer,Öppen,lp,linjeplats,10581,Vmat
1102,b1d75d84-48d1-46ca-ae09-2be34f40a35a,20251128,99991231,0.506412301567288,1060,2,,577008,<20190405,248+778,248+778,351,7170928,Lövliden,Öppen,lp,linjeplats,10347,Lvd
1103,3e02c1f4-e381-4d0e-be19-45d1b502e5e4,20251128,99991231,0.506098743678931,1060,2,,577008,<20190405,248+778,248+778,351,7170928,Lövliden,Öppen,lp,linjeplats,10347,Lvd
1104,97a35829-d69c-495f-8232-5a1a2e1c0ce9,20251128,99991231,0.224664533014186,1064,2,,597229,<20190405,302+241,302+241,389,7211936,Vinlidsberg,Öppen,lp,linjeplats,10584,Vld
1105,6fe44a6b-08df-41e9-b565-b153bcc80d19,20251128,99991231,0.371091017032032,1064,2,,597229,<20190405,302+241,302+241,389,7211936,Vinlidsberg,Öppen,lp,linjeplats,10584,Vld
1106,a87fbd7b-ab9f-4074-b173-8207b197d799,20251128,99991231,0.983194913033765,1065,2,,590118,<20190405,42+106,42+106,164,7048373,Betåsen,Öppen,lp,linjeplats,10027,Btå
1107,a24020e2-b424-4668-aafc-cb645b8e69f6,20251128,99991231,0.49979197183839,1066,2,,884931,<20190405,1263+812,1263+812,52,7349816,Lappträsk,Nedlagd,lp,linjeplats,2312,Lpk
1108,43a952e1-3b51-479f-b166-2caab29f1e4d,20251128,99991231,0.342484389696262,1073,2,Stor,692122,<20190405,75+558,75+558,385,7280435,Arvidsjaur,Öppen,dp,Driftplats,185,Ajr
1109,a09b098c-59de-49e6-bdf8-f6c9f76751dd,20251128,99991231,0.670880818623495,1080,2,,701698,<20190405,123+629,123+629,338,7313920,Moskosel,Öppen,dp,Driftplats,2744,Mos
1110,24359d24-4bd7-48e1-bc0b-6ec8ffeaadce,20251128,99991231,0.136974018073126,1080,2,,701698,<20190405,123+629,123+629,338,7313920,Moskosel,Öppen,dp,Driftplats,2744,Mos
1111,6480567d-daf0-4752-af07-5cfe7ee5b0aa,20251128,99991231,0.42880772703975,1083,2,,710006,<20190405,217+160,217+160,375,7371304,Maitum,Öppen,lp,linjeplats,10348,Mtm
1112,4cde2ab9-f7b3-47a6-baea-cd66c7c0b01c,20251128,99991231,0.428807761525711,1083,2,,710006,<20190405,217+160,217+160,375,7371304,Maitum,Öppen,lp,linjeplats,10348,Mtm
1113,73a4afa5-69d7-4cbf-9602-fa6d85fa18f0,20251128,99991231,0.766533779325747,1085,2,,694877,<20190405,70+743,70+743,391,7276822,Nordlunda,Öppen,lp,linjeplats,10381,Norl
1114,ac92dc58-2aaf-438c-aa46-55f5e33b1b11,20251128,99991231,0.730518747655588,1087,2,,690265,<20190405,81+758,81+758,371,7285820,Norra Kikkejaur,Öppen,lp,linjeplats,10384,Nkr
1115,fd10348c-adc2-4434-a351-eedc96d26146,20251128,99991231,0.44078863192093,1101,2,,705093,<20190405,147+414,147+414,306,7332292,Varjisträsk,Öppen,lp,linjeplats,4434,Vaj
1116,d65349b7-9800-41ab-b47d-00108acdc3f7,20251128,99991231,0.806801245576784,1103,2,,428453,<20190405,6+440,6+440,34,6221947,Attarp,Öppen,dp,Driftplats,10019,Atp
1117,463db69c-e871-4ecf-8e08-b1e723e989c2,20251128,99991231,0.390654673847914,1104,2,,679821,<20190405,59+206,59+206,235,7168126,Lycksele timmer,Öppen,lp,linjeplats,10333,Lyt
1118,b33ce525-5263-4f1e-94fb-53ab957e3c9a,20251128,99991231,0.384177632564971,1105,2,,678416,<20190405,60+618,60+618,226,7168308,Lyckselesågen,Öppen,lp,linjeplats,10334,Lyg
1119,397ef29d-397b-43de-96fe-c5c54104da66,20251128,99991231,0.390654673847914,1106,2,,396105,<20190405,15+470,15+470,53,6264736,Knäred,Öppen,lp,linjeplats,5003,Knä
1120,fd43526a-5d5b-4422-83e6-0e5a1ed5a79d,20251128,99991231,0.366858041159171,1107,2,,677053,<20190405,62+200,62+200,218,7167873,Lycksele industrispår,Öppen,lp,linjeplats,10332,Lsp
1121,af4619a6-8283-4dd2-a28b-89655444632d,20251128,99991231,0.484790191981004,1109,2,,414442,<20190405,89+0,89+0,112,6260834,Timsfors,Öppen,lp,linjeplats,4103,Tim
1122,d1e924c2-fa8f-4b6b-942a-75841cc9f7ee,20251128,99991231,0.238539074670518,1109,2,,414442,<20190405,89+0,89+0,112,6260834,Timsfors,Öppen,lp,linjeplats,4103,Tim
1123,"004171cd-521c-481f-9282-432d575d3413",20251128,99991231,0.511611542932773,1114,2,,613681,<20190405,183+137,183+137,18,6788810,Ljusne bruk,Öppen,lp,linjeplats,10322,Lsb
1124,199c3714-c680-4577-bc6e-d9845aaf08b5,20251128,99991231,0.499917390816995,1118,2,,447476,<20190405,1+231,1+349,3,6210985,Kristianstad GBG,Öppen,dpd,Driftplatsdel,10290,Crgb
1125,a69e1804-d2c9-49e6-af66-ab30c2764508,20251128,99991231,0.489852949309063,1118,2,,447476,<20190405,1+231,1+349,3,6210985,Kristianstad GBG,Öppen,dpd,Driftplatsdel,10290,Crgb
1126,1da16a70-7027-48f1-bc86-b22a27de55cd,20251128,99991231,0.488710062405982,1118,2,,447476,<20190405,1+231,1+349,3,6210985,Kristianstad GBG,Öppen,dpd,Driftplatsdel,10290,Crgb
1127,16b71b5c-d2ca-4883-9dae-b7d381a97edc,20251128,99991231,0.044330009260925,1122,2,,475126,<20190405,407+546,407+546,216,6334142,Grevaryd,Öppen,dp,Driftplats,10148,Grd
1128,8574aaaa-e66a-4bbb-b4df-4b9f8a2ff72c,20251128,99991231,0.998840818314089,1128,2,,443271,<20190405,35+265,35+265,9,6212373,Vinnö,Nedlagd,lp,linjeplats,4523,Vnö
1129,fef6dcba-ede1-47b5-8125-5c4198b0e865,20251128,99991231,0.95865567498577,1131,2,,503403,<20190405,2+967,202+601,68,6546585,Hallsbergs rangerbangård,Öppen,dpd,Driftplatsdel,1373,Hrbg
1130,1c39f0db-e6d4-428f-9265-63ff1f7361b8,20251128,99991231,2.2960008322e-05,1131,2,,503403,<20190405,2+967,202+601,68,6546585,Hallsbergs rangerbangård,Öppen,dpd,Driftplatsdel,1373,Hrbg
1131,f5ace156-ac78-46ac-b9de-dbee80ee9ffe,20251128,99991231,0.090671550055106,1131,2,,503403,<20190405,2+967,202+601,68,6546585,Hallsbergs rangerbangård,Öppen,dpd,Driftplatsdel,1373,Hrbg
1132,fde893bf-c818-48de-8c3e-5ad7ed14665f,20251128,99991231,0.630791163828242,1131,2,,503403,<20190405,2+967,202+601,68,6546585,Hallsbergs rangerbangård,Öppen,dpd,Driftplatsdel,1373,Hrbg
1133,fc5900de-6a73-4015-b900-d668bfca18a1,20251128,99991231,0.372200481382808,1138,2,,511725,<20190405,37+297,37+297,161,6365020,Holsbybrunn,Öppen,lp,linjeplats,10205,Hbr
1134,74e6dabd-7575-4216-b626-01ba63b6b10d,20251128,99991231,0.042027612235257,1140,2,,541678,<20190405,81+930,81+930,130,6407213,Gullringen,Öppen,lp,linjeplats,1227,Gng
1135,e2f777ad-1ea3-4806-a78e-3c6d4ca0c6ed,20251128,99991231,0.788404269244334,1141,2,,547206,<20190405,91+145,91+145,123,6400068,Södra Vi,Öppen,lp,linjeplats,3984,Svi
1136,"02064313-8dbc-4cbd-abb4-3cde32a07a54",20251128,99991231,0.954953203854481,1142,2,,551885,<20190405,104+68,104+68,108,6388643,Vimmerby Hamra,Öppen,lp,linjeplats,10582,Vibh
1137,9ab2a1dd-efd0-4d83-812a-5cb09c0dd315,20251128,99991231,0.02631344799269,1143,2,,550955,<20190405,111+411,111+411,110,6382719,Storebro,Öppen,lp,linjeplats,3783,Sro
1138,"0deb53d8-f28d-42d8-8ff7-334850797b0e",20251128,99991231,0.03610238214544,1147,2,,507688,<20190405,31+624,31+624,216,6389138,Hult,Öppen,lp,linjeplats,1589,Hul
1139,8e755dcf-94be-4a20-8916-ded2eea45b2e,20251128,99991231,0.031235010452796,1148,2,,509210,<20190405,234+251,234+251,132,6518688,Jakobshyttan,Öppen,dp,Driftplats,10237,Jho
1140,1c9306ee-b3dc-4902-9ce2-bf0b92ca586b,20251128,99991231,0.976710606100568,1154,2,,545451,<20190405,75+546,75+546,115,6377329,Silverdalens bruk,Öppen,lp,linjeplats,3440,Sid
1141,7afd208a-db44-401e-8050-cf25fa876498,20251128,99991231,0.494699727538609,1155,2,,550050,<20190405,81+628,81+628,106,6373464,Hulingsryd,Öppen,lp,linjeplats,10208,Hud
1142,85408873-1ee4-4b50-a668-800de1e3cf1e,20251128,99991231,0.958190871062159,1160,2,,567614,<20190405,61+732,61+732,79,6330232,Ruda,Öppen,lp,linjeplats,10429,Rud
1143,71553700-8a10-48d7-9f7c-9ac635a9d167,20251128,99991231,0.011020391774699,1164,2,,384653,<20190405,150+733,150+733,89,6319603,Brännögård,Öppen,lp,linjeplats,532,Bög
1144,ef597a95-cef3-4b4b-959b-4ec9ad7f3364,20251128,99991231,0.486352440366085,1165,2,,597456,<20190405,119+624,119+624,61,6645753,Isätra,Öppen,dp,Driftplats,10236,Ist
1145,2fba0c2a-b7fb-49fb-960a-bb00326be1d1,20251128,99991231,0.243653445720803,1167,2,,382286,<20190405,113+698,113+698,180,6417409,Borgstena,Öppen,dp,Driftplats,426,Boa
1146,d1a5aa1e-33c6-4900-bb90-c7eb6ec78053,20251128,99991231,0.49980999004768,1172,2,,340925,<20190405,197+18,197+18,17,6351474,Järlövsby,Öppen,lp,linjeplats,1864,Jäy
1147,ba2de242-b30d-4f93-a38b-46ef15ad5d28,20251128,99991231,0.509718149242653,1191,2,,452197,<20190405,10+324,10+324,140,6259102,Hökön,Öppen,lp,linjeplats,10231,Hkö
1148,2eb76fbb-8762-4f2c-934e-8783e0a47390,20251128,99991231,0.507528402167784,1191,2,,452197,<20190405,10+324,10+324,140,6259102,Hökön,Öppen,lp,linjeplats,10231,Hkö
1149,119eeeb4-fab0-4c16-946e-c00344a54d09,20251128,99991231,0.000126490398867,1192,2,,528363,<20190405,54+1,54+1,165,6386249,Vallnäs,Öppen,lp,linjeplats,10564,Vln
1150,da53301e-4042-4401-84b6-beccb88babec,20251128,99991231,0.325427755421932,1196,2,,424657,<20190405,50+275,50+275,57,6501175,Lugnås,Öppen,lp,linjeplats,2478,Lnå
1151,36fad185-0199-4983-82ac-732469e24589,20251128,99991231,0.512316170197143,1205,2,,385964,<20190405,103+791,103+791,63,6479380,Lovene,Öppen,lp,linjeplats,2470,Lve
1152,1b6bac52-a04b-48e1-af16-1a3ea4d6ac7b,20251128,99991231,0.325520614136118,1217,2,,619331,<20190405,358+886,358+886,48,6926127,Birsta,Öppen,dp,Driftplats,10028,Bia
1153,e6b562ed-9ebe-42d8-8b12-cfa014cd6b77,20251128,99991231,0.489538588282396,1219,2,,649988,<20190405,416+960,416+960,8,6950436,Murbergsviken,Ejunderh,lp,linjeplats,10370,Mbv
1154,61aed894-a3e2-4bcb-bb13-f4ac73a6dccb,20251128,99991231,0.51768646449484,1220,2,,645651,<20190405,422+350,422+350,4,6952749,Älandsbro,Ejunderh,lp,linjeplats,4793,Äsb
1155,29e342aa-ea56-4193-80f2-c91b4d82ee8c,20251128,99991231,0.574214657825903,1221,2,,555556,<20190405,507+875,507+875,98,6929917,Ljungaverks lastplats,Öppen,lp,linjeplats,2434,Ljun
1156,d5b0675a-c7e3-42ea-9ae9-3390a67ab845,20251128,99991231,0.683736790541505,1222,2,,551134,<20190405,502+920,502+920,118,6931777,Callans såg,Öppen,lp,linjeplats,10073,Cas
1157,413d2954-0a5e-4ebe-b66e-f2b3b94ea7e9,20251128,99991231,0.808672348112223,1231,2,,438635,<20190405,30+751,30+751,58,6512722,Hasslerör,Öppen,lp,linjeplats,1430,Hsr
1158,2b6b9591-3595-44a4-b9aa-77239f5a689e,20251128,99991231,0.490902271514615,1247,2,,371753,<20190405,21+230,21+472,29,6199903,Tågarp,Öppen,dp,Driftplats,8891,Tgp
1159,28ff2c47-4db9-40cf-a29f-bdfd903df4f1,20251128,99991231,0.731461354188264,1247,2,,371753,<20190405,21+230,21+472,29,6199903,Tågarp,Öppen,dp,Driftplats,8891,Tgp
1160,58b92ad5-ef63-46e4-809b-ea9baaefc52a,20251128,99991231,0.609345326152086,1263,2,,447835,<20190405,31+100,31+100,3,6208806,Kristianstads södra,Öppen,lp,linjeplats,10292,Crs
1161,8c5ea02c-d5b2-4647-8055-3deb023d8519,20251128,99991231,0.034694290127129,1273,2,,470397,<20190405,98+886,98+886,288,6396213,Krökesbo,Öppen,lp,linjeplats,10293,Kröb
1162,100b8bad-a7b8-4b41-9600-8a17df65072c,20251128,99991231,0.583936810829252,1276,2,,450807,<20190405,4+398,4+440,92,6402743,Jönköpings godsbangård,Öppen,dp,Driftplats,1883,Jögb
1163,cd7300c1-0181-4535-92f2-8ffafd413ab1,20251128,99991231,0.536723140991595,1276,2,,450807,<20190405,4+398,4+440,92,6402743,Jönköpings godsbangård,Öppen,dp,Driftplats,1883,Jögb
1164,1133f3da-146a-4b52-bd5e-04b973f8f80f,20251128,99991231,0.537377923595913,1276,2,,450807,<20190405,4+398,4+440,92,6402743,Jönköpings godsbangård,Öppen,dp,Driftplats,1883,Jögb
1165,1be5411a-5d4f-4a49-a466-05838bac9d1d,20251128,99991231,0.536261399299393,1276,2,,450807,<20190405,4+398,4+440,92,6402743,Jönköpings godsbangård,Öppen,dp,Driftplats,1883,Jögb
1166,efefade0-bf7d-464f-9ec9-3a4c3e73237c,20251128,99991231,0.527975252434495,1276,2,,450807,<20190405,4+398,4+440,92,6402743,Jönköpings godsbangård,Öppen,dp,Driftplats,1883,Jögb
1167,8e216d04-b6d1-47cf-afd5-2c01a57f39f3,20251128,99991231,0.001629507275614,1286,2,,385085,<20190405,87+382,87+382,215,6391514,Aplared,Öppen,lp,linjeplats,4998,Apd
1168,cd01e218-fb96-4a30-8094-575cb29fd2d7,20251128,99991231,0.651629319120845,1293,2,,405909,<20190405,347+915,347+915,105,6597271,Stenåsen,Öppen,dp,Driftplats,10493,Sån
1169,4e866ad1-db8d-44cc-8b31-bfb019532d01,20251128,99991231,0.128678143930048,1293,2,,405909,<20190405,347+915,347+915,105,6597271,Stenåsen,Öppen,dp,Driftplats,10493,Sån
1170,8205fec3-b0c2-4b8a-8a9c-729ae20c2aa8,20251128,99991231,0.549385004375988,1294,2,,399185,<20190405,355+299,355+299,76,6599283,Fagerås,Öppen,lp,linjeplats,837,Fgå
1171,6fffa911-4776-4a39-910b-9ee9af86d06d,20251128,99991231,0.38606858264824,1295,2,,384175,<20190405,375+958,375+958,62,6611150,Brunsbergstunneln,Öppen,lp,linjeplats,10058,Bu
1172,c3c13cc2-cc8d-49be-b388-256583b516a9,20251128,99991231,0.745120615233035,1303,2,,568847,<20190405,6+275,6+275,32,6609130,Hallstahammar,Öppen,dp,Driftplats,1375,Hh
1173,eb426676-356a-436f-94a9-2d8cea03a780,20251128,99991231,0.626388582005136,1303,2,,568847,<20190405,6+275,6+275,32,6609130,Hallstahammar,Öppen,dp,Driftplats,1375,Hh
1174,1052b791-5c6c-4fbd-87ad-e4f429585d0b,20251128,99991231,0.440272541008069,1307,2,Stor,587636,<20190405,110+854,110+854,4,6608747,Västerås central,Öppen,dpd,Driftplatsdel,4629,Vå
1175,13a4cfb6-cbc0-419f-85d6-5a89d809d1c9,20251128,99991231,0.557431462008837,1307,2,Stor,587636,<20190405,110+854,110+854,4,6608747,Västerås central,Öppen,dpd,Driftplatsdel,4629,Vå
1176,73de1f6b-b00f-41e0-9344-293fe4b15bfc,20251128,99991231,0.65315423438783,1307,2,Stor,587636,<20190405,110+854,110+854,4,6608747,Västerås central,Öppen,dpd,Driftplatsdel,4629,Vå
1177,fdc2701c-f187-455e-a95f-f4ef25017755,20251128,99991231,0.592435587121148,1310,2,,560598,<20190405,17+543,17+543,98,6803100,Runemo,Ejunderh,lp,linjeplats,10431,Rum
1178,753a0ec2-d217-40c6-9862-740f145ce6d3,20251128,99991231,0.068854101106216,1311,2,,545074,<20190405,35+475,35+475,163,6804515,Edsbyverken,Ejunderh,lp,linjeplats,10092,Edv
1179,2b27cb78-48ab-48b5-867f-e7cc5516c34b,20251128,99991231,0.387122062024584,1313,2,,565197,<20190405,12+498,12+498,90,6801308,Söräng,Ejunderh,lp,linjeplats,10527,Säg
1180,3d03d790-354a-49b9-beb1-5b99e8270755,20251128,99991231,0.472082592723035,1315,2,,585115,<20190405,113+800,113+800,9,6607342,Västerås västra,Öppen,dpd,Driftplatsdel,4633,Våv
1181,dd4e8ee7-4ef1-417c-9254-4f103dd9ae09,20251128,99991231,0.481173846430127,1315,2,,585115,<20190405,113+800,113+800,9,6607342,Västerås västra,Öppen,dpd,Driftplatsdel,4633,Våv
1182,11bff6c0-31dc-4bd2-8f04-5b4a359f23e1,20251128,99991231,0.482714904812218,1315,2,,585115,<20190405,113+800,113+800,9,6607342,Västerås västra,Öppen,dpd,Driftplatsdel,4633,Våv
1183,208bcab4-9502-4df2-bc0e-6bc1b4e7e28f,20251128,99991231,0.404992857148437,1315,2,,585115,<20190405,113+800,113+800,9,6607342,Västerås västra,Öppen,dpd,Driftplatsdel,4633,Våv
1184,c1e63d9f-50b0-4081-8775-00d7730f0cfb,20251128,99991231,0.275862037286881,1323,2,,355055,<20190405,47+269,47+269,82,6394294,Bollebygd,Öppen,lp,linjeplats,408,Boy
1185,b9e6cfc9-42f2-4289-af46-1b27fc5c91ea,20251128,99991231,0.435466572314962,1325,2,,541905,<20190405,7+348,7+348,60,6471174,Hjulsbro,Öppen,dp,Driftplats,1512,Hj
1186,a69689a1-d557-46c7-90a2-3430caeb6492,20251128,99991231,0.499538924038642,1326,2,,540141,<20190405,41+37,41+37,88,6443977,Rimforsa,Öppen,dp,Driftplats,3197,Rf
1187,799a67e5-aae0-43cb-b5fb-85759d085d0b,20251128,99991231,0.30262411211668,1326,2,,540141,<20190405,41+37,41+37,88,6443977,Rimforsa,Öppen,dp,Driftplats,3197,Rf
1188,cb028547-2c6c-4b33-80fd-7a1efe857f5b,20251128,99991231,0.008347916728176,1327,2,,553657,<20190405,12+930,12+930,100,6451775,Viresjö,Öppen,dp,Driftplats,10585,Vsö
1189,e854e395-02b6-4639-bc3f-8837df01d916,20251128,99991231,0.155741865054402,1328,2,,578118,<20190405,67+257,67+257,17,6439472,Nelhammar,Öppen,dp,Driftplats,2865,Nl
1190,75ee90ba-f874-49be-a560-56e5e732d783,20251128,99991231,0.354760853254821,1330,2,,544540,<20190405,36+55,36+55,169,6804733,Edsbyns södra,Ejunderh,lp,linjeplats,10091,Eds
1191,39305cee-c235-479c-bc89-2cf85c500f11,20251128,99991231,0.565858165037651,1332,2,,617740,<20190405,200+562,200+568,2,6729212,Gävle godsbangård,Öppen,dpd,Driftplatsdel,1297,Gäb
1192,"0bc01dc0-92c4-4213-905f-c71b343bd16c",20251128,99991231,0.553612289384016,1332,2,,617740,<20190405,200+562,200+568,2,6729212,Gävle godsbangård,Öppen,dpd,Driftplatsdel,1297,Gäb
1193,cfa9c1e3-a7b7-49df-a08e-0a0aeee20802,20251128,99991231,0.66726758412575,1332,2,,617740,<20190405,200+562,200+568,2,6729212,Gävle godsbangård,Öppen,dpd,Driftplatsdel,1297,Gäb
1194,b068363e-e3e1-4553-a550-f53210bcfeec,20251128,99991231,0.53417005897781,1332,2,,617740,<20190405,200+562,200+568,2,6729212,Gävle godsbangård,Öppen,dpd,Driftplatsdel,1297,Gäb
1195,18e68c40-90cb-44bf-b426-414e68c0e5fa,20251128,99991231,0.510043785165529,1332,2,,617740,<20190405,200+562,200+568,2,6729212,Gävle godsbangård,Öppen,dpd,Driftplatsdel,1297,Gäb
1196,a1a206b1-196c-4409-8c85-268558e623c3,20251128,99991231,0.505916243884614,1332,2,,617740,<20190405,200+562,200+568,2,6729212,Gävle godsbangård,Öppen,dpd,Driftplatsdel,1297,Gäb
1197,afbaceee-fea8-4e37-bac1-8dea0118a003,20251128,99991231,0.499343689054752,1343,2,,326131,<20190405,23+879,23+879,10,6379945,Ledsgård,Öppen,dp,Driftplats,10309,Lgd
1198,da9cd44f-111b-4e33-a09e-ff7087abc9ca,20251128,99991231,0.559216449152264,1343,2,,326131,<20190405,23+879,23+879,10,6379945,Ledsgård,Öppen,dp,Driftplats,10309,Lgd
1199,1d2710cb-6ed7-4abc-9908-86493dce29ca,20251128,99991231,0.575169711886898,1343,2,,326131,<20190405,23+879,23+879,10,6379945,Ledsgård,Öppen,dp,Driftplats,10309,Lgd
1200,75f78c58-0875-4019-967d-802d515591f5,20251128,99991231,0.615108852536645,1345,2,,386346,<20190405,597+651,597+651,55,6178411,Tornhill,Öppen,dp,Driftplats,10539,Thl
1201,77888505-908d-4cf4-99e4-59c254b8dd7e,20251128,99991231,0.945184405879674,1347,2,,752596,<20190405,881+28,881+28,44,7091179,Klockarbäcken,Öppen,dp,Driftplats,4367,Klbn
1202,ff28e75c-1fbd-47db-b8af-a1668b753857,20251128,99991231,0.85993201113421,1348,2,,429131,<20190405,322+323,322+323,210,6464644,Regumatorp,Öppen,dp,Driftplats,10418,Rmtp
1203,2df585a7-83f8-4768-bdcb-00706391b4fe,20251128,99991231,0.500187602718554,1352,2,,341654,<20190405,93+887,93+887,13,6322625,Tyllered,Öppen,dp,Driftplats,10549,Tye
1204,3f709e50-27da-4856-b8cf-2944e64f56b0,20251128,99991231,0.500017436764393,1352,2,,341654,<20190405,93+887,93+887,13,6322625,Tyllered,Öppen,dp,Driftplats,10549,Tye
1205,be2f97f8-79d6-4e90-9573-eef74aeaa119,20251128,99991231,0.287435759696911,1352,2,,341654,<20190405,93+887,93+887,13,6322625,Tyllered,Öppen,dp,Driftplats,10549,Tye
1206,9735cd25-9296-4684-94b5-035d81a6f591,20251128,99991231,0.666098149116627,1354,2,,622659,<20190405,7+0,7+0,7,6729964,Fliskär,Öppen,dpd,Driftplatsdel,8483,Fär
1207,d8b54b53-3919-4195-a27a-fc7e6a8d490d,20251128,99991231,0.495893841086249,1355,2,,474408,<20190405,431+353,431+353,146,6311060,Gåvetorp,Öppen,dp,Driftplats,10173,Gåp
1208,11a5cefa-4ee9-4bf2-999f-f9550468125d,20251128,99991231,0.494772363853251,1356,2,,642368,<20190405,55+325,55+325,48,6688505,Skärpan,Öppen,dp,Driftplats,10474,Säp
1209,13f6fad5-a0b2-49aa-8d35-bc7109ba2352,20251128,99991231,0.468819296119083,1356,2,,642368,<20190405,55+325,55+325,48,6688505,Skärpan,Öppen,dp,Driftplats,10474,Säp
1210,"03bd076c-6984-4dfe-92dd-276b6e2865b2",20251128,99991231,0.451329290011321,1357,2,,645729,<20190405,48+771,48+771,32,6683169,Tobo,Öppen,dp,Driftplats,4123,Tbo
1211,"0bb63154-2cbb-4801-a652-19e5142f11ef",20251128,99991231,0.433870823878776,1357,2,,645729,<20190405,48+771,48+771,32,6683169,Tobo,Öppen,dp,Driftplats,4123,Tbo
1212,53183e2f-13f4-4ec1-a565-bdad80aafbbb,20251128,99991231,0.651483344519314,1360,2,,488152,<20190405,331+538,331+538,233,6405097,Flisby,Öppen,dp,Driftplats,10110,Fls
1213,3664ab90-809b-41f3-ac7b-38c00fb29940,20251128,99991231,0.568156887865929,1373,2,,671743,<20190405,"0+71",2+837,11,6582437,Tomteboda bangård,Öppen,dpd,Driftplatsdel,4134,Tm
1214,89de89a1-feec-4f03-8e18-978c561fc7b2,20251128,99991231,0.578766903145837,1373,2,,671743,<20190405,"0+71",2+837,11,6582437,Tomteboda bangård,Öppen,dpd,Driftplatsdel,4134,Tm
1215,9367271c-ded6-4d26-b51e-d2742b0da80e,20251128,99991231,0.879772223838447,1373,2,,671743,<20190405,"0+71",2+837,11,6582437,Tomteboda bangård,Öppen,dpd,Driftplatsdel,4134,Tm
1216,4207530a-57c3-48bd-a730-c1dd4e23cf60,20251128,99991231,0.447241574560665,1373,2,,671743,<20190405,"0+71",2+837,11,6582437,Tomteboda bangård,Öppen,dpd,Driftplatsdel,4134,Tm
1217,54ffe0df-c064-4231-8b7e-06007ac9f367,20251128,99991231,0.365328881275825,1374,2,,672483,<20190405,"0+963","0+963",14,6582680,Stockholms norra,Öppen,dpd,Driftplatsdel,10495,Nst
1218,5b2c8585-6913-45b7-b839-b7f5778858e3,20251128,99991231,0.355541101065548,1374,2,,672483,<20190405,"0+963","0+963",14,6582680,Stockholms norra,Öppen,dpd,Driftplatsdel,10495,Nst
1219,f0581536-5f1e-47b4-9a14-1597dcfe52d1,20251128,99991231,0.356574683134967,1374,2,,672483,<20190405,"0+963","0+963",14,6582680,Stockholms norra,Öppen,dpd,Driftplatsdel,10495,Nst
1220,8d19d0b9-e4ed-4d8c-8b22-dec8b8c9b922,20251128,99991231,0.527185738268638,1376,2,,675956,<20190405,4+781,4+781,3,6583235,Värtan,Öppen,dpd,Driftplatsdel,4606,Vn
1221,fb431fa9-dbbb-415c-b545-69f71de7b28f,20251128,99991231,0.526671292693973,1376,2,,675956,<20190405,4+781,4+781,3,6583235,Värtan,Öppen,dpd,Driftplatsdel,4606,Vn
1222,48320cd2-9ad8-48f2-958e-bcd6257067b4,20251128,99991231,0.333356183753742,1376,2,,675956,<20190405,4+781,4+781,3,6583235,Värtan,Öppen,dpd,Driftplatsdel,4606,Vn
1223,92f7fe7d-5272-498b-b6e3-7fc2df68e9c5,20251128,99991231,0.403082451157004,1376,2,,675956,<20190405,4+781,4+781,3,6583235,Värtan,Öppen,dpd,Driftplatsdel,4606,Vn
1224,"03549079-42f1-4ca2-b58d-6ee9de7a762b",20251128,99991231,0.062234451296302,1377,2,,648462,<20190405,6+489,6+489,28,6644534,Samnan,Öppen,dp,Driftplats,10448,Sam
1225,4c45db63-3858-4b70-8a2c-68592763d400,20251128,99991231,0.903750645894613,1377,2,,648462,<20190405,6+489,6+489,28,6644534,Samnan,Öppen,dp,Driftplats,10448,Sam
1226,83ef00bf-3bc4-4600-96d8-e6625e3b771b,20251128,99991231,0.498006074566677,1378,2,,488357,<20190405,321+304,321+304,194,6415038,Ralingsås,Öppen,dp,Driftplats,10416,Ras
1227,26291f1d-b8cb-492c-996b-80c984202b1c,20251128,99991231,0.498034128643989,1378,2,,488357,<20190405,321+304,321+304,194,6415038,Ralingsås,Öppen,dp,Driftplats,10416,Ras
1228,69830c6e-8ae9-4da6-bad2-34024d153d52,20251128,99991231,0.63094683242496,1380,2,,378002,<20190405,129+738,129+738,158,6402754,Nordskogen,Öppen,lp,linjeplats,10382,Nosk
1229,9f77f937-7101-4ba8-8904-edd5ce8bfc14,20251128,99991231,0.981961032171947,1382,2,,505626,<20190405,269+325,269+325,112,6457138,Lindekullen,Öppen,dp,Driftplats,10320,Lkn
1230,c47c1e48-23bc-4530-8868-8e527c30570a,20251128,99991231,0.49890009178162,1391,2,,328890,<20190405,41+250,41+250,8,6365992,Lekarekulle,Öppen,dp,Driftplats,10310,Lek
1231,93d91e18-f2a8-4b96-9bd4-2075f04671cd,20251128,99991231,0.498481677692366,1391,2,,328890,<20190405,41+250,41+250,8,6365992,Lekarekulle,Öppen,dp,Driftplats,10310,Lek
1232,cd4163f7-7548-4c0d-b458-80d20fdc6dd1,20251128,99991231,0.273854512852795,1391,2,,328890,<20190405,41+250,41+250,8,6365992,Lekarekulle,Öppen,dp,Driftplats,10310,Lek
1233,21241757-c07f-4fd9-bcdc-317e445ea3c6,20251128,99991231,0.500268590220751,1393,2,,552010,<20190405,14+650,14+650,136,6659080,Norberg,Ejunderh,dp,Driftplats,10380,Nbg
1234,465118dd-f353-4be1-83c8-2e4ab765f4c2,20251128,99991231,0.394716806759671,1396,2,,552383,<20190405,16+903,16+903,171,6661730,Spännarhyttan,Ejunderh,lp,linjeplats,10488,Spy
1235,9bd14ac7-8291-4121-b4bb-0a3f14137840,20251128,99991231,0.499351945334473,1420,2,,456270,<20190405,9+664,9+664,31,6210914,Fjälkinge,Öppen,dp,Driftplats,10107,Fki
1236,e5c4b432-161e-4753-95aa-759d9194781e,20251128,99991231,0.663131110677814,1422,2,,651939,<20190405,22+600,22+600,28,6659735,Salsta,Öppen,dp,Driftplats,10446,Sas
1237,"0017b40b-53f9-498a-99b1-4940de0bb028",20251128,99991231,0.624193406558343,1422,2,,651939,<20190405,22+600,22+600,28,6659735,Salsta,Öppen,dp,Driftplats,10446,Sas
1238,23ffdbd6-c785-4283-9baa-92edef102abc,20251128,99991231,0.396101031378766,1423,2,,347985,<20190405,104+294,104+294,73,6503166,Råskogen,Öppen,dp,Driftplats,10439,Rås
1239,da0114ec-2f78-42ab-8678-430b87c08660,20251128,99991231,0.362086060201981,1423,2,,347985,<20190405,104+294,104+294,73,6503166,Råskogen,Öppen,dp,Driftplats,10439,Rås
1240,ac48c37e-567d-4e4a-a3d6-ad1679b6b772,20251128,99991231,0.502418847366847,1432,2,,773852,<20190405,1+459,1096+387,55,7296330,Nyfors,Öppen,dp,Driftplats,10396,Nyf
1241,30c397cd-0eed-4c61-85ae-35cd01b72b06,20251128,99991231,0.501077953283244,1432,2,,773852,<20190405,1+459,1096+387,55,7296330,Nyfors,Öppen,dp,Driftplats,10396,Nyf
1242,b9ad017b-f7c9-4d93-9e02-0f9172d06d5f,20251128,99991231,0.426376391299792,1432,2,,773852,<20190405,1+459,1096+387,55,7296330,Nyfors,Öppen,dp,Driftplats,10396,Nyf
1243,554e279b-f4c2-4eec-a3fb-bee1f448a9a6,20251128,99991231,0.500623072154041,1434,2,,564142,<20190405,136+760,136+760,17,6599977,Munktorp,Öppen,dp,Driftplats,10369,Morp
1244,3ff6c5eb-f979-4a0c-8f13-392f514b1089,20251128,99991231,0.499783921743905,1434,2,,564142,<20190405,136+760,136+760,17,6599977,Munktorp,Öppen,dp,Driftplats,10369,Morp
1245,ba79533d-d004-4993-9e3c-c64543af4130,20251128,99991231,0.668384696389399,1443,2,,370821,<20190405,189+240,189+240,10,6256000,Båstad norra,Öppen,dp,Driftplats,10070,Bån
1246,a5f12c53-5381-42c3-a175-0ca69bde2410,20251128,99991231,0.668383933111386,1443,2,,370821,<20190405,189+240,189+240,10,6256000,Båstad norra,Öppen,dp,Driftplats,10070,Bån
1247,8220376e-713c-435f-8913-1ac38bce51b1,20251128,99991231,0.710190660240901,1443,2,,370821,<20190405,189+240,189+240,10,6256000,Båstad norra,Öppen,dp,Driftplats,10070,Bån
1248,e01a8b2a-2a27-4181-9c36-ef29cb846a5d,20251128,99991231,0.692192759232563,1443,2,,370821,<20190405,189+240,189+240,10,6256000,Båstad norra,Öppen,dp,Driftplats,10070,Bån
1249,a2ecf0fd-e706-461b-a605-de29c7dae187,20251128,99991231,0.592026229445684,1444,2,,376859,<20190405,173+994,173+994,12,6263823,Laholm västra,Öppen,dp,Driftplats,2288,Laov
1250,6427f261-18cd-4146-a3bc-a2e97d45ef87,20251128,99991231,0.592025807601415,1444,2,,376859,<20190405,173+994,173+994,12,6263823,Laholm västra,Öppen,dp,Driftplats,2288,Laov
1251,94283efb-242c-48a1-88be-515388c63567,20251128,99991231,0.61491363716985,1444,2,,376859,<20190405,173+994,173+994,12,6263823,Laholm västra,Öppen,dp,Driftplats,2288,Laov
1252,1714064f-2a3f-4692-a04b-1c8f8821ec64,20251128,99991231,0.614899070152015,1444,2,,376859,<20190405,173+994,173+994,12,6263823,Laholm västra,Öppen,dp,Driftplats,2288,Laov
1253,e4262638-e675-4dd2-9bc3-22e4253e67f5,20251128,99991231,0.193969437092353,1450,2,,612537,<20190405,184+300,184+300,44,6790717,Gussi,Öppen,dp,Driftplats,10166,Gui
1254,97b0b581-63f9-430e-92af-043c2f50dc3d,20251128,99991231,0.502417712480033,1455,2,,444563,<20190405,19+910,19+910,220,6390570,Månsarp,Öppen,dp,Driftplats,2797,Måp
1255,b52a36db-1a12-4ad1-b85a-065eb1fad30e,20251128,99991231,0.586746080480725,1455,2,,444563,<20190405,19+910,19+910,220,6390570,Månsarp,Öppen,dp,Driftplats,2797,Måp
1256,3a666059-d4f2-49fc-8a98-40468de0a2ad,20251128,99991231,0.50169466691854,1462,2,,632235,<20190405,70+714,70+714,55,6698868,Orrskog,Öppen,dp,Driftplats,10405,Os
1257,3a3bf488-ddb5-4e45-9be4-79cfcc942248,20251128,99991231,0.50517721526507,1462,2,,632235,<20190405,70+714,70+714,55,6698868,Orrskog,Öppen,dp,Driftplats,10405,Os
1258,f763ad92-55a6-4d1b-b51d-a0ba801af906,20251128,99991231,0.331085849377136,1481,2,,545326,<20190405,"0+628",325+791,15,6585670,Jädersbruk,Öppen,dp,Driftplats,10243,Jbk
1259,c35266ef-db7a-43ff-83ca-f30c9c4a6dcc,20251128,99991231,0.999264145062646,1481,2,,545326,<20190405,"0+628",325+791,15,6585670,Jädersbruk,Öppen,dp,Driftplats,10243,Jbk
1260,7901944e-8f7e-4d20-a174-bb2de01e78c4,20251128,99991231,0.49983341690634,1490,2,,619747,<20190405,39+873,39+873,16,6574277,Grundbro,Öppen,dp,Driftplats,10152,Gru
1261,40229b29-4484-42b3-82bc-5d225ac215d9,20251128,99991231,0.500005418648804,1491,2,,616785,<20190405,46+540,46+540,4,6580147,Malmby,Öppen,dp,Driftplats,10350,Mby
1262,510c027c-dc0c-4624-9d59-1545b89b2bed,20251128,99991231,0.499995221696494,1493,2,,594508,<20190405,71+765,71+765,63,6578785,Kjula,Öppen,dp,Driftplats,10271,Kju
1263,"062d1c68-0aa8-45c8-8dc9-2da7456410c2",20251128,99991231,0.899877095521293,1494,2,Stor,609009,<20190405,192+810,192+810,17,6797836,Söderhamns västra,Öppen,dp,Driftplats,10525,Shv
1264,1c0f73be-a066-44fb-b4af-5932efc5a249,20251128,99991231,0.77759103669764,1494,2,Stor,609009,<20190405,192+810,192+810,17,6797836,Söderhamns västra,Öppen,dp,Driftplats,10525,Shv
1265,2a3aae77-84fe-4dd3-bd74-3ed06aeb2723,20251128,99991231,0.405436043067821,1500,2,,371312,<20190405,1+570,1+570,22,6222207,Annedal,Öppen,lp,linjeplats,10008,Aal
1266,5f2558fb-f7cb-4301-862a-5866c2c0fe2a,20251128,99991231,0.127646922740104,1508,2,,541174,<20190405,5+117,5+117,55,6584955,Ökna,Öppen,dp,Driftplats,10623,Öa
1267,a3a67179-7a0e-4393-a13a-d6ffec85966e,20251128,99991231,0.00018801066067,1508,2,,541174,<20190405,5+117,5+117,55,6584955,Ökna,Öppen,dp,Driftplats,10623,Öa
1268,34a3e929-d69e-49ff-b562-ef553e30c371,20251128,99991231,0.052334211258825,1513,2,,785813,<20190405,50+508,50+508,6,7193591,Hedensbyn,Öppen,lp,linjeplats,1444,Hsb
1269,dce577dd-4963-40df-bf55-c78aa1b076cd,20251128,99991231,0.507492051831778,1517,2,,364440,<20190405,202+468,202+468,26,6245300,Viarp,Öppen,dpd,Driftplatsdel,10662,Vip
1270,5aec1727-0e06-4660-8525-5984a97efb36,20251128,99991231,0.604149289060551,1522,2,,571068,<20190405,57+927,57+927,40,6445338,Falerum,Öppen,dp,Driftplats,838,Fal
1271,3549234c-8e08-4eea-9f68-4e7abfe37e51,20251128,99991231,0.603687796083632,1522,2,,571068,<20190405,57+927,57+927,40,6445338,Falerum,Öppen,dp,Driftplats,838,Fal
1272,b04b66dc-0323-4681-be07-81a56c2e9ab9,20251128,99991231,0.984318208083409,1531,2,,651243,<20190405,38+181,38+181,15,6561248,Södertälje syd undre,Öppen,dpd,Driftplatsdel,3995,Söu
1273,d7a6d748-5d14-4a96-82b4-b4e4eb709008,20251128,99991231,0.385896829490996,1531,2,,651243,<20190405,38+181,38+181,15,6561248,Södertälje syd undre,Öppen,dpd,Driftplatsdel,3995,Söu
1274,81b97d5e-b0e9-453d-9570-3fb94311021b,20251128,99991231,0.201669521215307,1531,2,,651243,<20190405,38+181,38+181,15,6561248,Södertälje syd undre,Öppen,dpd,Driftplatsdel,3995,Söu
1275,c7d5bbd2-f102-4e3f-b14b-d2bc14b214b2,20251128,99991231,0.551866120762801,1534,2,,667991,<20190405,17+457,17+457,40,6547018,Segersäng,Öppen,dp,Driftplats,3401,Ssä
1276,"06897fc5-b871-41d4-8965-deb36f734075",20251128,99991231,0.620745662820857,1535,2,,670634,<20190405,22+737,22+737,43,6551515,Hemfosa,Öppen,dp,Driftplats,1460,Hfa
1277,95caa274-6d9a-40c2-8be6-8a29b99fb157,20251128,99991231,0.890179123614976,1578,2,,350634,<20190405,15+75,15+75,67,6523407,Håverud,Öppen,lp,linjeplats,1646,Hvr
1278,37d7f4ff-e45b-4f23-beb4-718bd9b3489f,20251128,99991231,0.468086462834128,1579,2,,343465,<20190405,32+221,32+221,80,6536160,Långbron,Öppen,lp,linjeplats,2520,Lgb
1279,1c6223e0-e36f-47b6-8151-8120e806bff4,20251128,99991231,0.574733658675309,1580,2,,341805,<20190405,40+751,40+751,94,6543603,Tjugonde slussen,Öppen,lp,linjeplats,10532,Tjs
1280,3374a3b1-d5ba-44bb-98ff-7e0fa9adf3c6,20251128,99991231,0.383613926376237,1621,2,,330787,<20190405,61+600,61+600,5,6347432,Värö,Öppen,dp,Driftplats,4610,Vrö
1281,f144d357-6243-42e1-9f5d-f5041f0701b3,20251128,99991231,0.345006984056603,1621,2,,330787,<20190405,61+600,61+600,5,6347432,Värö,Öppen,dp,Driftplats,4610,Vrö
1282,59ffc001-3e5e-4513-b78f-483e6e2d9183,20251128,99991231,0.846432615932924,1621,2,,330787,<20190405,61+600,61+600,5,6347432,Värö,Öppen,dp,Driftplats,4610,Vrö
1283,a9fa8486-bd7d-483c-8163-a1d4c2685ea1,20251128,99991231,0.435815765124487,1623,2,,438784,<20190405,20+752,20+752,12,6213938,Önnestad,Öppen,dp,Driftplats,10626,Önd
1284,98e93a5c-ddeb-4471-bbc1-46d583e237b6,20251128,99991231,0.435815765124487,1623,2,,438784,<20190405,20+752,20+752,12,6213938,Önnestad,Öppen,dp,Driftplats,10626,Önd
1285,13076591-0531-4f5b-b1c9-dcd980d885f8,20251128,99991231,0.431347499274634,1628,2,,312839,<20190405,8+576,8+576,4,6399576,Göteborg Skandiahamnen,Öppen,dpd,Driftplatsdel,1314,Gsh
1286,95a3ee39-c4d7-4f8f-a073-96ec0025175d,20251128,99991231,0.066596262604927,1628,2,,312839,<20190405,8+576,8+576,4,6399576,Göteborg Skandiahamnen,Öppen,dpd,Driftplatsdel,1314,Gsh
1287,362f2999-981b-4a1f-8399-0de7e750a58d,20251128,99991231,0.066619709498989,1628,2,,312839,<20190405,8+576,8+576,4,6399576,Göteborg Skandiahamnen,Öppen,dpd,Driftplatsdel,1314,Gsh
1288,b9e5b606-17b9-4a9a-a533-1c5c8bdb7d57,20251128,99991231,0.429085371817486,1628,2,,312839,<20190405,8+576,8+576,4,6399576,Göteborg Skandiahamnen,Öppen,dpd,Driftplatsdel,1314,Gsh
1289,2499fb6f-dbf9-4a98-ad5e-fb8448ce6fa0,20251128,99991231,0.435195089538957,1628,2,,312839,<20190405,8+576,8+576,4,6399576,Göteborg Skandiahamnen,Öppen,dpd,Driftplatsdel,1314,Gsh
1290,c23451cc-ad99-4c25-8725-fca39429739a,20251128,99991231,0.479276994007373,1628,2,,312839,<20190405,8+576,8+576,4,6399576,Göteborg Skandiahamnen,Öppen,dpd,Driftplatsdel,1314,Gsh
1291,ef87abef-b7ea-4e3c-8997-e9078086cb40,20251128,99991231,0.211613759235863,1630,2,,606465,<20190405,217+832,217+832,39,6810143,Losesjön,Öppen,dp,Driftplats,10327,Lsn
1292,ad8e1b02-b323-4199-b0bd-7e3dd19ff3f2,20251128,99991231,0.500000033114358,1631,2,,605755,<20190405,228+679,228+679,54,6820822,Myra,Öppen,dp,Driftplats,10371,Myra
1293,9ab8511d-d436-4441-ba3e-0971b60ec68f,20251128,99991231,0.123920100840231,1631,2,,605755,<20190405,228+679,228+679,54,6820822,Myra,Öppen,dp,Driftplats,10371,Myra
1294,e691c33c-03fb-449b-bf6d-0708f081b710,20251128,99991231,0.499655590470631,1635,2,,367921,<20190405,281+997,281+997,9,6159727,Lernacken,Öppen,dpd,Driftplatsdel,10313,Lnk
1295,21329c25-8986-472a-8fe9-28c5c8545dbf,20251128,99991231,0.49739630429845,1635,2,,367921,<20190405,281+997,281+997,9,6159727,Lernacken,Öppen,dpd,Driftplatsdel,10313,Lnk
1296,11872e8e-6a18-4c72-ae49-acc6ad1bbde9,20251128,99991231,0.53823223135617,1636,2,,373395,<20190405,288+230,288+230,23,6157521,Svågertorp,Öppen,dpd,Driftplatsdel,10517,Stp
1297,d83f2326-e118-4491-8239-2095158ce39e,20251128,99991231,0.538260796708759,1636,2,,373395,<20190405,288+230,288+230,23,6157521,Svågertorp,Öppen,dpd,Driftplatsdel,10517,Stp
1298,9c51e7c1-f8fa-4379-838c-267f2d70f654,20251128,99991231,0.547303299176528,1636,2,,373395,<20190405,288+230,288+230,23,6157521,Svågertorp,Öppen,dpd,Driftplatsdel,10517,Stp
1299,a76f29e4-90af-4126-beef-1d8183670a1b,20251128,99991231,0.547595346787581,1636,2,,373395,<20190405,288+230,288+230,23,6157521,Svågertorp,Öppen,dpd,Driftplatsdel,10517,Stp
1300,bc36d4d6-ad0f-408c-9fec-88075ccc2b76,20251128,99991231,0.500632995439879,1643,2,,358159,<20190405,19+138,19+139,4,6163925,Peberholm,Öppen,dp,Driftplats,1587,Phm
1301,e006c42a-bd0c-470e-a58a-d3a46a15f634,20251128,99991231,0.501112841087461,1643,2,,358159,<20190405,19+138,19+139,4,6163925,Peberholm,Öppen,dp,Driftplats,1587,Phm
1302,4a9d9a46-f0c0-4271-a987-7bcdd08236cc,20251128,99991231,0.374205512134677,1644,2,,329558,<20190405,51+377,51+377,9,6356401,Frillesås,Öppen,dp,Driftplats,10118,Få
1303,8e28141a-bf1b-49b2-bf7c-df4fc36ada16,20251128,99991231,0.415610286451063,1644,2,,329558,<20190405,51+377,51+377,9,6356401,Frillesås,Öppen,dp,Driftplats,10118,Få
1304,3c40ea1c-8c62-4e45-a66e-73bcaf2c1604,20251128,99991231,0.484471393971244,1645,2,Stor,665036,<20190405,39+50,39+50,31,6615971,Arlanda central,Öppen,dpd,Driftplatsdel,194,Arnc
1305,5b551da1-af39-4137-b467-e651072c1257,20251128,99991231,0.374149738669882,1645,2,Stor,665036,<20190405,39+50,39+50,31,6615971,Arlanda central,Öppen,dpd,Driftplatsdel,194,Arnc
1306,7ae74fbd-4b8b-465c-b6eb-5bed12279711,20251128,99991231,0.500813021404337,1648,2,,365963,<20190405,3+131,21+546,10,6194698,Landskrona Östra,Öppen,dp,Driftplats,2300,Lkö
1307,3b1dbf8d-9b89-435f-9ea1-84a565a9d09b,20251128,99991231,0.824581707031305,1648,2,,365963,<20190405,3+131,21+546,10,6194698,Landskrona Östra,Öppen,dp,Driftplats,2300,Lkö
1308,58c2714e-8eb6-4c9f-b288-35fefcdad0ce,20251128,99991231,0.497946961997489,1650,2,,507034,<20190405,256+215,256+215,117,6497910,Önaskogen,Öppen,dp,Driftplats,10625,Öna
1309,8304e3a6-19a4-4a03-8f23-6f6c71589896,20251128,99991231,0.437212142958477,1650,2,,507034,<20190405,256+215,256+215,117,6497910,Önaskogen,Öppen,dp,Driftplats,10625,Öna
1310,"01d44e76-c650-4f57-92b9-cecc8298c909",20251128,99991231,0.330438824683124,1662,2,,340374,<20190405,433+933,433+933,53,6408690,Stenkullen,Öppen,dp,Driftplats,3710,Sn
1311,5003f22e-38ac-46fb-a80b-d1758808724e,20251128,99991231,0.365168758488949,1662,2,,340374,<20190405,433+933,433+933,53,6408690,Stenkullen,Öppen,dp,Driftplats,3710,Sn
1312,8bcba493-7910-4217-9b56-534c264c498e,20251128,99991231,0.612468643876936,1677,2,,582054,<20190405,88+312,88+312,11,6586100,Skanlog,Öppen,lp,linjeplats,10461,Snl
1313,6d1af010-41ab-451d-8e0f-a5e4b9f10792,20251128,99991231,0.453670432703073,1681,2,,357876,<20190405,50+322,50+322,92,6395340,Rödberg,Öppen,dp,Driftplats,4996,Rö
1314,35455fde-bf60-4339-b874-7521e4ccc54e,20251128,99991231,0.453670432703073,1681,2,,357876,<20190405,50+322,50+322,92,6395340,Rödberg,Öppen,dp,Driftplats,4996,Rö
1315,1a8a9784-0c93-4658-8401-b62aa72cb1a1,20251128,99991231,0.828528767143251,1719,2,,481325,<20190405,346+192,346+208,302,6393216,Gamlarp,Öppen,dp,Driftplats,3027,Gmp
1316,6057c740-4435-4921-9680-b469159b609f,20251128,99991231,0.596883150067605,1722,2,,670775,<20190405,5+999,5+999,5,6585341,Hagalund,Öppen,dpd,Driftplatsdel,10177,Hgl
1317,eb0a5bf3-36a0-4101-85f5-5c302d5f6c47,20251128,99991231,0.47513137996868,1726,2,,419467,<20190405,324+985,324+985,57,6584464,Karlstad Välsviken,Öppen,dpd,Driftplatsdel,10257,Kvä
1318,5c9e9e15-d00e-4ba8-a538-bada0a6c2062,20251128,99991231,0.236290105293557,1740,2,,526230,<20190405,105+100,105+100,142,6728073,Grycksbo,Öppen,lp,linjeplats,10153,Gyo
1319,e141356b-5e37-40b1-9f93-af06e7ef45a5,20251128,99991231,0.770969108540404,1796,2,,353645,<20190405,13+332,13+332,-8,6167527,Copenhagen Airport,Öppen,dp,Driftplats,0,Cph
1320,7098d7ef-ec09-4e75-92fe-4570fcdce373,20251128,99991231,0.770969108540404,1796,2,,353645,<20190405,13+332,13+332,-8,6167527,Copenhagen Airport,Öppen,dp,Driftplats,0,Cph
1321,9d9d61fb-e4d9-4630-bc15-3b113cfe250e,20251128,99991231,0.474001071633309,1796,2,,353645,<20190405,13+332,13+332,-8,6167527,Copenhagen Airport,Öppen,dp,Driftplats,0,Cph
1322,ea4b4081-3eea-44de-9c50-946b7e1114fa,20251128,99991231,0.547135004676588,1797,2,,640366,<20190405,490+180,490+180,64,7001480,Solum,Öppen,dp,Driftplats,10481,Slm
1323,bb37fafd-b571-4382-ace0-929304a5edf0,20251128,99991231,0.348834038229702,1798,2,,643012,<20190405,498+423,498+423,135,7008076,Harasjön,Öppen,dp,Driftplats,10186,Han
1324,d9dda8c3-a0cc-4ed9-891f-87f26bdc583b,20251128,99991231,0.398047127011619,1799,2,,652805,<20190405,511+269,511+269,229,7014175,Hämrasviken,Öppen,dp,Driftplats,10221,Häb
1325,9f90f093-ba1b-4eb7-896b-d0eb078e4769,20251128,99991231,0.398424973143497,1799,2,,652805,<20190405,511+269,511+269,229,7014175,Hämrasviken,Öppen,dp,Driftplats,10221,Häb
1326,ca6344ca-63ec-402f-9ca7-a6b5847cd75d,20251128,99991231,0.360846196359624,1800,2,,661659,<20190405,521+244,521+244,146,7017559,Drömme,Öppen,dp,Driftplats,10086,Döe
1327,68c26a1d-158d-44dd-8566-794c4f7ed19f,20251128,99991231,0.430148964247638,1801,2,,673148,<20190405,533+729,533+729,71,7013812,Bjästa,Öppen,dp,Driftplats,10032,Bja
1328,b65bdbb5-d9ac-4b99-b5b1-d0827dba8a37,20251128,99991231,0.401691474737155,1802,2,,680930,<20190405,546+323,546+323,26,7022087,Gålnäs,Öppen,dp,Driftplats,10169,Gån
1329,9dd3485e-a7db-4606-a7f2-2476d2c301b3,20251128,99991231,0.401391614604458,1802,2,,680930,<20190405,546+323,546+323,26,7022087,Gålnäs,Öppen,dp,Driftplats,10169,Gån
1330,29d37873-a7bb-4c7d-9073-db01f0163315,20251128,99991231,0.555755040946285,1804,2,,689662,<20190405,11+760,11+760,16,7025510,Arnäsvall,Öppen,dp,Driftplats,229,Ara
1331,d16a2c71-7bc6-4358-b34c-08858bd9636f,20251128,99991231,0.595026247945506,1804,2,,689662,<20190405,11+760,11+760,16,7025510,Arnäsvall,Öppen,dp,Driftplats,229,Ara
1332,5fdf9557-b418-46cf-becd-7cd9fe4da2b9,20251128,99991231,0.555524479298568,1804,2,,689662,<20190405,11+760,11+760,16,7025510,Arnäsvall,Öppen,dp,Driftplats,229,Ara
1333,59b4b7e1-d0c4-4afe-8086-056824e6560f,20251128,99991231,0.4993295131408,1805,2,,694847,<20190405,17+8,17+8,54,7026344,Högbysjön,Öppen,dp,Driftplats,10226,Hög
1334,635150a0-c7f0-41f0-b0ba-ea1e84c1d187,20251128,99991231,0.442131376827213,1806,2,,704366,<20190405,27+452,27+452,38,7029724,Gideåbacka,Öppen,dp,Driftplats,10137,Gia
1335,ba85f3cf-420d-4081-9f7c-1a1853242f76,20251128,99991231,0.442516376683718,1806,2,,704366,<20190405,27+452,27+452,38,7029724,Gideåbacka,Öppen,dp,Driftplats,10137,Gia
1336,edc8994d-0388-4c23-81cf-7ac2bcd6e294,20251128,99991231,0.505845612466839,1809,2,,709273,<20190405,37+80,37+80,48,7036014,Könsa,Öppen,dp,Driftplats,10304,Köa
1337,c01a056c-6286-4dd8-ba0a-d72d1a28d85b,20251128,99991231,0.420857474338307,1810,2,,713485,<20190405,48+360,48+360,25,7045933,Saluböle,Öppen,dp,Driftplats,10447,Sbe
1338,39b26de7-607d-479f-8fd8-ae3afb3043d2,20251128,99991231,0.456690739914461,1811,2,,719276,<20190405,58+387,58+387,7,7054009,Rundvik,Öppen,dp,Driftplats,10430,Ruk
1339,123f2ade-2c46-4562-8674-339c50066b28,20251128,99991231,0.456472782831847,1811,2,,719276,<20190405,58+387,58+387,7,7054009,Rundvik,Öppen,dp,Driftplats,10430,Ruk
1340,965e0e28-d48e-470d-a90e-2f19406d2e4b,20251128,99991231,0.571604304206012,1812,2,,722400,<20190405,63+758,63+758,11,7057832,Nordmaling,Öppen,dp,Driftplats,1583,Nog
1341,24ea1d9d-a48c-453d-8b18-020ccde841bc,20251128,99991231,0.49247741873198,1813,2,,728194,<20190405,69+667,69+667,51,7058782,Norrsjön,Öppen,dp,Driftplats,10389,Non
1342,c9041f40-3141-4813-98cd-0637a808bde8,20251128,99991231,0.492473646631411,1814,2,,738154,<20190405,80+353,80+353,27,7061814,Ängersjö,Öppen,dp,Driftplats,10620,Änö
1343,d0573c62-557e-4c8e-955f-1c014e13060a,20251128,99991231,0.458339866295431,1821,2,,746010,<20190405,90+938,90+938,18,7068181,Hössjön,Öppen,dp,Driftplats,10234,Hös
1344,"087d348b-4351-4d78-8be9-75f3fe78371e",20251128,99991231,0.458136357643814,1821,2,,746010,<20190405,90+938,90+938,18,7068181,Hössjön,Öppen,dp,Driftplats,10234,Hös
1345,124468fd-c595-474a-b183-fefaeca40ded,20251128,99991231,0.429386383857675,1822,2,,751302,<20190405,99+278,99+278,41,7073816,Norrmjöle,Öppen,dp,Driftplats,10388,Noe
1346,7a62476b-3863-4dbb-aeb8-391997508481,20251128,99991231,0.499789898719012,1823,2,,759352,<20190405,109+320,109+320,7,7079041,Stöcke,Öppen,dp,Driftplats,10510,Sök
1347,64a38456-a4ea-4d7e-8c16-b104037d3df6,20251128,99991231,0.502423761002997,1826,2,,805636,<20190405,1148+265,1148+265,14,7320994,Buddbyn,Öppen,dpd,Driftplatsdel,10066,Bud
1348,"0ca0ddf2-7dbe-4217-b162-368042f0e295",20251128,99991231,0.495787487585801,1826,2,,805636,<20190405,1148+265,1148+265,14,7320994,Buddbyn,Öppen,dpd,Driftplatsdel,10066,Bud
1349,97b3123e-d09f-4321-ae86-73e8550aafe6,20251128,99991231,0.855879136857006,1830,2,,469752,<20190405,465+437,465+437,361,6951614,Brånan,Öppen,lp,linjeplats,514,Brn
1350,f9ae3f79-6d43-47fc-8f37-9fa27df90908,20251128,99991231,0.565791262890603,1844,2,,670580,<20190405,4+650,4+655,18,6583400,Huvudsta,Öppen,dpd,Driftplatsdel,10212,Huv
1351,3a5a5e04-215b-4d99-aeb6-466b0d0ff1b3,20251128,99991231,0.8347535983512,1848,2,,757378,<20190405,885+800,885+800,18,7090273,Umeå godsbangård,Öppen,dpd,Driftplatsdel,4369,Uågb
1352,e633e24e-5907-406d-9eb9-b93d9da25153,20251128,99991231,0.912975755696982,1848,2,,757378,<20190405,885+800,885+800,18,7090273,Umeå godsbangård,Öppen,dpd,Driftplatsdel,4369,Uågb
1353,9e75c1ff-bbe2-487f-b248-8fc41ef16ef3,20251128,99991231,0.49750992996487,1861,2,,474272,<20190405,"0+1000","0+1000",302,6963329,Skuckuviken,Avstängd,lp,linjeplats,10467,Sui
1354,919c4ec3-18cb-4856-b2f2-4433999a475a,20251128,99991231,0.494070577332793,1862,2,,337377,<20190405,432+333,432+333,41,6439683,Torbacken,Öppen,dp,Driftplats,10536,Tbn
1355,8f543674-3635-4a9a-864f-b62b50256678,20251128,99991231,0.522337254618793,1894,2,,649275,<20190405,432+865,432+865,27,6964742,Mörtsal,Öppen,dp,Driftplats,10377,Möl
1356,353ff8db-206b-49fa-8078-709dfd7fc15e,20251128,99991231,0.052638125011231,1894,2,,649275,<20190405,432+865,432+865,27,6964742,Mörtsal,Öppen,dp,Driftplats,10377,Möl
1357,7df96da8-95bd-4d5a-b190-830933e54d3e,20251128,99991231,0.548155308852074,1895,2,,647701,<20190405,421+990,421+990,39,6954350,Svedje,Öppen,dp,Driftplats,10515,Svj
1358,75212fb7-675d-463d-a233-74e95d42e9c0,20251128,99991231,0.49682183793985,1901,2,,763446,<20190405,1222+650,1222+650,200,7378435,Tolikberget,Öppen,dp,Driftplats,10535,Tet
1359,5d20cee1-f12a-4e59-ac6a-1e6b7f6a5082,20251128,99991231,0.494932373954547,1901,2,,763446,<20190405,1222+650,1222+650,200,7378435,Tolikberget,Öppen,dp,Driftplats,10535,Tet
1360,bfe56757-e0a9-418f-9bd8-32f728672abd,20251128,99991231,0.494932342924042,1901,2,,763446,<20190405,1222+650,1222+650,200,7378435,Tolikberget,Öppen,dp,Driftplats,10535,Tet
1361,c236efc9-e85b-44d4-a190-c2ebf8d29a57,20251128,99991231,0.958654827586207,1914,2,,498371,<20190405,22+612,22+612,126,6595915,Gyttorp,Öppen,stn,Station - Får ej användas på TRV spår,0,xGyt
1362,10c159b6-9a7e-450f-b7db-ed8dfdf25f08,20251128,99991231,0.5,1915,2,,496076,<20190405,25+800,25+800,125,6593967,Knapptorp,Avstängd,xhp,Hållplats på NJDB-nätet. Får ej anv på TRV spår,10276,Knp
1363,9125ef97-0690-4779-aa0d-e9f0817e9dbe,20251128,99991231,0.5,1917,2,,492054,<20190405,30+700,30+700,119,6591789,Vikersvik,Avstängd,xhp,Hållplats på NJDB-nätet. Får ej anv på TRV spår,10578,Vik
1364,8c4ed391-fa44-42b7-87c6-24b55cad2f09,20251128,99991231,0.5,1918,2,,481610,<20190405,44+400,44+400,157,6586625,Kortfors,Avstängd,xhp,Hållplats på NJDB-nätet. Får ej anv på TRV spår,10283,Kf
1365,9c9d448a-fc7b-4d86-aeea-81a02e22f603,20251128,99991231,0.5,1919,2,,477345,<20190405,49+700,49+700,157,6584704,Granbergsdal,Avstängd,xhp,Hållplats på NJDB-nätet. Får ej anv på TRV spår,10144,Gr
1366,1ad5e298-81ec-4e7d-8d8a-9e023d87e18c,20251128,99991231,0.5,1920,2,,476633,<20190405,50+500,50+500,151,6584895,Kapellet,Avstängd,xhp,Hållplats på NJDB-nätet. Får ej anv på TRV spår,10251,Kt
1367,9ef54180-ff79-48dc-9460-8ff78ed0386d,20251128,99991231,0.442622954653667,1925,2,,372378,<20190405,6+388,6+414,16,6159320,Hyllie,Öppen,dpd,Driftplatsdel,1585,Hie
1368,29d86dda-6b67-4675-a067-b8c6c16ccf8f,20251128,99991231,0.443296922590552,1925,2,,372378,<20190405,6+388,6+414,16,6159320,Hyllie,Öppen,dpd,Driftplatsdel,1585,Hie
1369,c560ed11-e904-42c9-ae55-34f34ab7d69a,20251128,99991231,0.45628175883075,1925,2,,372378,<20190405,6+388,6+414,16,6159320,Hyllie,Öppen,dpd,Driftplatsdel,1585,Hie
1370,d42da555-d118-4ebc-abde-ea0ae3872fe7,20251128,99991231,0.524641638975118,1925,2,,372378,<20190405,6+388,6+414,16,6159320,Hyllie,Öppen,dpd,Driftplatsdel,1585,Hie
1371,90b3d2fe-581d-40aa-b26a-2c4923ae65cd,20251128,99991231,0.543997523161804,1926,2,,739353,<20190405,865+400,865+400,82,7096259,Brattby,Öppen,dp,Driftplats,1595,Btb
1372,96f1c47a-3284-47d8-aafb-708b6806bba2,20251128,99991231,0.483201561641045,1926,2,,739353,<20190405,865+400,865+400,82,7096259,Brattby,Öppen,dp,Driftplats,1595,Btb
1373,eb59f9ca-b5f7-491e-ad81-1f55f6824e3e,20251128,99991231,0.600364056074195,1927,2,,348353,<20190405,107+472,107+472,23,6311189,Falkenberg personstation,Öppen,dp,Driftplats,1594,Fabp
1374,"0dbeadb9-8577-496f-a940-3a5f6f4b74ac",20251128,99991231,0.375853111138159,1927,2,,348353,<20190405,107+472,107+472,23,6311189,Falkenberg personstation,Öppen,dp,Driftplats,1594,Fabp
1375,49a4414f-ed46-40c8-90e7-06a67467f08a,20251128,99991231,0.500768016181146,1930,2,,558152,<20190405,140+236,140+236,79,6288570,Fredrikslund,Öppen,dpd,Driftplatsdel,10117,Fre
1376,58fe7b84-cd47-425a-8e26-8e48ca021b13,20251128,99991231,0.444620961929747,1930,2,,558152,<20190405,140+236,140+236,79,6288570,Fredrikslund,Öppen,dpd,Driftplatsdel,10117,Fre
1377,"0e33240d-b223-4bac-a945-4df3b9a15c0c",20251128,99991231,0.440105612454964,1932,2,,601963,<20190405,64+61,64+61,32,6579665,Barva,Öppen,dp,Driftplats,10026,Bva
1378,"05e8824a-a3ac-4b2e-b4f4-7ce15ae5d18a",20251128,99991231,0.999689698055133,1933,2,,480772,<20190405,116+223,116+223,188,6777907,Born,Öppen,lp,linjeplats,10046,Born
1379,"0aa64690-a90e-45c5-b7b0-e220517f148d",20251128,99991231,0.348523724247383,1937,2,,627013,<20190405,71+470,71+470,23,6548663,Kolke,Öppen,dp,Driftplats,10279,Koe
1380,d3972b5e-77aa-4b58-91ad-5f9af4a9bf27,20251128,99991231,0.4173208966793,1948,2,,750449,<20190405,2+443,2+443,361,7451255,Aitik,Öppen,dpd,Driftplatsdel,228,Aik
1381,7cf4d402-bea3-4675-befc-c5499b09f96e,20251128,99991231,0.4173208966793,1948,2,,750449,<20190405,2+443,2+443,361,7451255,Aitik,Öppen,dpd,Driftplatsdel,228,Aik
1382,c3c452c3-65d7-4b3a-97f2-a713e7cb524d,20251128,99991231,0.499216502374861,1950,2,,718979,<20190405,1407+336,1407+336,512,7530000,Kirunavaara,Öppen,dp,Driftplats,2019,Kia
1383,eda9515a-08d9-4e9b-97b7-0a4590216b06,20251128,99991231,0.498872734754331,1950,2,,718979,<20190405,1407+336,1407+336,512,7530000,Kirunavaara,Öppen,dp,Driftplats,2019,Kia
1384,7175f3bb-ef22-4c4f-8e07-0db242c332cf,20251128,99991231,0.687832269605262,1950,2,,718979,<20190405,1407+336,1407+336,512,7530000,Kirunavaara,Öppen,dp,Driftplats,2019,Kia
1385,469c2b6e-fb90-45e0-b742-8aae17efd39c,20251128,99991231,0.540394241351661,1950,2,,718979,<20190405,1407+336,1407+336,512,7530000,Kirunavaara,Öppen,dp,Driftplats,2019,Kia
1386,e119109c-7795-4019-9f37-9335eaff6458,20251128,99991231,0.442969124450979,1956,2,,643349,<20190405,10+477,10+477,45,6561610,Almnäs,Öppen,dp,Driftplats,10004,Alä
1387,d6a50b7e-df75-4fd1-b417-e876280e4d86,20251128,99991231,0.499993024906232,1963,2,,445434,<20190405,50+975,50+975,192,6368241,Båramo,Öppen,dp,Driftplats,10069,Bmo
1388,511439d8-643d-4443-97f2-28fec147314d,20251128,99991231,0.998432716627651,1966,2,,506420,<20190405,31+527,31+527,181,6364429,Brunnsgård,Öppen,lp,linjeplats,10057,Bsd
1389,fc7354b2-f317-4bf6-a959-d24e59aab44b,20251128,99991231,0.539886180229778,1967,2,,498603,<20190405,71+517,71+517,27,6229716,Ångsågsmossen,Öppen,dp,Driftplats,10608,Åmn
1390,afe52ce4-9d79-4de3-be4d-1cbfd912ec27,20251128,99991231,0.534263645699075,1972,2,,875190,<20190405,42+108,42+108,12,7326436,Bredviken,Öppen,dp,Driftplats,10050,Ben
1391,ed945ae2-c604-4c2b-af57-d515d2104d9d,20251128,99991231,0.491256888675512,1972,2,,875190,<20190405,42+108,42+108,12,7326436,Bredviken,Öppen,dp,Driftplats,10050,Ben
1392,52e86244-1f65-45d6-a714-2f6841f8cd4b,20251128,99991231,0.056458903438371,1975,2,,897129,<20190405,66+111,66+111,37,7332022,Vuonoskogen,Öppen,dp,Driftplats,10593,Vsk
1393,cebb0135-4d26-4e72-9be8-e1fdbbedc4c7,20251128,99991231,0.309462735553538,1976,2,,625944,<20190405,40+535,40+535,560,7594186,Bjørnfjell,Öppen,dp,Driftplats,0,Bjf
1394,b88f5892-0c17-4c3f-b3f0-fde71a5865dd,20251128,99991231,0.488058040373057,1979,2,,498990,<20190405,251+575,251+575,168,6297438,Åryd,Öppen,dp,Driftplats,10611,Ård
1395,325055f6-9e63-4091-ad80-6ecd5a692864,20251128,99991231,0.488058040373057,1979,2,,498990,<20190405,251+575,251+575,168,6297438,Åryd,Öppen,dp,Driftplats,10611,Ård
1396,d7166eba-b226-451d-ac4a-ccb8f4ed023e,20251128,99991231,0.544999442596758,1981,2,,611248,<20190405,151+680,151+680,28,6760738,Kringlan,Öppen,dp,Driftplats,10289,Krl
1397,c66d1f78-2e8a-45f3-895b-5b6e7309482d,20251128,99991231,0.045611991577417,1986,2,,751589,<20190405,36+300,36+300,347,7517503,Pitkäjärvi,Öppen,dpd,Driftplatsdel,3116,Pii
1398,cc79db9b-9fba-4767-9aba-91ce2926beb1,20251128,99991231,0.55504974026259,1999,2,,732335,<20190405,859+350,859+350,88,7097796,Vännäs norra,Öppen,dpd,Driftplatsdel,10594,Vän
1399,cc6d4b65-2a7f-416d-b9d9-acfacf838072,20251128,99991231,0.555225434362962,1999,2,,732335,<20190405,859+350,859+350,88,7097796,Vännäs norra,Öppen,dpd,Driftplatsdel,10594,Vän
1400,18b0fcab-6021-4b8c-8ac7-84426cdeea84,20251128,99991231,0.467912052849294,2001,2,,808537,<20190405,1150+600,1150+600,17,7311574,Sävastklinten,Öppen,dp,Driftplats,10521,Sän
1401,"0c4979de-fa01-4acd-a2c8-f761ea31ab6a",20251128,99991231,0.862598950515503,2002,2,,617626,<20190405,3+208,117+547,14,6731219,Strömsbro,Öppen,dpd,Driftplatsdel,10507,Smo
1402,1a5f1a37-7813-455f-86f5-80fa202fc576,20251128,99991231,0.090812462797599,2002,2,,617626,<20190405,3+208,117+547,14,6731219,Strömsbro,Öppen,dpd,Driftplatsdel,10507,Smo
1403,830a5be9-c175-4e60-befb-1eb499f60c69,20251128,99991231,0.499436448746161,2004,2,,341187,<20190405,423+745,423+745,66,6446100,Varpemossen,Öppen,dp,Driftplats,10566,Vpm
1404,3c80c3b7-e513-4fa4-a789-506b6d2ed5a1,20251128,99991231,0.243938696839918,2006,2,,407153.8,<20190405,345+600,345+600,88,6595017.9,Klingerud,Öppen,dp,Driftplats,10273,Kud
1405,7e1b924f-b2c6-44b5-937a-63a0c563cd6d,20251128,99991231,0.243938696839918,2006,2,,407153.8,<20190405,345+600,345+600,88,6595017.9,Klingerud,Öppen,dp,Driftplats,10273,Kud
1406,"01bd25a6-7172-48d6-bf24-e17c2ad71d38",20251128,99991231,0.656656265555732,2008,2,,569427,<20190405,1+69,1+69,15,6501536,Åby godsbangård,Öppen,dpd,Driftplatsdel,10601,Åbyg
1407,1191e42d-e905-42e9-a49a-3b9fb053300d,20251128,99991231,0.565178084288428,2008,2,,569427,<20190405,1+69,1+69,15,6501536,Åby godsbangård,Öppen,dpd,Driftplatsdel,10601,Åbyg
1408,"083529b0-d75d-4281-86cb-6672094ab5ae",20251128,99991231,0.657033408894962,2008,2,,569427,<20190405,1+69,1+69,15,6501536,Åby godsbangård,Öppen,dpd,Driftplatsdel,10601,Åbyg
1409,"0b43f6b5-184f-4a65-a6a6-2ef974a2df2c",20251128,99991231,0.07609744425712,2011,2,,615885,<20190405,275+192,275+192,38,6859205,Stegsskogen,Öppen,dp,Driftplats,10491,Sten
1410,f32eb6c0-a74a-483a-928f-a9649318a017,20251128,99991231,0.495205411920208,2012,2,,591920,<20190405,311+381,311+381,85,6795285,Mobodarne,Öppen,dp,Driftplats,10362,Mb
1411,659c1aca-5958-4ba5-84a7-8a87c2739686,20251128,99991231,0.495247868819169,2012,2,,591920,<20190405,311+381,311+381,85,6795285,Mobodarne,Öppen,dp,Driftplats,10362,Mb
1412,bce1bd5e-b570-4a07-b8d4-4c85361fe0dc,20251128,99991231,0.449754631465706,2019,2,,674343,<20190405,34+100,34+100,-36,6581075,Stockholm City,Öppen,dpd,Driftplatsdel,10655,Sci
1413,5bba32f5-56cb-4e48-b219-26264b493b8d,20251128,99991231,0.451360294211031,2019,2,,674343,<20190405,34+100,34+100,-36,6581075,Stockholm City,Öppen,dpd,Driftplatsdel,10655,Sci
1414,26d9b35e-6823-44a8-92af-84f8762e329f,20251128,99991231,0.497083180085504,2021,2,,545917,<20190405,16+343,16+343,110,6283879,Örsjö,Öppen,dp,Driftplats,10639,Örs
1415,87b52a39-edc8-4f6f-8116-a10a5fef5b6d,20251128,99991231,0.497083180085504,2021,2,,545917,<20190405,16+343,16+343,110,6283879,Örsjö,Öppen,dp,Driftplats,10639,Örs
1416,1fa20763-06de-40b4-9f49-3bc23447ba58,20251128,99991231,0.429411764705882,2023,2,Stor,533087,<20190405,485+15,485+15,170,6932880,Ånge godsbangård,Öppen,dpd,Driftplatsdel,4720,Åggb
1417,2df08565-d554-4046-8a60-e831e4999a89,20251128,99991231,0.911193673561079,2023,2,Stor,533087,<20190405,485+15,485+15,170,6932880,Ånge godsbangård,Öppen,dpd,Driftplatsdel,4720,Åggb
1418,16d8f1e0-c12c-46a7-acc8-efc1f47bdb35,20251128,99991231,0.528555276734428,2024,2,,747384,<20190405,30+850,30+850,382,7518628,Mertainen,Öppen,dp,Driftplats,10683,Mtn
1419,ad380fb3-6d68-432d-bee4-1d8da5a8a478,20251128,99991231,0.347680783863875,2025,2,,607915,<20190405,209+140,209+140,21,6801604,Källene,Öppen,dp,Driftplats,10641,Käe
1420,c4bf57e2-083b-4888-8992-5dfb5241c4fa,20251128,99991231,0.492259028224155,2101,2,,502655,<20190405,203+50,203+50,70,6546200,Hallsberg Posten,Öppen,dpd,Driftplatsdel,10180,Hpn
1421,57370ebf-15fd-44dd-8049-d657947917cb,20251128,99991231,0.428677793545216,2101,2,,502655,<20190405,203+50,203+50,70,6546200,Hallsberg Posten,Öppen,dpd,Driftplatsdel,10180,Hpn
1422,3d82510c-4340-42e4-beac-890783085663,20251128,99991231,0.274728809507939,2102,2,,370417,<20190405,152+692,152+703,4,6280810,Halmstads rangerbangård,Öppen,dpd,Driftplatsdel,1239,Hdr
1423,a46ea87e-b8de-4c74-baed-e4a56480e061,20251128,99991231,0.268188309350068,2102,2,,370417,<20190405,152+692,152+703,4,6280810,Halmstads rangerbangård,Öppen,dpd,Driftplatsdel,1239,Hdr
1424,f4bf479c-3630-46cf-9d6b-8085bbf7f98b,20251128,99991231,0.238961745325108,2102,2,,370417,<20190405,152+692,152+703,4,6280810,Halmstads rangerbangård,Öppen,dpd,Driftplatsdel,1239,Hdr
1425,c6af82e6-12ee-4cb7-bbec-4cb8e572625d,20251128,99991231,0.175686319335504,2102,2,,370417,<20190405,152+692,152+703,4,6280810,Halmstads rangerbangård,Öppen,dpd,Driftplatsdel,1239,Hdr
1426,4c7d12cc-7392-4a18-92f8-c6b86827d303,20251128,99991231,0.366449808914726,2102,2,,370417,<20190405,152+692,152+703,4,6280810,Halmstads rangerbangård,Öppen,dpd,Driftplatsdel,1239,Hdr
1427,d9583c25-2599-46b5-a9c7-71e6d04a4640,20251128,99991231,0.248994325032574,2102,2,,370417,<20190405,152+692,152+703,4,6280810,Halmstads rangerbangård,Öppen,dpd,Driftplatsdel,1239,Hdr
1428,affbab09-71d2-49a9-bf9c-a53848bd2d68,20251128,99991231,0.764552969878632,2103,2,,358034,<20190405,2+893,2+910,8,6211439,Helsingborgs godsbangård,Öppen,dpd,Driftplatsdel,1690,Hbgb
1429,9d1479c1-95b1-40a8-aa6c-7170c2a804d1,20251128,99991231,0.084224955551603,2103,2,,358034,<20190405,2+893,2+910,8,6211439,Helsingborgs godsbangård,Öppen,dpd,Driftplatsdel,1690,Hbgb
1430,1e760f27-52cc-4241-8643-4c9d84ef7d05,20251128,99991231,0.224660300571355,2103,2,,358034,<20190405,2+893,2+910,8,6211439,Helsingborgs godsbangård,Öppen,dpd,Driftplatsdel,1690,Hbgb
1431,4cd218df-186e-4587-b79c-d6f005b22c25,20251128,99991231,0.995112363305034,2103,2,,358034,<20190405,2+893,2+910,8,6211439,Helsingborgs godsbangård,Öppen,dpd,Driftplatsdel,1690,Hbgb
1432,f8a1e902-b944-4f35-ada7-670773a06e69,20251128,99991231,0.46955771014017,2108,2,,674581,<20190405,"0+0","0+0",0,6582676,Stockholms östra,Öppen,stn,Station - Får ej användas på TRV spår,0,xÖst
1433,60f29441-46db-4058-af39-e10e6930f306,20251128,99991231,0.326178689080782,2109,2,,673034,<20190405,5+640,5+640,0,6587677,Mörby,Öppen,stn,Station - Får ej användas på TRV spår,0,xMöb
1434,e5e86a21-5288-4943-a7d5-4af599b2bedb,20251128,99991231,0.349770751420146,2109,2,,673034,<20190405,5+640,5+640,0,6587677,Mörby,Öppen,stn,Station - Får ej användas på TRV spår,0,xMöb
1435,51c7820d-e687-4654-bbd4-596487aee3a4,20251128,99991231,0.572028175857159,2110,2,,673613,<20190405,6+698,6+698,0,6588236,Djursholms Ösby,Öppen,stn,Station - Får ej användas på TRV spår,0,xDjö
1436,6dfa9371-7763-4a32-863f-5b803e2cd302,20251128,99991231,0.611076752593212,2110,2,,673613,<20190405,6+698,6+698,0,6588236,Djursholms Ösby,Öppen,stn,Station - Får ej användas på TRV spår,0,xDjö
1437,2600a09e-5f5e-4614-a297-5b4153357cbb,20251128,99991231,0.473882058235934,2110,2,,673613,<20190405,6+698,6+698,0,6588236,Djursholms Ösby,Öppen,stn,Station - Får ej användas på TRV spår,0,xDjö
1438,3a1dbb35-8281-4392-a402-9169e881ee78,20251128,99991231,0.241784054775754,2110,2,,673613,<20190405,6+698,6+698,0,6588236,Djursholms Ösby,Öppen,stn,Station - Får ej användas på TRV spår,0,xDjö
1439,81a27897-cb48-4882-9510-a63d798725c5,20251128,99991231,0.540726453488372,2111,2,,673421,<20190405,11+116,11+116,0,6592556,Roslags Näsby,Öppen,stn,Station - Får ej användas på TRV spår,0,xRnb
1440,fb21ad9a-406a-4135-9464-e02cae13c9c1,20251128,99991231,0.407898758337837,2111,2,,673421,<20190405,11+116,11+116,0,6592556,Roslags Näsby,Öppen,stn,Station - Får ej användas på TRV spår,0,xRnb
1441,"0af12a2f-c18e-4b25-ace6-34226338936f",20251128,99991231,0.468584591194969,2111,2,,673421,<20190405,11+116,11+116,0,6592556,Roslags Näsby,Öppen,stn,Station - Får ej användas på TRV spår,0,xRnb
1442,3f5dcd36-538a-4183-94f9-b3ec700838d0,20251128,99991231,0.367907715123292,2111,2,,673421,<20190405,11+116,11+116,0,6592556,Roslags Näsby,Öppen,stn,Station - Får ej användas på TRV spår,0,xRnb
1443,"0bd076d6-5562-4a9d-975a-3b6f36f9e9ff",20251128,99991231,0.746005911357188,2112,2,,673574,<20190405,14+200,14+200,0,6595559,Visinge,Öppen,stn,Station - Får ej användas på TRV spår,0,xVis
1444,93ba447e-960e-4b14-88e7-d38fb5f4a3d7,20251128,99991231,0.743445755147837,2112,2,,673574,<20190405,14+200,14+200,0,6595559,Visinge,Öppen,stn,Station - Får ej användas på TRV spår,0,xVis
1445,20dd9376-f2db-4493-b7f4-1627f24c7a19,20251128,99991231,0.730755589948382,2113,2,,673601,<20190405,17+825,17+825,0,6598947,Täby kyrkby,Öppen,stn,Station - Får ej användas på TRV spår,0,xTäb
1446,644c2787-1684-4c05-8a10-33c9914a8338,20251128,99991231,0.767904092044807,2113,2,,673601,<20190405,17+825,17+825,0,6598947,Täby kyrkby,Öppen,stn,Station - Får ej användas på TRV spår,0,xTäb
1447,472ace85-6c1f-42ab-8227-1c3bca7407cc,20251128,99991231,0.405646265476937,2114,2,,674046,<20190405,19+928,19+928,1,6600904,Kragstalund,Öppen,stn,Station - Får ej användas på TRV spår,0,xKgl
1448,a54d8a44-ab93-4ecb-9f9d-c89ddeca02af,20251128,99991231,0.469299521839986,2114,2,,674046,<20190405,19+928,19+928,1,6600904,Kragstalund,Öppen,stn,Station - Får ej användas på TRV spår,0,xKgl
1449,38c28c26-ac6f-4a3c-a443-e1d060210ae4,20251128,99991231,0.357113392857143,2115,2,,674166,<20190405,22+762,22+764,0,6603570,Vallentuna,Öppen,stn,Station - Får ej användas på TRV spår,0,xVlt
1450,e9d9d7f8-21a1-471a-abfa-7a9562323dda,20251128,99991231,0.357113392857143,2115,2,,674166,<20190405,22+762,22+764,0,6603570,Vallentuna,Öppen,stn,Station - Får ej användas på TRV spår,0,xVlt
1451,dfcc59e9-4ff4-4a0f-b61c-ce3866cf7598,20251128,99991231,0.418915483408394,2116,2,,674070,<20190405,24+90,24+90,2,6604910,Ormsta,Öppen,stn,Station - Får ej användas på TRV spår,0,xOta
1452,4f38b5e1-591a-46f5-aeac-845bd60c27ed,20251128,99991231,0.564777815699659,2116,2,,674070,<20190405,24+90,24+90,2,6604910,Ormsta,Öppen,stn,Station - Får ej användas på TRV spår,0,xOta
1453,5f853ae4-073a-4d04-8ed4-ef7e19fd827f,20251128,99991231,0.649070019350621,2117,2,,675562,<20190405,28+790,28+790,0,6609224,Lindholmen,Öppen,stn,Station - Får ej användas på TRV spår,0,xLdm
1454,"0270609a-1a7e-4735-b728-91de463bdc01",20251128,99991231,0.583628257744919,2118,2,,684085,<20190405,41+709,41+709,0,6617709,Kårsta,Öppen,stn,Station - Får ej användas på TRV spår,0,xKår
1455,490911bb-b4e2-41f8-8f24-db9173d30fe7,20251128,99991231,0.572669121715194,2118,2,,684085,<20190405,41+709,41+709,0,6617709,Kårsta,Öppen,stn,Station - Får ej användas på TRV spår,0,xKår
1456,b95fdebf-1b7c-4f66-8881-c1b8048a49df,20251128,99991231,0.415448003043434,2119,2,,674394,<20190405,8+504,8+527,0,6589833,Altorp,Öppen,stn,Station - Får ej användas på TRV spår,0,xAlp
1457,3b5f8542-2643-469c-bde0-e80addc4c0b1,20251128,99991231,0.415448003043434,2119,2,,674394,<20190405,8+504,8+527,0,6589833,Altorp,Öppen,stn,Station - Får ej användas på TRV spår,0,xAlp
1458,"0ecdf2e1-28a2-49cd-98b2-0a4b5b7b74b8",20251128,99991231,0.94664094553853,2120,2,,675574,<20190405,11+698,11+698,0,6592038,Näsbypark,Öppen,stn,Station - Får ej användas på TRV spår,0,xNbp
1459,5cb41237-6493-4805-be4a-7e97d84c1c7a,20251128,99991231,0.498008692082083,2121,2,,675971,<20190405,14+277,14+277,0,6594189,Viggbyholm,Öppen,stn,Station - Får ej användas på TRV spår,0,xVbm
1460,816f78b3-3e71-44e3-a388-991d5aef620e,20251128,99991231,0.560187938315875,2121,2,,675971,<20190405,14+277,14+277,0,6594189,Viggbyholm,Öppen,stn,Station - Får ej användas på TRV spår,0,xVbm
1461,5f10ae3b-40ce-426c-a370-734e012ed706,20251128,99991231,0.453917107150517,2122,2,,677133,<20190405,15+643,15+660,0,6594427,Hägernäs,Öppen,stn,Station - Får ej användas på TRV spår,0,xHgä
1462,13a16097-0103-4cbe-a301-e571ada13b18,20251128,99991231,0.437023152599937,2122,2,,677133,<20190405,15+643,15+660,0,6594427,Hägernäs,Öppen,stn,Station - Får ej användas på TRV spår,0,xHgä
1463,667bffbd-3ad2-44b2-8405-ac4fa01736f4,20251128,99991231,0.258823779883809,2123,2,,680453,<20190405,20+25,20+25,0,6596199,Rydbo,Öppen,stn,Station - Får ej användas på TRV spår,0,xRdb
1464,3a43d83f-51a6-4e8c-8073-1c0b6802fe3f,20251128,99991231,0.479698363518052,2123,2,,680453,<20190405,20+25,20+25,0,6596199,Rydbo,Öppen,stn,Station - Får ej användas på TRV spår,0,xRdb
1465,7f29269b-00f5-4de1-b0c5-2b1675652f26,20251128,99991231,0.698652963566675,2125,2,,687626,<20190405,29+512,29+512,0,6596095,Österskär,Öppen,stn,Station - Får ej användas på TRV spår,0,xÖsk
1466,4571a25b-5799-48df-a705-2dbd426a2cd6,20251128,99991231,0.622703623536579,2126,2,,685210,<20190405,25+543,25+564,0,6598130,Åkers Runö,Öppen,stn,Station - Får ej användas på TRV spår,0,xÅru
1467,"01b489c5-be93-4a8c-9c4e-e6bf3cb623fc",20251128,99991231,0.610177857432433,2126,2,,685210,<20190405,25+543,25+564,0,6598130,Åkers Runö,Öppen,stn,Station - Får ej användas på TRV spår,0,xÅru
1468,aac6667e-cdc0-49db-8d64-020ab4d9e968,20251128,99991231,0.440210881476151,2127,2,,686854,<20190405,27+208,27+208,0,6598035,Åkersberga,Öppen,stn,Station - Får ej användas på TRV spår,0,xÅbg
1469,cae9082f-b93b-47d9-b94b-f599c31f7cf2,20251128,99991231,0.515291419485793,2127,2,,686854,<20190405,27+208,27+208,0,6598035,Åkersberga,Öppen,stn,Station - Får ej användas på TRV spår,0,xÅbg
1470,48ccaa12-cfd1-47a4-aca1-fb6ccb7fb080,20251128,99991231,0.552170698811996,2128,2,,673411,<20190405,2+310,2+310,0,6584650,Universitetet,Öppen,stn,Station - Får ej användas på TRV spår,0,xUnv
1471,e300d0d3-e1b4-4b16-889b-fe46d2bece6c,20251128,99991231,0.547795170863086,2128,2,,673411,<20190405,2+310,2+310,0,6584650,Universitetet,Öppen,stn,Station - Får ej användas på TRV spår,0,xUnv
1472,d3f35438-eded-4cb9-82a1-20113e0d82d5,20251128,99991231,0.751729347476406,2129,2,,672877,<20190405,4+803,4+803,0,6586866,Stocksund,Öppen,stn,Station - Får ej användas på TRV spår,0,xSsu
1473,402c3328-d1a0-4b82-ae09-b6b5484b89aa,20251128,99991231,0.781044816681442,2129,2,,672877,<20190405,4+803,4+803,0,6586866,Stocksund,Öppen,stn,Station - Får ej användas på TRV spår,0,xSsu
1474,"0affd12e-b997-4f25-b880-8251edde05f2",20251128,99991231,0.575909007679332,2131,2,,674158,<20190405,7+181,7+181,0,6588591,Vendevägen,Öppen,xhp,Hållplats på NJDB-nätet. Får ej anv på TRV spår,0,xVev
1475,8e1e1ba6-4059-4cd1-ac7b-33afab462e8f,20251128,99991231,0.700142778669085,2132,2,,674491,<20190405,7+781,7+781,0,6589068,Östberga,Öppen,xhp,Hållplats på NJDB-nätet. Får ej anv på TRV spår,0,xÖga
1476,800e1fa2-22b0-4f34-9707-d4b95e4cd560,20251128,99991231,0.044776347146105,2133,2,,674397,<20190405,10+180,10+180,0,6591300,Lahäll,Öppen,xhp,Hållplats på NJDB-nätet. Får ej anv på TRV spår,0,xLhl
1477,44ae4d3c-b8ab-4c55-8c20-d73b9e67dd09,20251128,99991231,0.611940298507463,2134,2,,675008,<20190405,11+1,11+1,0,6591696,Näsbyallé,Öppen,xhp,Hållplats på NJDB-nätet. Får ej anv på TRV spår,0,xNbe
1478,4bcef1b1-73ea-4d65-92df-6977eb5a1af3,20251128,99991231,0.640000030517578,2135,2,,673718,<20190405,7+418,7+418,0,6589201,Bråvallavägen,Öppen,xhp,Hållplats på NJDB-nätet. Får ej anv på TRV spår,0,xBvv
1479,2dc86291-fe1e-4703-89d8-63b8351016e6,20251128,99991231,0.728000122070313,2135,2,,673718,<20190405,7+418,7+418,0,6589201,Bråvallavägen,Öppen,xhp,Hållplats på NJDB-nätet. Får ej anv på TRV spår,0,xBvv
1480,5d92c30a-ea0b-4cb3-a33a-7e2a6f86ce1e,20251128,99991231,0.446153846153846,2136,2,,673517,<20190405,8+320,8+320,0,6590027,Djursholms Ekeby,Öppen,xhp,Hållplats på NJDB-nätet. Får ej anv på TRV spår,0,xDje
1481,14f15a4a-986f-49ad-a6c8-9205a6834d66,20251128,99991231,0.414634146341463,2136,2,,673517,<20190405,8+320,8+320,0,6590027,Djursholms Ekeby,Öppen,xhp,Hållplats på NJDB-nätet. Får ej anv på TRV spår,0,xDje
1482,daaa9a9d-afde-429d-8ee0-d5e4a490b28e,20251128,99991231,0.536585365853659,2137,2,,673083,<20190405,9+861,9+861,0,6591446,Enebyberg,Öppen,xhp,Hållplats på NJDB-nätet. Får ej anv på TRV spår,0,xEnb
1483,a4fc61b3-cd7f-4075-b647-21a0249d45a1,20251128,99991231,0.552845528455285,2137,2,,673083,<20190405,9+861,9+861,0,6591446,Enebyberg,Öppen,xhp,Hållplats på NJDB-nätet. Får ej anv på TRV spår,0,xEnb
1484,764aa2ac-9c17-4f96-9e78-130fd2e5508a,20251128,99991231,0.573804557943047,2138,2,,673655,<20190405,11+897,11+897,0,6593296,Tibble,Öppen,stn,Station - Får ej användas på TRV spår,0,xTbl
1485,67f9ffba-e23c-4cd6-93ca-fcd97d734a39,20251128,99991231,0.550515463917526,2138,2,,673655,<20190405,11+897,11+897,0,6593296,Tibble,Öppen,stn,Station - Får ej användas på TRV spår,0,xTbl
1486,56ddf0b7-4e2e-4b25-81fc-cffc9a15f903,20251128,99991231,0.374964257723717,2139,2,,674332,<20190405,12+481,12+481,0,6593560,Täby Centrum,Öppen,xhp,Hållplats på NJDB-nätet. Får ej anv på TRV spår,0,xTäc
1487,9a650c4c-8894-406c-ae77-22c41c937d0d,20251128,99991231,0.397727272727273,2139,2,,674332,<20190405,12+481,12+481,0,6593560,Täby Centrum,Öppen,xhp,Hållplats på NJDB-nätet. Får ej anv på TRV spår,0,xTäc
1488,7149da8a-46be-4801-9407-96401af0e3c0,20251128,99991231,0.496120689655172,2140,2,,674866,<20190405,13+115,13+115,0,6593862,Galoppfältet,Öppen,stn,Station - Får ej användas på TRV spår,0,xGpf
1489,91e42ca8-ae6b-4f2c-a491-71ebcb68e54f,20251128,99991231,0.534525862068965,2140,2,,674866,<20190405,13+115,13+115,0,6593862,Galoppfältet,Öppen,stn,Station - Får ej användas på TRV spår,0,xGpf
1490,43c6c4f7-f7f5-4fbd-a4fc-3b6fa129516d,20251128,99991231,0.403251582533394,2143,2,,683274,<20190405,23+301,23+302,0,6597202,Täljö,Öppen,stn,Station - Får ej användas på TRV spår,0,xTäl
1491,e79390de-db4e-4d52-9331-ef53f8bd3673,20251128,99991231,0.377451899164217,2143,2,,683274,<20190405,23+301,23+302,0,6597202,Täljö,Öppen,stn,Station - Får ej användas på TRV spår,0,xTäl
1492,c7c0f894-91b1-46ad-bae7-b3397c0a1fa2,20251128,99991231,0.557377049180328,2144,2,,687375,<20190405,28+582,28+582,0,6596904,Tunagård,Öppen,xhp,Hållplats på NJDB-nätet. Får ej anv på TRV spår,0,xTug
1493,1ed20e60-a5c2-4a59-849e-bf31568e1787,20251128,99991231,0.492307692307692,2147,2,,673661,<20190405,12+991,12+991,0,6594390,Ensta,Öppen,xhp,Hållplats på NJDB-nätet. Får ej anv på TRV spår,0,xEsa
1494,e03d47db-7ea7-4d2b-99dc-495cd304b147,20251128,99991231,0.507692307692308,2147,2,,673661,<20190405,12+991,12+991,0,6594390,Ensta,Öppen,xhp,Hållplats på NJDB-nätet. Får ej anv på TRV spår,0,xEsa
1495,72e3ac58-331c-4d06-8cb4-3a601cfdb938,20251128,99991231,0.56327221129465,2148,2,,673774,<20190405,21+355,21+355,0,6602296,Bällsta,Öppen,stn,Station - Får ej användas på TRV spår,0,xBäl
1496,a1a28501-d1fd-4878-8cf4-b39bba5b7db4,20251128,99991231,0.564928165757238,2148,2,,673774,<20190405,21+355,21+355,0,6602296,Bällsta,Öppen,stn,Station - Får ej användas på TRV spår,0,xBäl
1497,50527732-bce0-4c9b-b135-9a4fb9a8a2ce,20251128,99991231,0.606141818789985,2149,2,,681862,<20190405,38+514,38+514,0,6615634,Ekskogen,Öppen,xhp,Hållplats på NJDB-nätet. Får ej anv på TRV spår,0,xEkg
1498,7923fcb7-b770-4fbc-b17a-b60603cda870,20251128,99991231,0.575840087890625,2150,2,,678790,<20190405,34+571,34+571,0,6613818,Frösunda,Öppen,xhp,Hållplats på NJDB-nätet. Får ej anv på TRV spår,0,xFsu
1499,5b29ad43-b51f-42c6-856f-aa24c3625d85,20251128,99991231,0.466583251953125,2151,2,,674338,<20190405,25+445,25+445,0,6606172,Molnby,Öppen,xhp,Hållplats på NJDB-nätet. Får ej anv på TRV spår,0,xMnb
1500,55388e56-c339-4daa-933c-394982967174,20251128,99991231,1.7574997859e-05,2153,2,,674890,<20190405,"0+0","0+0",4,6579692,Slussen,Avstängd,stn,Station - Får ej användas på TRV spår,0,xSlu
1501,976c0e2a-1ce2-44fb-a741-46379db0ebc0,20251128,99991231,0.372340263204372,2155,2,,677678,<20190405,3+279,3+279,0,6578384,Sickla,Öppen,xhp,Hållplats på NJDB-nätet. Får ej anv på TRV spår,0,xSik
1502,252c793b-415a-4b71-a3f9-705071436972,20251128,99991231,0.362742257239737,2157,2,,678192,<20190405,3+808,3+808,6,6578377,Nacka,Öppen,stn,Station - Får ej användas på TRV spår,0,xNka
1503,e7e83c31-b43c-491e-9ddd-bc8f790d10e0,20251128,99991231,0.228427644079544,2157,2,,678192,<20190405,3+808,3+808,6,6578377,Nacka,Öppen,stn,Station - Får ej användas på TRV spår,0,xNka
1504,ca56e511-8039-49ae-bf66-152c43365884,20251128,99991231,0.623818397639027,2158,2,,679299,<20190405,4+896,4+896,0,6578465,Saltsjö-Järla,Öppen,stn,Station - Får ej användas på TRV spår,0,xSjl
1505,9ac20246-420e-4252-a024-71deaa70665f,20251128,99991231,0.611103031080229,2161,2,,680916,<20190405,6+596,6+596,0,6578396,Storängen,Öppen,stn,Station - Får ej användas på TRV spår,0,xStä
1506,b47e7afd-2945-45b3-b773-5e6ac7de4c93,20251128,99991231,0.659694991365315,2162,2,,682120,<20190405,7+933,7+933,0,6577896,Saltsjö-Duvnäs,Öppen,stn,Station - Får ej användas på TRV spår,0,xSdn
1507,ff1e4e1a-4630-4f32-ac32-c1346ce8b2eb,20251128,99991231,0.518518659803602,2163,2,,684249,<20190405,10+304,10+304,0,6577390,Östervik,Öppen,xhp,Hållplats på NJDB-nätet. Får ej anv på TRV spår,0,xÖsv
1508,b1dc51c7-46ad-4c3a-85c9-d6500d77d443,20251128,99991231,0.508620689655172,2164,2,,685420,<20190405,11+611,11+611,0,6577335,Fisksätra,Öppen,xhp,Hållplats på NJDB-nätet. Får ej anv på TRV spår,0,xFsä
1509,177499cd-103c-4a55-a7ad-a6f3e312d3e8,20251128,99991231,0.567534513251726,2165,2,,686548,<20190405,12+974,12+974,0,6576923,Igelboda,Öppen,stn,Station - Får ej användas på TRV spår,0,xIgb
1510,e5141c1e-8832-44e7-b8fe-b562c92e22bc,20251128,99991231,0.400039375640878,2165,2,,686548,<20190405,12+974,12+974,0,6576923,Igelboda,Öppen,stn,Station - Får ej användas på TRV spår,0,xIgb
1511,97418060-9243-4692-a28f-58dc358c07ea,20251128,99991231,0.490460881799748,2166,2,,687509,<20190405,13+988,13+988,0,6576814,Neglinge,Öppen,stn,Station - Får ej användas på TRV spår,0,xNeg
1512,66b4853a-a9ca-49f1-81aa-10085aed4bfb,20251128,99991231,0.415094431751181,2167,2,,688109,<20190405,14+833,14+833,0,6576244,Ringvägen,Öppen,xhp,Hållplats på NJDB-nätet. Får ej anv på TRV spår,0,xRvä
1513,514228f4-019d-48bb-8ae0-f1bcbe563e6b,20251128,99991231,0.932567338685732,2171,2,,686682,<20190405,13+672,13+672,0,6576280,Tippen,Öppen,xhp,Hållplats på NJDB-nätet. Får ej anv på TRV spår,0,xTip
1514,bfac5b19-5b92-4a8d-b30e-ba8d21c71f3f,20251128,99991231,0.55,2172,2,,686976,<20190405,14+379,14+379,0,6575730,Tattby,Öppen,xhp,Hållplats på NJDB-nätet. Får ej anv på TRV spår,0,xTab
1515,4c54829d-a087-4187-8839-671ade4ae61d,20251128,99991231,1,2174,2,,687828,<20190405,15+838,15+838,0,6574862,Solsidan,Öppen,xhp,Hållplats på NJDB-nätet. Får ej anv på TRV spår,0,xSln
1516,97f1dbb3-24b7-4f65-9def-e3b635758970,20251128,99991231,0.942121135553905,2182,2,,568176,<20190405,151+384,151+384,38,6284874,Trekanten,Öppen,dp,Driftplats,10666,Tre
1517,8b819edd-bdef-4946-81cd-694845ddc978,20251128,99991231,0.800517723699292,2185,2,,483886,<20190405,127+656,127+656,189,6632898,Kejsarbäcken,Öppen,dp,Driftplats,10646,Keb
1518,b4d8b8e8-4d98-4ff4-9e1d-0c647bd6c05a,20251128,99991231,0.499999969393941,2194,2,,306282,<20190405,"0+0","0+0",99,6485287,Munkedals nedre,Öppen,stn,Station - Får ej användas på TRV spår,0,Mkln
1519,d0dcabf3-4c5f-4f0f-804b-45e9e74177d4,20251128,99991231,0.024669309015023,2195,2,,306545,<20190405,"0+0","0+0",99,6484532,Åtorp,Öppen,stn,Station - Får ej användas på TRV spår,0,xÅtp
1520,c7946a53-7223-4edf-8be1-a11e1ab78825,20251128,99991231,0.499999970593945,2196,2,,306163,<20190405,"0+0","0+0",99,6482304,Munkedals hamn,Öppen,stn,Station - Får ej användas på TRV spår,0,Mklh
1521,9e179c9d-12e4-4b09-8f7d-e663a01c28e6,20251128,99991231,0.367608541982096,2197,2,,493237,<20190405,"0+0","0+0",2,6478183,Vadstena,Öppen,stn,Station - Får ej användas på TRV spår,0,xVst
1522,fa05f5db-635f-4a1a-a986-ba80525e694b,20251128,99991231,0.5,2199,2,,386940,<20190405,"0+0","0+0",0,6220620,Forsmöllan,Ejunderh,xhp,Hållplats på NJDB-nätet. Får ej anv på TRV spår,0,xFmö
1523,2207ea84-7d4e-45a9-95cc-868b41712b1e,20251128,99991231,8.4746473e-08,2200,2,,389735,<20190405,"0+0","0+0",0,6217078,Ljungbyheds grusgrop,Ejunderh,lp,linjeplats,0,xLjd
1524,b0f42c80-4f7d-47dd-9163-77b896b89301,20251128,99991231,0.58963434941066,2201,2,,674105,<20190405,81+874,81+874,0,6646599,Faringe,Öppen,stn,Station - Får ej användas på TRV spår,0,xFrg
1525,2e3b50a0-951f-4eb8-a500-40d38a325acb,20251128,99991231,0.757045539529524,2201,2,,674105,<20190405,81+874,81+874,0,6646599,Faringe,Öppen,stn,Station - Får ej användas på TRV spår,0,xFrg
1526,dd34921e-ca4f-4b99-89a3-cab1726dc4d4,20251128,99991231,0.5,2202,2,,672167,<20190405,85+965,85+965,0,6643785,Moga,Öppen,xhp,Hållplats på NJDB-nätet. Får ej anv på TRV spår,0,xMg
1527,"0c860aae-23e0-4a98-8376-b9a7ae3675dc",20251128,99991231,0.155765634859983,2203,2,,670409,<20190405,88+645,88+645,0,6641513,Almunge,Öppen,stn,Station - Får ej användas på TRV spår,0,xAlg
1528,2de9ecdf-943f-48e7-aac8-0de25ef6d4f3,20251128,99991231,0.301618461466287,2203,2,,670409,<20190405,88+645,88+645,0,6641513,Almunge,Öppen,stn,Station - Får ej användas på TRV spår,0,xAlg
1529,14dd623f-542b-4a5b-9cb3-c8d2cb850920,20251128,99991231,0.188002435243345,2204,2,,666280,<20190405,93+76,93+76,0,6641465,Länna bruk,Öppen,lp,linjeplats,0,xLbr
1530,5989cb75-a9b9-4a23-9176-7181c5cda144,20251128,99991231,0.125360793895884,2204,2,,666280,<20190405,93+76,93+76,0,6641465,Länna bruk,Öppen,lp,linjeplats,0,xLbr
1531,e22f412c-ca31-43b5-9c96-ffc8bcf42832,20251128,99991231,0.916666666666667,2206,2,,664819,<20190405,95+160,95+160,0,6640168,Löt,Öppen,xhp,Hållplats på NJDB-nätet. Får ej anv på TRV spår,0,xLöt
1532,f8485dc1-035c-4165-832b-4173cd4610c2,20251128,99991231,0.619047619047619,2207,2,,662917,<20190405,97+520,97+520,0,6638896,Selknä,Öppen,xhp,Hållplats på NJDB-nätet. Får ej anv på TRV spår,0,xSlä
1533,"07c55bb5-7966-490b-b1ab-b5f6120b3a53",20251128,99991231,0.75,2208,2,,661735,<20190405,99+80,99+80,0,6637925,Lövstahagen,Öppen,xhp,Hållplats på NJDB-nätet. Får ej anv på TRV spår,0,xLh
1534,9442678c-31f4-4efc-a8b5-1c452b59fc09,20251128,99991231,0.533704098070975,2209,2,,661082,<20190405,100+36,100+36,0,6637404,Marielund,Öppen,stn,Station - Får ej användas på TRV spår,0,xMl
1535,f9f6e571-b211-4baa-ab0c-2d4bbbc3974e,20251128,99991231,0.655240689655172,2209,2,,661082,<20190405,100+36,100+36,0,6637404,Marielund,Öppen,stn,Station - Får ej användas på TRV spår,0,xMl
1536,"08872976-eaed-4bb4-8809-6ac0923c2e16",20251128,99991231,0.9,2210,2,,660154,<20190405,101+200,101+200,0,6638106,Funbo,Öppen,xhp,Hållplats på NJDB-nätet. Får ej anv på TRV spår,0,xFb
1537,1d86fe52-d46d-4565-8bf3-f318d76712e2,20251128,99991231,0.666666666666667,2211,2,,658755,<20190405,102+748,102+748,0,6638414,Gunsta,Öppen,xhp,Hållplats på NJDB-nätet. Får ej anv på TRV spår,0,xGa
1538,c04f0ae0-1438-4dc7-9a0f-e9aa90f27c45,20251128,99991231,0.530190333576102,2212,2,,657686,<20190405,103+884,103+884,0,6638852,Bärby,Öppen,stn,Station - Får ej användas på TRV spår,0,xB
1539,22416114-f3c9-44de-838c-17a16da971eb,20251128,99991231,0.422907558139535,2212,2,,657686,<20190405,103+884,103+884,0,6638852,Bärby,Öppen,stn,Station - Får ej användas på TRV spår,0,xB
1540,dccab8b8-1b02-41f2-971a-2628a60cf2be,20251128,99991231,0.935185185185185,2213,2,,653610,<20190405,108+348,108+348,0,6640610,Skölsta,Öppen,xhp,Hållplats på NJDB-nätet. Får ej anv på TRV spår,0,xSa
1541,22b0c728-b588-4548-a616-9f0ffa84c8ef,20251128,99991231,0.196875,2214,2,,651338,<20190405,111+70,111+70,0,6639376,Årsta,Öppen,xhp,Hållplats på NJDB-nätet. Får ej anv på TRV spår,0,xÅs
1542,465860dd-5506-4425-a326-e14bed787433,20251128,99991231,0.272388059701493,2215,2,,650213,<20190405,112+400,112+400,0,6638686,Fyrislund,Öppen,xhp,Hållplats på NJDB-nätet. Får ej anv på TRV spår,0,xFl
1543,254f1358-3ff4-419f-af6c-11d307b46dd8,20251128,99991231,0.721032173922269,2216,2,,648388,<20190405,114+306,114+306,0,6638550,Uppsala Östra,Öppen,stn,Station - Får ej användas på TRV spår,0,xUö
1544,d6089898-770a-4d1b-8887-6930ae4dd667,20251128,99991231,0.721032173922269,2216,2,,648388,<20190405,114+306,114+306,0,6638550,Uppsala Östra,Öppen,stn,Station - Får ej användas på TRV spår,0,xUö
1545,9d1b4b1b-20da-42ee-8e15-dc255d7009ab,20251128,99991231,0.558426490972984,2220,2,,449753,<20190405,"0+0","0+0",0,6330644,Bor Norra,Öppen,stn,Station - Får ej användas på TRV spår,0,xBn
1546,be03a90e-057a-4380-b12d-1dbd7f263d33,20251128,99991231,0.5,2221,2,,450068,<20190405,"0+0","0+0",0,6332330,Sjövägen,Öppen,xhp,Hållplats på NJDB-nätet. Får ej anv på TRV spår,0,xSjv
1547,94675502-bc14-4b32-8735-08e23daeb63b,20251128,99991231,0.624914048280276,2222,2,,451699,<20190405,"0+0","0+0",0,6333641,Stensjön,Öppen,stn,Station - Får ej användas på TRV spår,0,xSn
1548,a708c236-6c53-4aa5-ac94-9ad380a6644b,20251128,99991231,0.4375,2223,2,,453314,<20190405,"0+0","0+0",0,6334454,Hösjömo,Öppen,xhp,Hållplats på NJDB-nätet. Får ej anv på TRV spår,0,xHöo
1549,"0dda82f5-0e0a-44f5-bcd6-1c29e5fb0df3",20251128,99991231,0.5,2224,2,,455314,<20190405,"0+0","0+0",0,6336075,Gimarpsby,Öppen,xhp,Hållplats på NJDB-nätet. Får ej anv på TRV spår,0,xGby
1550,58b17bc8-4ba5-4454-94c6-5a7aa0fb9112,20251128,99991231,0.759958786050268,2225,2,,455930,<20190405,"0+0","0+0",0,6337015,Gimarp,Öppen,stn,Station - Får ej användas på TRV spår,0,xGim
1551,3fc47cc4-1838-425e-97a0-d11702f25ca7,20251128,99991231,0.5,2226,2,,456358,<20190405,"0+0","0+0",0,6337527,Elgaryd,Öppen,xhp,Hållplats på NJDB-nätet. Får ej anv på TRV spår,0,xEyd
1552,f8a3d0e4-f314-41dd-bbb3-cfb19519c1d9,20251128,99991231,0.5,2227,2,,458080,<20190405,"0+0","0+0",0,6338817,Ekebohult,Öppen,xhp,Hållplats på NJDB-nätet. Får ej anv på TRV spår,0,xEkh
1553,b6971bfb-4def-4540-9f34-9b407cad375b,20251128,99991231,0.949505,2228,2,,459018,<20190405,"0+0","0+0",0,6338875,Impregneringen,Öppen,lp,linjeplats,0,xIpr
1554,8f8a9b82-83b5-4052-95fa-3f5a54969357,20251128,99991231,0.576070547247187,2229,2,,459581,<20190405,"0+0","0+0",0,6339050,Ohs Bruk,Öppen,stn,Station - Får ej användas på TRV spår,0,xOhs
1555,c81c62f1-369e-4c98-8246-034207d77bfc,20251128,99991231,0.767615862354295,2230,2,,624004,<20190405,3+208,3+208,0,6569487,Läggesta nedre,Öppen,stn,Station - Får ej användas på TRV spår,0,xLgn
1556,f171734e-71b0-4fb2-abf1-bd34b5960c82,20251128,99991231,0.25,2233,2,,628309,"20210309",30+554,30+554,0,6569474,Sjöbygget,Öppen,xhp,Hållplats på NJDB-nätet. Får ej anv på TRV spår,0,xSöy
1557,"01d28074-2ef4-4850-9e05-8e37c9734a15",20251128,99991231,0.35,2234,2,,630541,<20190405,28+200,28+200,0,6569525,Härnön,Öppen,xhp,Hållplats på NJDB-nätet. Får ej anv på TRV spår,0,xHön
1558,e269c656-0b3a-4f96-a506-c2d793a8abe6,20251128,99991231,0.46643031254649,2235,2,,631237,<20190405,27+420,27+420,0,6569131,Taxinge-Näsby,Öppen,stn,Station - Får ej användas på TRV spår,0,xTx
1559,16d46a81-8df8-4984-9790-515858ae8f3d,20251128,99991231,0.458333333333333,2236,2,,624558,<20190405,2+575,2+575,0,6569712,Jagbacken,Öppen,xhp,Hållplats på NJDB-nätet. Får ej anv på TRV spår,0,xJbn
1560,ee9ec558-4185-4318-8898-7a93171b00ac,20251128,99991231,0.651975895723274,2237,2,,624675,<20190405,2+59,2+59,0,6570224,Marielund,Öppen,stn,Station - Får ej användas på TRV spår,0,xMln
1561,5b0e3f6b-6dbc-4d74-b167-f601866ef4ed,20251128,99991231,0.345303867403315,2238,2,,625552,<20190405,"0+962","0+962",0,6570708,Hjorthagen,Öppen,xhp,Hållplats på NJDB-nätet. Får ej anv på TRV spår,0,xHhn
1562,29e8172b-2506-4298-98ba-a73de3d3d9b1,20251128,99991231,0.875,2239,2,,625883,<20190405,"0+648","0+648",0,6570823,Gripsholmsviken,Öppen,xhp,Hållplats på NJDB-nätet. Får ej anv på TRV spår,0,xGhn
1563,5ba97395-71aa-4b89-b00f-a31a261ca521,20251128,99991231,0.5,2240,2,,626683,<20190405,"0+202","0+202",0,6570880,Värdshuset,Öppen,xhp,Hållplats på NJDB-nätet. Får ej anv på TRV spår,0,xVht
1564,42bc7586-2fcd-4225-81ab-ee3282209bd7,20251128,99991231,0.546921706607703,2241,2,,626510,<20190405,"0+0","0+0",0,6570972,Mariefred,Öppen,stn,Station - Får ej användas på TRV spår,0,xMfd
1565,e62a425b-275e-4e19-8a12-015ad5399099,20251128,99991231,0.560975609756098,2242,2,,626895,<20190405,"0+423","0+423",0,6570830,Mariefreds ångbåtsstation,Öppen,lp,linjeplats,0,xMfå
1566,887e98df-e164-4935-8b94-1f768a2ece28,20251128,99991231,0.400198078038725,2244,2,,576128,<20190405,36+90,36+90,0,6749348,Tallås Grusgropsväxel,Öppen,lp,linjeplats,0,wTås
1567,d7751cfb-e2fc-4f53-9533-69410622c0f9,20251128,99991231,0.5,2246,2,,577840,<20190405,38+267,38+267,0,6748039,Finkelboda,Öppen,xhp,Hållplats på NJDB-nätet. Får ej anv på TRV spår,0,xFia
1568,fe056835-86a3-4683-8c1a-04b5352dc9d4,20251128,99991231,0.5,2248,2,,578959,<20190405,39+966,39+966,0,6746782,Åbo,Öppen,xhp,Hållplats på NJDB-nätet. Får ej anv på TRV spår,0,xÅbo
1569,b7d30759-97e9-485d-a1c6-6a4223676a37,20251128,99991231,0.490199902398673,2249,2,,579801,<20190405,41+91,41+91,0,6746112,Jädraås,Öppen,stn,Station - Får ej användas på TRV spår,0,xJås
1570,96f5db4d-7d95-4802-8e5d-36734e94bccd,20251128,99991231,0.714328571428571,2250,2,,445077,<20190405,"0+0","0+0",0,6176938,Brösarp,Öppen,stn,Station - Får ej användas på TRV spår,0,xBöp
1571,78137f4e-2839-42e9-86c0-838877678d5a,20251128,99991231,0.082576458911936,2251,2,,445117,<20190405,"0+0","0+0",0,6176592,Brösarp södra,Öppen,lp,linjeplats,0,xBös
1572,6b719ee7-3695-4f10-9f6c-2a7857500313,20251128,99991231,0.514284547266355,2252,2,,446529,<20190405,"0+0","0+0",0,6174043,Ravlundabro,Öppen,lp,linjeplats,0,xRav
1573,2cdb5a9e-d7c4-4177-8eec-9c97f6e0f616,20251128,99991231,0.5,2253,2,,446738,<20190405,"0+0","0+0",0,6173872,Ravlunda bränneri,Öppen,xhp,Hållplats på NJDB-nätet. Får ej anv på TRV spår,0,xRaä
1574,d37085b9-a61a-470a-a1b0-41185c596a7e,20251128,99991231,0.5,2254,2,,447618,<20190405,"0+0","0+0",0,6172350,Vitaby kyrka,Öppen,xhp,Hållplats på NJDB-nätet. Får ej anv på TRV spår,0,xVtk
1575,364c7b38-b886-434e-91a8-5bdde5765706,20251128,99991231,0.428576517497737,2255,2,,446903,<20190405,"0+0","0+0",0,6171295,Vitaby,Öppen,stn,Station - Får ej användas på TRV spår,0,xVty
1576,20118f24-ad50-4b1a-8596-15399f9b72dc,20251128,99991231,0.5,2256,2,,445400,<20190405,"0+0","0+0",0,6166468,Scoutstugan,Öppen,xhp,Hållplats på NJDB-nätet. Får ej anv på TRV spår,0,xScs
1577,"08804867-5e50-472c-af12-f6bc59966b08",20251128,99991231,0.154125416666667,2257,2,,445470,<20190405,"0+0","0+0",0,6165811,S:t Olof,Öppen,stn,Station - Får ej användas på TRV spår,0,xSoo
1578,20f84e3f-c71d-4c50-b1ae-e4cc18d63f7a,20251128,99991231,0.481481481481481,2258,2,,450305,<20190405,"0+0","0+0",0,6161570,Gyllebosjö,Öppen,xhp,Hållplats på NJDB-nätet. Får ej anv på TRV spår,0,xGyb
1579,5dcf90a1-7203-4dea-96d0-b10df87750fb,20251128,99991231,0.917423541088064,2259,2,,451358,<20190405,"0+0","0+0",0,6160293,Östra Vemmerlöv,Öppen,lp,linjeplats,0,xÖvl
1580,50da64b0-6109-4089-bfc3-004fe30829b9,20251128,99991231,0.5,2260,2,,450082,<20190405,"0+0","0+0",0,6158006,Virestad,Öppen,xhp,Hållplats på NJDB-nätet. Får ej anv på TRV spår,0,xVir
1581,ef153493-f7bc-4c6b-87b4-afea87c72dfd,20251128,99991231,0.5,2261,2,,348286,<20190405,47+192,47+192,0,6429121,Brobacka,Avstängd,xhp,Hållplats på NJDB-nätet. Får ej anv på TRV spår,0,xBb
1582,87a3d12b-504c-4cec-a5dc-444efd78bb9d,20251128,99991231,0.821390663907802,2262,2,,348690,<20190405,48+420,48+420,0,6430190,Anten,Öppen,stn,Station - Får ej användas på TRV spår,0,xA
1583,9f058293-26ad-4c10-bdc7-ada1e3b135b6,20251128,99991231,0.371966663586957,2263,2,,349352,<20190405,50+111,50+111,0,6431733,Dirhuvden,Öppen,stn,Station - Får ej användas på TRV spår,0,xDir
1584,4e5c7754-00ad-4420-a5bb-f00650f752eb,20251128,99991231,0.494117647058824,2264,2,,350316,<20190405,52+548,52+548,0,6433975,Arelid,Öppen,xhp,Hållplats på NJDB-nätet. Får ej anv på TRV spår,0,xArl
1585,7ce72258-4e78-481e-8949-fb95a13c3245,20251128,99991231,0.566029491948946,2265,2,,351007,<20190405,56+523,56+523,0,6437728,Kvarnabo,Öppen,stn,Station - Får ej användas på TRV spår,0,xQo
1586,6024daf0-dad2-4957-95fe-67c3423879a7,20251128,99991231,0.520707614585713,2266,2,,352017,<20190405,59+389,59+389,0,6440426,Gräfsnäs,Öppen,stn,Station - Får ej användas på TRV spår,0,xGr
1587,9d77ca22-f5ce-43fc-9c97-7b5714320b33,20251128,99991231,0.684999315068493,2267,2,,711315,<20190405,"0+0","0+0",0,6383494,Hesselby,Öppen,stn,Station - Får ej användas på TRV spår,0,xHy
1588,f746271d-fd4f-44e6-9425-acb7709de660,20251128,99991231,0.64,2268,2,,710902,<20190405,"0+0","0+0",0,6382969,Eken,Öppen,xhp,Hållplats på NJDB-nätet. Får ej anv på TRV spår,0,xEkn
1589,"0369b523-21be-4d22-a664-71ffcda40d48",20251128,99991231,0.5,2269,2,,710679,<20190405,"0+0","0+0",0,6382510,Munkebos,Öppen,xhp,Hållplats på NJDB-nätet. Får ej anv på TRV spår,0,xMus
1590,7f806a14-516e-401a-9374-faa8c6947ba6,20251128,99991231,0.5,2270,2,,710312,<20190405,"0+0","0+0",0,6381764,Nygårds Stall Dalhem,Öppen,xhp,Hållplats på NJDB-nätet. Får ej anv på TRV spår,0,xNys
1591,"0f2c2c1b-c13f-4fed-9e36-cad81fc56769",20251128,99991231,0.06605025983816,2271,2,,710110,<20190405,"0+0","0+0",0,6381350,Tule grusgrop,Öppen,lp,linjeplats,0,xTeg
1592,91c98842-3a6b-4422-a0eb-ec6e6f221941,20251128,99991231,0.451395553192177,2272,2,,709970,<20190405,"0+0","0+0",0,6381060,Tule,Öppen,stn,Station - Får ej användas på TRV spår,0,xTe
1593,5116bfe9-7f5b-4085-bfc2-43cba944268e,20251128,99991231,0.444444444444444,2273,2,,709713,<20190405,"0+0","0+0",0,6380699,Kambshagtorp,Öppen,xhp,Hållplats på NJDB-nätet. Får ej anv på TRV spår,0,xKht
1594,bf64869c-e5b9-4ff6-8e3b-888f2a6a480b,20251128,99991231,0.525543730517324,2274,2,,707746,<20190405,"0+0","0+0",0,6379766,Roma kungsgård,Öppen,stn,Station - Får ej användas på TRV spår,0,xRok
1595,896b4f9b-2e4f-43b2-a9c7-0e51d4c98ac9,20251128,99991231,0.5,2276,2,,409304,<20190405,"0+0","0+0",0,6482903,Lundsbrunn kurort,Öppen,xhp,Hållplats på NJDB-nätet. Får ej anv på TRV spår,0,wLnb
1596,d9352eba-718f-4bd7-93f8-cdd5873fe0e8,20251128,99991231,0.499999986047797,2277,2,,409194,<20190405,"0+0","0+0",0,6482338,Lundsbrunn,Öppen,stn,Station - Får ej användas på TRV spår,0,xLnb
1597,ba09aa2c-5c1c-4d99-8ad7-b71be7b3088a,20251128,99991231,0.5,2278,2,,409100,<20190405,"0+0","0+0",0,6481419,Dala kvarn,Öppen,xhp,Hållplats på NJDB-nätet. Får ej anv på TRV spår,0,xDkn
1598,e16cb983-d2c9-4175-99c7-2c0f6c63b081,20251128,99991231,0.5,2279,2,,408977,<20190405,"0+0","0+0",0,6480233,Skogsmark,Öppen,xhp,Hållplats på NJDB-nätet. Får ej anv på TRV spår,0,xSmk
1599,97ed7d45-1593-48a1-a4ce-4bf5026109ac,20251128,99991231,0.001104947895599,2280,2,,408838,<20190405,"0+0","0+0",0,6479132,Myråsen,Öppen,lp,linjeplats,0,xMyå
1600,11017b3f-ed33-4924-9a2f-c2760decc9b8,20251128,99991231,0.5,2281,2,,408327,<20190405,"0+0","0+0",0,6475759,Tveta,Öppen,xhp,Hållplats på NJDB-nätet. Får ej anv på TRV spår,0,xTve
1601,"0cce5596-40b3-40b2-826a-c691ba6b896a",20251128,99991231,0.423762352632842,2282,2,,408731,<20190405,"0+0","0+0",0,6472423,Skara,Öppen,stn,Station - Får ej användas på TRV spår,0,wSa
1602,2f426e4b-16c7-40a3-b583-fc759aaf251f,20251128,99991231,0.5,2283,2,,409710,<20190405,"0+0","0+0",0,6472740,Vilan,Öppen,xhp,Hållplats på NJDB-nätet. Får ej anv på TRV spår,0,Viln
1603,7d2365c1-435d-4b59-8469-3ea44c4e4db9,20251128,99991231,0.375038624765592,2284,2,,627160,<20190405,"0+0","0+0",0,6354160,Fagerrör,Öppen,stn,Station - Får ej användas på TRV spår,0,xFgr
1604,5d99dee2-d9c9-40b6-b04d-ef2968f76bd5,20251128,99991231,0.964626744290776,2285,2,,628050,<20190405,"0+0","0+0",0,6354832,Fiskåsen,Öppen,lp,linjeplats,0,xFie
1605,5db54b6b-3ea6-4aab-926d-1efcf6213f71,20251128,99991231,0.965187779523121,2286,2,,628340,<20190405,"0+0","0+0",0,6355282,Länninge,Öppen,lp,linjeplats,0,xLäe
1606,93ab6e68-aa04-4215-8a93-5a21c85ebac3,20251128,99991231,0.929228525886162,2287,2,,627987,<20190405,"0+0","0+0",0,6356493,Tomtskog,Öppen,lp,linjeplats,0,xTog
1607,32380c3c-2081-4015-b7b5-4766bb1d1902,20251128,99991231,0.405298634206883,2290,2,,590268,<20190405,7+104,7+104,0,6399515,Verkebäck,Öppen,stn,Station - Får ej användas på TRV spår,10575,Vbä
1608,47d6e258-e0f5-49ee-93fc-b14103dcc2b7,20251128,99991231,0.5,2291,2,,588344,<20190405,9+143,9+143,0,6400224,Valstad,Öppen,xhp,Hållplats på NJDB-nätet. Får ej anv på TRV spår,0,xVas
1609,c3a7e18b-b2dc-421f-b2b5-054007e821f3,20251128,99991231,0.764705882352941,2292,2,,584549,<20190405,13+351,13+351,0,6400395,Fårhult,Öppen,xhp,Hållplats på NJDB-nätet. Får ej anv på TRV spår,0,xFåt
1610,f5fecd93-110a-4eaa-b3c5-9401713ea5d3,20251128,99991231,0.533629286719046,2293,2,,579535,<20190405,21+216,21+216,0,6396078,Ankarsrum,Öppen,stn,Station - Får ej användas på TRV spår,0,xAkm
1611,ce70c4c9-6bda-442e-bc37-d6e912259c8a,20251128,99991231,0.538461538461538,2294,2,,577216,<20190405,23+810,23+810,0,6395712,Långsjön,Öppen,xhp,Hållplats på NJDB-nätet. Får ej anv på TRV spår,0,xLåö
1612,68e888ae-8fa0-4469-b426-08d39c0cd5af,20251128,99991231,0.476190476190476,2295,2,,576858,<20190405,24+222,24+222,0,6395553,Fagersand,Öppen,xhp,Hållplats på NJDB-nätet. Får ej anv på TRV spår,0,xFsd
1613,94105c9a-3d26-45c6-94cf-bb3c7705a6bf,20251128,99991231,0.76,2296,2,,574213,<20190405,29+42,29+42,0,6391844,Hjorted,Öppen,xhp,Hållplats på NJDB-nätet. Får ej anv på TRV spår,0,xHjt
1614,be3bc003-03e8-4ea2-9cae-b2d97b624021,20251128,99991231,0.802359332162079,2297,2,,570523,<20190405,34+598,34+598,0,6387909,Totebo,Öppen,stn,Station - Får ej användas på TRV spår,0,xTob
1615,17ffc164-3d81-4887-b193-227de25ed2f2,20251128,99991231,0.75,2298,2,,567122,<20190405,38+611,38+611,0,6385875,Blägda,Öppen,xhp,Hållplats på NJDB-nätet. Får ej anv på TRV spår,0,xBlä
1616,e5cf6246-ae9a-41c0-9127-d31d9ddd1b8d,20251128,99991231,0.552990541333357,2299,2,,565790,<20190405,40+519,40+519,0,6384683,Spångenäs,Öppen,lp,linjeplats,0,xSpä
1617,"03f0d7db-fc8b-4a93-aa6f-2eaea64bdcb7",20251128,99991231,0.459772436781789,2300,2,,566014,<20190405,43+178,43+178,0,6382150,Tuna,Öppen,stn,Station - Får ej användas på TRV spår,0,xTna
1618,51a1cda5-954d-4e66-ae5e-23fe8cb937a4,20251128,99991231,0.96,2301,2,,564030,<20190405,48+519,48+519,0,6377655,Väderum,Öppen,xhp,Hållplats på NJDB-nätet. Får ej anv på TRV spår,0,xVäm
1619,ea1b9a37-d210-4c0c-890a-83bb2b3ed9f2,20251128,99991231,0.678288547030598,2302,2,,558125,<20190405,55+938,55+938,0,6376164,Vena,Öppen,lp,linjeplats,0,xVen
1620,90a83a18-c3c9-484a-b7f8-ae855b9e8cce,20251128,99991231,0.476190476190476,2303,2,,553708,<20190405,60+760,60+760,0,6375633,Gnötteln,Öppen,xhp,Hållplats på NJDB-nätet. Får ej anv på TRV spår,0,xGnl
1621,561b6da8-2ba8-4083-8d38-c1ed54cb100b,20251128,99991231,0.166666666666667,2304,2,,551658,<20190405,64+580,64+580,0,6372944,Hultsfreds Hembygdspark,Öppen,xhp,Hållplats på NJDB-nätet. Får ej anv på TRV spår,0,xHfh
1622,4e83f107-32c2-4a4b-bd19-9c08ec430404,20251128,99991231,0.473684210526316,2306,2,,546791,<20190405,"0+0","0+0",0,6360895,Målilla Sanatorium,Öppen,xhp,Hållplats på NJDB-nätet. Får ej anv på TRV spår,0,xMsa
1623,acb38a25-3083-4caa-9d7c-0c07d9a66c9e,20251128,99991231,0.5,2307,2,,545383,<20190405,"0+0","0+0",0,6360184,Gårdveda,Öppen,xhp,Hållplats på NJDB-nätet. Får ej anv på TRV spår,0,xGåv
1624,cdbf22c8-1bd2-4ef9-bac7-2dc54d0d1c47,20251128,99991231,0.5,2308,2,,540418,<20190405,"0+0","0+0",0,6358253,Flaten,Öppen,xhp,Hållplats på NJDB-nätet. Får ej anv på TRV spår,0,xFla
1625,54d99895-e561-448c-95f9-9d197fb1b6fd,20251128,99991231,0.485714285714286,2309,2,,536773,<20190405,"0+0","0+0",0,6355766,Hultarp,Öppen,xhp,Hållplats på NJDB-nätet. Får ej anv på TRV spår,0,xHap
1626,bc118133-51b9-48c8-b9b9-b1063d53a409,20251128,99991231,0.576636850387896,2310,2,,534778,<20190405,"0+0","0+0",0,6353267,Virserum,Öppen,stn,Station - Får ej användas på TRV spår,0,xVsm
1627,af89b077-c257-44a0-8dcd-295836f7df5b,20251128,99991231,0.48,2311,2,,533175,<20190405,"0+0","0+0",0,6352261,Hjortöström,Öppen,xhp,Hållplats på NJDB-nätet. Får ej anv på TRV spår,0,xHjm
1628,"04b026aa-e515-4a92-b476-595be71057d5",20251128,99991231,0.45,2312,2,,532261,<20190405,"0+0","0+0",0,6349638,Mosstorp,Öppen,xhp,Hållplats på NJDB-nätet. Får ej anv på TRV spår,0,xMop
1629,f28eef1f-cbf1-468e-b041-6f798729a682,20251128,99991231,0.666666666666667,2313,2,,532325,<20190405,"0+0","0+0",0,6343897,Triabo,Öppen,xhp,Hållplats på NJDB-nätet. Får ej anv på TRV spår,0,xTib
1630,df9d5772-f8f3-4d52-b553-78046be4d8a8,20251128,99991231,0.993309707743485,2314,2,,526496,<20190405,"0+0","0+0",0,6341413,Hultanäs,Öppen,lp,linjeplats,0,xHäs
1631,83dba7c1-b21c-433b-9276-6cbbe2373add,20251128,99991231,0.476190476190476,2318,2,,523498,<20190405,"0+0","0+0",0,6339842,Sissehult,Öppen,xhp,Hållplats på NJDB-nätet. Får ej anv på TRV spår,0,wSsu
1632,8995b378-1ea7-4bbb-9085-0192bd6ce89c,20251128,99991231,0.418135028248588,2320,2,,551012,<20190405,66+203,66+203,0,6371270,Hultsfred smalspår (xHfp),Öppen,stn,Station - Får ej användas på TRV spår,0,xHfp
1633,91e41a25-f5a1-42cd-a4e2-ed2edd597510,20251128,99991231,0.765454545454546,2321,2,,562885,<20190405,"0+0","0+0",0,6852087,Hybo,Öppen,stn,Station - Får ej användas på TRV spår,0,xHbo
1634,8c79502a-365e-4dc0-a2a3-875251198f16,20251128,99991231,0.508905852417303,2322,2,,576518,<20190405,"0+0","0+0",0,6852895,Långbacka,Öppen,stn,Station - Får ej användas på TRV spår,0,xLba
1635,770fb3ab-e2f5-4e93-98b7-2e5a16a1b50c,20251128,99991231,0.312107847240957,2323,2,,581973,<20190405,"0+0","0+0",0,6852619,Delsbo,Öppen,stn,Station - Får ej användas på TRV spår,0,xDo
1636,b8bba456-f7cc-4747-a179-18c6289a4ab3,20251128,99991231,0.492063492063492,2324,2,,585457,<20190405,"0+0","0+0",0,6851376,Fredriksfors,Öppen,xhp,Hållplats på NJDB-nätet. Får ej anv på TRV spår,0,xFos
1637,d893c326-b5cd-41ad-bb8a-3f3e01a2b624,20251128,99991231,0.505747126436782,2325,2,,589762,<20190405,"0+0","0+0",0,6851098,Sandudden,Öppen,xhp,Hållplats på NJDB-nätet. Får ej anv på TRV spår,0,xSdu
1638,e90289b3-2462-4d3c-86b5-6aaa1e1d1fd3,20251128,99991231,0.403414552492115,2326,2,,598740,<20190405,"0+0","0+0",0,6848445,Näsviken,Öppen,stn,Station - Får ej användas på TRV spår,0,xNv
1639,471c4111-3eff-4652-845b-b5397f171ae4,20251128,99991231,0.706948640483384,2327,2,,602780,<20190405,"0+0","0+0",0,6846134,Forsa,Öppen,stn,Station - Får ej användas på TRV spår,0,xFsa
1640,925ceec7-abf3-4bf4-bb5d-c3b7c259011f,20251128,99991231,0.128617363344051,2328,2,,610168,<20190405,"0+0","0+0",0,6842961,Hudiksvall (xHkl),Öppen,stn,Station - Får ej användas på TRV spår,0,xHkl
1641,daab8bdc-6a1b-4816-930a-783a9abb8c70,20251128,99991231,0.493268202199915,2329,2,,676424,<20190405,"0+36","0+37",0,6584043,Ropsten,Öppen,stn,Station - Får ej användas på TRV spår,0,wRos
1642,4785512f-0eaa-470b-8c7e-9123ee54ea2f,20251128,99991231,0.486778676720585,2329,2,,676424,<20190405,"0+36","0+37",0,6584043,Ropsten,Öppen,stn,Station - Får ej användas på TRV spår,0,wRos
1643,"088c6774-0f82-4e2c-94bc-4bde1161d86c",20251128,99991231,0.500000028151899,2330,2,,677200,<20190405,"0+975","0+975",0,6584504,Torsvik,Öppen,stn,Station - Får ej användas på TRV spår,0,wTov
1644,e4151a42-9ef6-4181-a451-b94483c3b046,20251128,99991231,0.512701527314774,2330,2,,677200,<20190405,"0+975","0+975",0,6584504,Torsvik,Öppen,stn,Station - Får ej användas på TRV spår,0,wTov
1645,b0a2d55c-20c4-4393-975d-f967398cf95e,20251128,99991231,0.771167005331195,2331,2,,678141,<20190405,2+271,2+275,0,6583980,Baggeby,Öppen,stn,Station - Får ej användas på TRV spår,0,wBag
1646,c56c7ac1-6528-404d-ad55-fb520ccae351,20251128,99991231,0.758651723413318,2331,2,,678141,<20190405,2+271,2+275,0,6583980,Baggeby,Öppen,stn,Station - Får ej användas på TRV spår,0,wBag
1647,"012e715d-cb2a-40de-8bbd-7e24469e460d",20251128,99991231,0.490909090909091,2332,2,,678416,<20190405,2+688,2+692,0,6583643,Bodal,Öppen,stn,Station - Får ej användas på TRV spår,0,wBod
1648,5a048db9-2cf5-4c37-bef5-e4766ae79a9a,20251128,99991231,0.490909090909091,2332,2,,678416,<20190405,2+688,2+692,0,6583643,Bodal,Öppen,stn,Station - Får ej användas på TRV spår,0,wBod
1649,55d17bf8-0710-4ce4-9d6f-43c73db6973f,20251128,99991231,0.850515463917526,2333,2,,678873,<20190405,3+366,3+372,0,6583309,Larsberg,Öppen,stn,Station - Får ej användas på TRV spår,0,wLab
1650,76b5c2f8-b2e4-49cf-9fcf-203c2bb1974d,20251128,99991231,0.854922279792746,2333,2,,678873,<20190405,3+366,3+372,0,6583309,Larsberg,Öppen,stn,Station - Får ej användas på TRV spår,0,wLab
1651,77cf6aa7-b1d2-4779-b2d5-9c8938ae3bfb,20251128,99991231,0.496705132450331,2334,2,,679479,<20190405,3+654,3+654,0,6582868,Aga,Öppen,stn,Station - Får ej användas på TRV spår,0,wAga
1652,8a995062-7d9d-44a3-810c-d12a409b27ef,20251128,99991231,0.493847775413498,2335,2,,680279,<20190405,4+930,4+930,0,6582579,Skärsätra,Öppen,xhp,Hållplats på NJDB-nätet. Får ej anv på TRV spår,0,wSkr
1653,f1ecc7b2-ca1f-4165-a9ae-4a59404a0787,20251128,99991231,0.489816527946628,2335,2,,680279,<20190405,4+930,4+930,0,6582579,Skärsätra,Öppen,xhp,Hållplats på NJDB-nätet. Får ej anv på TRV spår,0,wSkr
1654,1751acca-d5b6-488e-867b-4a9d38feb2cc,20251128,99991231,0.487158870366268,2336,2,,680828,<20190405,5+534,5+534,0,6582722,Kottla,Öppen,stn,Station - Får ej användas på TRV spår,0,wKoa
1655,f73b7531-fef7-4b9e-97b1-7aa564c949ae,20251128,99991231,0.493485337725976,2336,2,,680828,<20190405,5+534,5+534,0,6582722,Kottla,Öppen,stn,Station - Får ej användas på TRV spår,0,wKoa
1656,4dddcd31-3008-4baa-adb6-a5630e9c6e8b,20251128,99991231,0.499999984212172,2337,2,,681615,<20190405,6+376,6+376,0,6582752,Högberga,Öppen,stn,Station - Får ej användas på TRV spår,0,wHöb
1657,2f43501d-aa5b-4b46-9509-705a79e336c5,20251128,99991231,0.499999984212172,2337,2,,681615,<20190405,6+376,6+376,0,6582752,Högberga,Öppen,stn,Station - Får ej användas på TRV spår,0,wHöb
1658,3d380367-a990-4639-a0cd-13ba1a5c54f3,20251128,99991231,0.439566999648379,2338,2,,682149,<20190405,7+104,7+104,0,6583230,Brevik,Öppen,stn,Station - Får ej användas på TRV spår,0,wBvi
1659,8995ab65-390b-473e-8ff7-01df0d2947e6,20251128,99991231,0.465120278068445,2338,2,,682149,<20190405,7+104,7+104,0,6583230,Brevik,Öppen,stn,Station - Får ej användas på TRV spår,0,wBvi
1660,8a49870e-ef89-4dee-a159-5b5862548bb2,20251128,99991231,0.52134946481635,2339,2,,682924,<20190405,8+90,8+90,0,6583742,Käppala,Öppen,stn,Station - Får ej användas på TRV spår,0,wKäp
1661,d93f270c-72dd-4f26-bfad-e5bc925eddf9,20251128,99991231,0.52134946481635,2339,2,,682924,<20190405,8+90,8+90,0,6583742,Käppala,Öppen,stn,Station - Får ej användas på TRV spår,0,wKäp
1662,ce93b515-7340-4a65-8015-381271613e0d,20251128,99991231,0.520833333333333,2340,2,,683482,<20190405,8+833,8+833,0,6584223,Gåshaga,Öppen,stn,Station - Får ej användas på TRV spår,0,wGåh
1663,"019b12ce-f85a-42ca-b5e4-4bab16f069df",20251128,99991231,0.524475524475524,2340,2,,683482,<20190405,8+833,8+833,0,6584223,Gåshaga,Öppen,stn,Station - Får ej användas på TRV spår,0,wGåh
1664,a352799e-1056-468d-bcad-c2cdd975a682,20251128,99991231,0.48947515575152,2341,2,,683822,<20190405,9+160,9+160,0,6584256,Gåshaga brygga,Öppen,stn,Station - Får ej användas på TRV spår,0,wGåb
1665,1de509e1-7d45-4226-a550-c52616b4447f,20251128,99991231,0.48947515575152,2341,2,,683822,<20190405,9+160,9+160,0,6584256,Gåshaga brygga,Öppen,stn,Station - Får ej användas på TRV spår,0,wGåb
1666,9a4e3e37-4248-4aae-9a37-8f4c458abe8a,20251128,99991231,0.500123768129518,2342,2,,669627,<20190405,"0+20","0+20",0,6580979,Alvik,Öppen,xhp,Hållplats på NJDB-nätet. Får ej anv på TRV spår,0,wAlv
1667,1db296af-bd29-4fa1-971b-cf555a276fad,20251128,99991231,0.500123768129518,2342,2,,669627,<20190405,"0+20","0+20",0,6580979,Alvik,Öppen,xhp,Hållplats på NJDB-nätet. Får ej anv på TRV spår,0,wAlv
1668,76affbb3-313f-4f5f-8fcc-097e6d875078,20251128,99991231,0.481481481481481,2343,2,,669195,<20190405,1+42,1+42,0,6580426,Alléparken,Öppen,xhp,Hållplats på NJDB-nätet. Får ej anv på TRV spår,0,wAll
1669,8f83ec05-26e3-42aa-9fd3-e44b8c34a372,20251128,99991231,0.492424242424242,2343,2,,669195,<20190405,1+42,1+42,0,6580426,Alléparken,Öppen,xhp,Hållplats på NJDB-nätet. Får ej anv på TRV spår,0,wAll
1670,b020438c-08d6-4c98-8bdf-aa67092a07c4,20251128,99991231,0.47471329801133,2344,2,,669208,<20190405,1+499,1+503,0,6579986,Klövervägen,Öppen,xhp,Hållplats på NJDB-nätet. Får ej anv på TRV spår,0,wKlv
1671,19ed461b-2fee-4624-ba94-f2b61f3b6653,20251128,99991231,0.47465379432579,2344,2,,669208,<20190405,1+499,1+503,0,6579986,Klövervägen,Öppen,xhp,Hållplats på NJDB-nätet. Får ej anv på TRV spår,0,wKlv
1672,9ba0738c-e12f-49d1-91b5-9293c473e741,20251128,99991231,0.483870967741935,2345,2,,668649,<20190405,2+333,2+334,0,6579546,Smedslätten,Öppen,xhp,Hållplats på NJDB-nätet. Får ej anv på TRV spår,0,wSms
1673,9d741cd3-6470-4ba0-b764-04bffc509983,20251128,99991231,0.496688741721854,2345,2,,668649,<20190405,2+333,2+334,0,6579546,Smedslätten,Öppen,xhp,Hållplats på NJDB-nätet. Får ej anv på TRV spår,0,wSms
1674,470c99f8-4634-4e83-9bc5-826b956e8ecb,20251128,99991231,0.338964086094098,2347,2,,667956,<20190405,3+274,3+274,0,6579464,Ålstens Gård,Öppen,xhp,Hållplats på NJDB-nätet. Får ej anv på TRV spår,0,wÅlG
1675,95f62e8d-9baf-484c-9d6e-b8f8feea18b2,20251128,99991231,0.402711329196598,2347,2,,667956,<20190405,3+274,3+274,0,6579464,Ålstens Gård,Öppen,xhp,Hållplats på NJDB-nätet. Får ej anv på TRV spår,0,wÅlG
1676,48eb2ef4-8805-4ec2-9f02-ce6ef0e25530,20251128,99991231,0.496909669077043,2348,2,,667275,<20190405,4+199,4+202,0,6579764,Höglandstorget,Öppen,xhp,Hållplats på NJDB-nätet. Får ej anv på TRV spår,0,wHlt
1677,412014ff-7b96-43e7-9a87-870d8985e09b,20251128,99991231,0.466458856136532,2348,2,,667275,<20190405,4+199,4+202,0,6579764,Höglandstorget,Öppen,xhp,Hållplats på NJDB-nätet. Får ej anv på TRV spår,0,wHlt
1678,4403c81c-53db-410d-82ab-e0f4ca6162bb,20251128,99991231,0.5,2349,2,,666977,<20190405,4+693,4+697,0,6580253,Olovslund,Öppen,xhp,Hållplats på NJDB-nätet. Får ej anv på TRV spår,0,wOll
1679,"0cb46e7d-9b91-4c93-b022-ac4a52b6be38",20251128,99991231,0.48951048951049,2349,2,,666977,<20190405,4+693,4+697,0,6580253,Olovslund,Öppen,xhp,Hållplats på NJDB-nätet. Får ej anv på TRV spår,0,wOll
1680,3c4e0cf2-881f-48d7-92d6-f714d7c2bd78,20251128,99991231,0.488505747126437,2350,2,,666564,<20190405,5+115,5+115,0,6580363,Nockeby torg,Öppen,xhp,Hållplats på NJDB-nätet. Får ej anv på TRV spår,0,wNot
1681,bf452a9a-1ba3-4028-aa0b-d9f93cc5cee2,20251128,99991231,0.491329479768786,2350,2,,666564,<20190405,5+115,5+115,0,6580363,Nockeby torg,Öppen,xhp,Hållplats på NJDB-nätet. Får ej anv på TRV spår,0,wNot
1682,4cd544f7-e58d-4372-a51d-d8f5943201f1,20251128,99991231,0.48618174086417,2351,2,,666042,<20190405,5+693,5+693,0,6580298,Nockeby,Öppen,xhp,Hållplats på NJDB-nätet. Får ej anv på TRV spår,0,wNob
1683,25f3deaa-ef97-401a-8fde-53ea720f8fd0,20251128,99991231,0.48618174086417,2351,2,,666042,<20190405,5+693,5+693,0,6580298,Nockeby,Öppen,xhp,Hållplats på NJDB-nätet. Får ej anv på TRV spår,0,wNob
1684,a29ee0d2-5da5-46f8-a159-d868c1e05f71,20251128,99991231,0.5,2352,2,,512637,<20190405,2+798,2+798,36,6588400,Löth,Öppen,xhp,Hållplats på NJDB-nätet. Får ej anv på TRV spår,0,xL
1685,14e8f7fe-7e43-444f-8cae-15bc66cde49e,20251128,99991231,0.514285714285714,2353,2,,514052,<20190405,1+148,1+148,36,6587551,Ervalla NBVJ,Öppen,stn,Station - Får ej användas på TRV spår,0,xErn
1686,a6f26dc8-77b3-4408-9f2b-134b9a909bd7,20251128,99991231,0.692307692307692,2354,2,,509642,<20190405,6+405,6+405,36,6590354,Torpa,Öppen,xhp,Hållplats på NJDB-nätet. Får ej anv på TRV spår,0,xTp
1687,6ddabc0a-6c81-4914-af35-e0a1e8d5ba0e,20251128,99991231,0.599992855059241,2355,2,,508572,<20190405,8+216,8+216,36,6591757,Järle,Öppen,stn,Station - Får ej användas på TRV spår,0,xJ
1688,c2b42951-f80e-410f-b16e-99948ebe50af,20251128,99991231,0.5,2356,2,,507005,<20190405,10+239,10+239,36,6592971,Lilla Mon,Öppen,xhp,Hållplats på NJDB-nätet. Får ej anv på TRV spår,0,xLm
1689,e2dd3f1b-079c-4e7e-8b23-308fb206beaf,20251128,99991231,0.530722840801202,2357,2,,504832,<20190405,12+545,12+545,36,6593747,Stora Mon,Öppen,stn,Station - Får ej användas på TRV spår,0,xSm
1690,cc5d4a68-e582-4da8-a0ac-5c1628f11889,20251128,99991231,0.5,2358,2,,503707,<20190405,14+19,14+19,36,6594590,Källarhalsen,Öppen,xhp,Hållplats på NJDB-nätet. Får ej anv på TRV spår,0,xKh
1691,7e648d72-3b58-44b4-b1b9-8cada1e2b7f9,20251128,99991231,0.007146467246417,2359,2,,500400,<20190405,18+1004,18+1004,0,6595134,Pershyttan,Öppen,stn,Station - Får ej användas på TRV spår,0,xPh
1692,181ea4ed-5932-4e32-8fe1-7c9555f26101,20251128,99991231,0.384615384615385,2360,2,,500948,<20190405,19+524,19+524,0,6596473,Pershyttevägen,Öppen,xhp,Hållplats på NJDB-nätet. Får ej anv på TRV spår,0,xPgn
1693,5fc13824-7262-4f30-a615-06e7269f5a35,20251128,99991231,0.082576458911936,2361,2,,501974,<20190405,18+376,18+376,0,6596975,Älvstorp,Öppen,lp,linjeplats,0,xÄp
1694,833eed8b-5e44-4f8c-be1c-ee228bec939b,20251128,99991231,0.583033111378878,2362,2,,502379,<20190405,17+597,17+597,0,6597532,Nora stad,Öppen,stn,Station - Får ej användas på TRV spår,0,xN
1695,214e70b7-41f5-4ade-8533-9ebec2dbe58a,20251128,99991231,0.481203007518797,2363,2,,549956,<20190405,"0+0","0+0",0,6366464,Ödhult,Öppen,xhp,Hållplats på NJDB-nätet. Får ej anv på TRV spår,0,xÖdh
1696,cc94c3c9-fe64-42ff-86a1-fa7ed0b01193,20251128,99991231,0.015448720084438,2366,2,,671495,<20190405,3+590,3+590,15,6583032,Tomteboda övre,Öppen,dpd,Driftplatsdel,10653,Tmö
1697,fde02464-3abc-44b6-9055-888241ee4a0f,20251128,99991231,0.558674973809423,2366,2,,671495,<20190405,3+590,3+590,15,6583032,Tomteboda övre,Öppen,dpd,Driftplatsdel,10653,Tmö
1698,e6c834cf-fb5c-4904-a662-6619bedc4def,20251128,99991231,0.707547588606506,2366,2,,671495,<20190405,3+590,3+590,15,6583032,Tomteboda övre,Öppen,dpd,Driftplatsdel,10653,Tmö
1699,3f88813c-16b6-4968-930b-26f9db08a499,20251128,99991231,0.337632783481547,2368,2,,504102.7,<20190405,220+376,220+376,123,6530408.6,Löcknamon,Öppen,dp,Driftplats,10658,Lmo
1700,21fc5735-ec7a-4b39-b595-a340a5c95f97,20251128,99991231,0.411381148512864,2376,2,,422919,<20190405,219+753,219+753,108,6607972,Sandmon,Öppen,dp,Driftplats,10645,Sdm
1701,5c8d8474-a13b-44c2-9167-c31b822745b5,20251128,99991231,0.500018180859315,2378,2,,522502,<20190405,283+647,283+647,137,6281583,Skruv,Öppen,dp,Driftplats,10675,Sru
1702,72f49304-ba3c-45bc-be5d-4abc5131c9ae,20251128,99991231,0.500000327824168,2378,2,,522502,<20190405,283+647,283+647,137,6281583,Skruv,Öppen,dp,Driftplats,10675,Sru
1703,7a3e54ba-abf5-4830-a3aa-88ee67295384,20251128,99991231,2e-05,2379,2,,351686,<20190405,"0+0","0+0",324,7027970,Kopperå,Öppen,stn,Station - Får ej användas på TRV spår,0,xKpr
1704,e6f7bfb1-ae9e-43d4-8e1f-bde797afeacb,20251128,99991231,0.367666308831524,2382,2,,521045,<20190405,"0+0","0+0",0,6336093,Åseda (xÅa),Öppen,stn,Station - Får ej användas på TRV spår,0,xÅa
1705,69c168ee-abde-4e12-8210-99a07bf17201,20251128,99991231,0.367666308831524,2382,2,,521045,<20190405,"0+0","0+0",0,6336093,Åseda (xÅa),Öppen,stn,Station - Får ej användas på TRV spår,0,xÅa
1706,e9619fa5-6de0-4eb5-aab8-70545382de1f,20251128,99991231,0.500590784819742,2393,2,,416376,"20190825",341+451,341+451,206,6451316,Falköpings norra,Öppen,dpd,Driftplatsdel,10690,Fn
1707,4c497271-2697-434b-9be6-15a547b56110,20251128,99991231,0.499977164752341,2393,2,,416376,"20190825",341+451,341+451,206,6451316,Falköpings norra,Öppen,dpd,Driftplatsdel,10690,Fn
1708,"0b85c8d1-feb6-4263-9e8d-2b76c0732009",20251128,99991231,0.378785041343569,2395,2,,678018,"20200220",17+206,17+206,0,6595323,Arninge,Öppen,stn,Station - Får ej användas på TRV spår,0,xAre
1709,"0abc9191-07b4-49d7-b829-968c29874c09",20251128,99991231,0.376333037266357,2395,2,,678018,"20200220",17+206,17+206,0,6595323,Arninge,Öppen,stn,Station - Får ej användas på TRV spår,0,xAre
1710,cf7c5467-cfb2-47de-9e6a-f9ee4027d2c1,20251128,99991231,0.503809257403197,2396,2,,623410,"20200705",331+959,331+959,16,6906248,Njurundabommen,Öppen,dp,Driftplats,10692,Njb
1711,"05e9ade0-f3b6-41a1-b649-be4af90fbc0a",20251128,99991231,0.197952340973381,2396,2,,623410,"20200705",331+959,331+959,16,6906248,Njurundabommen,Öppen,dp,Driftplats,10692,Njb
1712,a7406735-a4d9-47f2-bfb5-8e8b2528dc22,20251128,99991231,0.230923844708792,2398,2,,382788,"20200826",606+750,606+750,18,6171351,Hjärup,Öppen,dpd,Driftplatsdel,1525,Hjp
1713,6d196ea1-13fc-485f-ad7a-0e263cddcc95,20251128,99991231,0.012614932134419,2398,2,,382788,"20200826",606+750,606+750,18,6171351,Hjärup,Öppen,dpd,Driftplatsdel,1525,Hjp
1714,7eb3b360-f5c3-4787-93aa-1c06293af03f,20251128,99991231,0.013296389952053,2398,2,,382788,"20200826",606+750,606+750,18,6171351,Hjärup,Öppen,dpd,Driftplatsdel,1525,Hjp
1715,8a2639a2-8faf-4060-bdc9-9431f0c4bbf3,20251128,99991231,0.231338718968048,2398,2,,382788,"20200826",606+750,606+750,18,6171351,Hjärup,Öppen,dpd,Driftplatsdel,1525,Hjp
1716,6c77a2b5-2335-4ca6-a9a7-cf19af29812e,20251128,99991231,0.49855368677956,2403,2,,379116,"20200823",281+0,281+0,18,6179652,Stävie,Öppen,dp,Driftplats,10696,Sie
1717,af1b51b9-7c94-42e4-b07c-7397bc50c674,20251128,99991231,0.498750503211518,2421,2,,318276,"20201205",78+103,78+103,36,6466268,Grohed,Öppen,dp,Driftplats,10693,Ghd
1718,c2bc7c3f-71ec-4c2f-a44e-3c2f99d98ca8,20251128,99991231,0.499418203625841,2421,2,,318276,"20201205",78+103,78+103,36,6466268,Grohed,Öppen,dp,Driftplats,10693,Ghd
1719,45d152c6-5c1c-4bea-91d6-8de0f4b1dd90,20251128,99991231,0.164772118503874,2422,2,,616147,"20201018",351+100,351+100,24,6920603,Nacksta,Öppen,dp,Driftplats,10689,Nta
1720,3a6f24c6-a8f5-4a65-89d1-89b0dcb4cd84,20251128,99991231,0.084512301630176,2422,2,,616147,"20201018",351+100,351+100,24,6920603,Nacksta,Öppen,dp,Driftplats,10689,Nta
1721,cc9f0bc3-6659-4a48-9167-3bb8465c9612,20251128,99991231,0.768715345454383,2423,2,,380439,"20210816",250+111,250+111,64,6207909,Kågeröd,Öppen,dp,Driftplats,5001,Kd
1722,95f33d5d-a1f2-4cb9-a3af-39574d27cd08,20251128,99991231,0.658718616669137,2424,2,,381902,"20210816",260+267,260+267,64,6198067,Svalöv,Öppen,dp,Driftplats,10700,Sal
1723,aa252ee0-786e-48c4-b8c8-071fbfd458bb,20251128,99991231,0.064799950359232,2427,2,,385048,"20210905",602+333,602+333,33,6173581,Klostergården,Öppen,dpd,Driftplatsdel,10708,Kgå
1724,d2c57772-b7a3-442c-b1b3-fadaaf1b51b5,20251128,99991231,0.002535749305806,2427,2,,385048,"20210905",602+333,602+333,33,6173581,Klostergården,Öppen,dpd,Driftplatsdel,10708,Kgå
1725,accf7731-e054-4fb9-a0e6-c79b9d560a21,20251128,99991231,0.00251443113025,2427,2,,385048,"20210905",602+333,602+333,33,6173581,Klostergården,Öppen,dpd,Driftplatsdel,10708,Kgå
1726,440d4a64-de3a-4f8d-a05b-8598c9b58a2a,20251128,99991231,0.774193548387097,2447,2,,727569,"20210518","0+0","0+0",0,6423441,Bläse kalkbruk,Öppen,xövr,Övrig plats på NJDB-nätet. Får ej anv på TRV spår,0,xBäu
1727,907fa0ac-957d-431e-bfc7-02f304c121c9,20251128,99991231,0.647058823529412,2448,2,,728588,"20210518","0+0","0+0",0,6424493,Bläse kalkbrott,Öppen,xövr,Övrig plats på NJDB-nätet. Får ej anv på TRV spår,0,xBäo
1728,1b4eb3fe-e9c3-44d6-b257-a1969f680057,20251128,99991231,0.45935730072435,2459,2,,675032,"20211018",26+840,26+840,0,6607414,Vedalund,Öppen,stn,Station - Får ej användas på TRV spår,0,xVdl
1729,6756ba2d-f4a6-4e76-9549-1bf335fa207b,20251128,99991231,0.326460747945831,2461,2,,524492,"20211214",22+180,22+180,128,6706474,Domnarvet,Öppen,dpd,Driftplatsdel,10712,Dmn
1730,f7fe7791-e32b-4555-a876-dada39c68b00,20251128,99991231,0.701017737367898,2462,2,,475267,"20211223",182+535,182+535,0,6763417,Morastrand,Öppen,dpd,Driftplatsdel,2725,Mras
1731,1e22ff2b-5f09-4215-91d9-cb38369d6a50,20251128,99991231,0.334941813620163,2463,2,,555865,"20220214",17+750,17+750,0,6678127,Lustån,Öppen,dp,Driftplats,10701,Luå
1732,9515e7b5-8400-49f1-b419-26a753fa9f56,20251128,99991231,0.772982080263783,2464,2,,377497,"20220710",131+610,131+610,135,6400963,Knalleland,Öppen,dpd,Driftplatsdel,2064,Knl
1733,4328f507-bb61-42ac-afef-b00649ee675d,20251128,99991231,0.000289117229281,2465,2,,355715.6,"20220805",241+773,241+773,31,6215155.1,Pålsjö,Öppen,dp,Driftplats,10704,Pö
1734,3cdf50d2-bf94-4b56-b8b5-d4e4364aa0be,20251128,99991231,0.497185886925403,2467,2,,379726,"20230409",381+166,381+166,115,6437926,Herrljunga västra,Öppen,dpd,Driftplatsdel,10710,Hrv
1735,66482b4f-1670-4aa0-b9e9-88ec91f0125e,20251128,99991231,0.970099987797439,2472,2,,321601,"20240605",475+230,475+230,0,6402267,Gamlestaden,Öppen,dpd,Driftplatsdel,10129,Gas
1736,ab86e7a4-8ae0-4d8d-8420-9a5c9b5ea8c8,20251128,99991231,0.970101361088455,2472,2,,321601,"20240605",475+230,475+230,0,6402267,Gamlestaden,Öppen,dpd,Driftplatsdel,10129,Gas
1737,563555c7-b8db-40e5-bdd9-c79f6063c669,20251128,99991231,0.306600638082369,2485,2,,807549,"20250611",1148+300,1148+300,0,7313641,Södra Svartbyn,Öppen,lp,linjeplats,10722,Svb
1738,44838ab4-2e18-4f92-bfce-a65667bfead9,20251128,99991231,0.501190335850772,2486,2,,318906,"20251029",459+190,459+190,0,6399359,Göteborgs Haga,Planerad,dpd,Driftplatsdel,10733,Ghg
1739,4600cbb4-9cf5-49a3-ae41-9086aba4115a,20251128,99991231,0.501190335850772,2486,2,,318906,"20251029",459+190,459+190,0,6399359,Göteborgs Haga,Planerad,dpd,Driftplatsdel,10733,Ghg
1740,851239ca-045b-483e-a653-ddf37b32b7d2,20251128,99991231,0.533090647132944,2486,2,,318906,"20251029",459+190,459+190,0,6399359,Göteborgs Haga,Planerad,dpd,Driftplatsdel,10733,Ghg
1741,68edf2d7-51d2-4ee5-b508-95df023f54ae,20251128,99991231,0.533090647132944,2486,2,,318906,"20251029",459+190,459+190,0,6399359,Göteborgs Haga,Planerad,dpd,Driftplatsdel,10733,Ghg
1742,2ec95b2f-3814-4052-807a-2321071bade7,20251128,99991231,0.392036800768558,742,2,Stor,334135,<20190405,74+778,74+778,2,6334962,Varbergs godsbangård,Öppen,dpd,Driftplatsdel,10718,Vbgb
1743,544a397b-f9aa-4580-acaf-22508ada731d,20251202,99991231,0.385914813523404,1189,2,,639851,<20190405,477+888,477+888,4,6990524,Hammar,Nedlagd,lp,linjeplats,10182,Hmr
1744,d708dcb9-8cc9-45f7-8aba-e2e17ab39853,20251202,99991231,0.499538599931139,1855,2,Stor,638878,<20190405,478+696,478+696,9,6994763,Västeraspby,Öppen,dp,Driftplats,10596,Väy
1745,7ca06c2a-3aca-45da-8cc6-25c1108dbb44,20251202,99991231,0.521831226537966,1855,2,Stor,638878,<20190405,478+696,478+696,9,6994763,Västeraspby,Öppen,dp,Driftplats,10596,Väy
1746,daa69b7c-968c-482b-802b-1e53ab161e0f,20251202,99991231,0.25640946189887,1855,2,Stor,638878,<20190405,478+696,478+696,9,6994763,Västeraspby,Öppen,dp,Driftplats,10596,Väy
1747,214b1578-e6df-4aeb-9fcb-fb4494deed7c,20251128,99991231,0.45856805304498,2205,2,,665631,<20190405,94+8,94+8,0,6640838,Länna,Öppen,stn,Station - Får ej användas på TRV spår,0,xLna
1748,"0d91f67b-edaa-4f9d-846f-4d3800f2eb15",20251128,99991231,0.45856805304498,2205,2,,665631,<20190405,94+8,94+8,0,6640838,Länna,Öppen,stn,Station - Får ej användas på TRV spår,0,xLna
1749,876978c0-7ff5-4a03-8dac-55da663439be,20251128,99991231,0.577130280308939,2154,2,,676913,<20190405,2+301,2+301,7,6578951,Henriksdal,Öppen,stn,Station - Får ej användas på TRV spår,0,xHed
1750,49c5eccf-e6e2-4331-a88b-cf71ca3ca59c,20251128,99991231,0.577130280308939,2154,2,,676913,<20190405,2+301,2+301,7,6578951,Henriksdal,Öppen,stn,Station - Får ej användas på TRV spår,0,xHed
1751,a533f930-ba50-4d9c-956a-bc3d512f7c8a,20251128,99991231,0.919597989737648,2168,2,,688749,<20190405,15+655,15+655,0,6575814,Saltsjöbaden,Öppen,stn,Station - Får ej användas på TRV spår,0,xSbn
1752,6824a0d1-f326-4635-afac-0e10e3a7bfcc,20251128,99991231,0.928934009935855,2168,2,,688749,<20190405,15+655,15+655,0,6575814,Saltsjöbaden,Öppen,stn,Station - Får ej användas på TRV spår,0,xSbn
1753,3faed81e-4ecf-4ef0-b718-751ddcec6ce7,20251128,99991231,0.886570090333534,695,2,Stor,319985,<20190405,88+485,88+485,7,6472264,Uddevalla central,Öppen,dp,Driftplats,4314,Uv
1754,"0b447dca-e7a8-44b8-bd00-341b0f34705a",20251128,99991231,0.870772112396182,2232,2,,627317,<20190405,31+615,31+615,0,6569541,Hedlandet,Öppen,stn,Station - Får ej användas på TRV spår,0,xHdt
1755,96560064-23b4-4008-990a-14bcd9b4dd42,20251128,99991231,0.699143893340663,724,2,Stor,414834,<20190405,343+621,343+621,216,6449191,Falköpings central,Öppen,dpd,Driftplatsdel,843,F
1756,5399942b-83f2-470f-a96e-926c2b0ca921,20251128,99991231,0.699143893340663,724,2,Stor,414834,<20190405,343+621,343+621,216,6449191,Falköpings central,Öppen,dpd,Driftplatsdel,843,F
1757,26cad5ee-8225-4913-a6d8-5b7fd77a959a,20251212,99991231,0.740706027716161,1023,2,,388403,<20190405,16+949,16+949,16,6168551,Brågarp,Ejunderh,lp,linjeplats,10060,Båp
1758,632f8820-577b-4a41-bb64-8ea14d1b9d2a,20251128,99991231,0.540566301097933,1131,2,,503403,<20190405,2+967,202+601,68,6546585,Hallsbergs rangerbangård,Öppen,dpd,Driftplatsdel,1373,Hrbg
1759,720c9296-d325-4cc5-8c87-bfa15c96d506,20251213,99991231,0.555526973224044,2487,2,,320562,"20251212",460+945,460+945,0,6398941,Korsvägen,Planerad,dpd,Driftplatsdel,10734,Kvn
1760,1fada58b-ccd7-4175-9ba6-8aba04d9f8e6,20251213,99991231,0.310568987254633,2487,2,,320562,"20251212",460+945,460+945,0,6398941,Korsvägen,Planerad,dpd,Driftplatsdel,10734,Kvn
1761,b6dacc4e-52c0-48fb-ad05-6b8583d01a5f,20251213,99991231,0.542919217213608,2487,2,,320562,"20251212",460+945,460+945,0,6398941,Korsvägen,Planerad,dpd,Driftplatsdel,10734,Kvn
1762,142c5dec-c762-4f73-a778-60ccc2e56e5d,20251213,99991231,0.31279346217309,2487,2,,320562,"20251212",460+945,460+945,0,6398941,Korsvägen,Planerad,dpd,Driftplatsdel,10734,Kvn
1763,"0ec0bba9-210b-4ef3-a5d0-7aa729d1ebbf",20251128,99991231,0.496241138706818,2245,2,,576527,<20190405,36+591,36+591,0,6749072,Tallås,Öppen,stn,Station - Får ej användas på TRV spår,0,xTås
1764,"08aea62e-e893-4f46-a885-30e027768b63",20251128,99991231,0.017567982449696,941,2,,350601,<20190405,15+768,15+768,75,6524109,Råsjön,Öppen,lp,linjeplats,10438,Rån
1765,6f99f618-3492-460b-9534-3282c09c5426,20251128,99991231,0.613465452914405,656,2,,472938,<20190405,143+660,143+660,188,6626758,Hällefors,Öppen,dp,Driftplats,1667,Hlf
1766,ed868fd9-22ea-4200-84b4-cee5ec8e0e75,20251128,99991231,0.390261548616001,2243,2,,575154,<20190405,35+90,35+90,0,6749590,Svartbäcken Nedre,Öppen,stn,Station - Får ej användas på TRV spår,0,xSvb
1767,e5e1ac15-110b-4dc6-a22f-f16ca557a18a,20251128,99991231,0.499999972732182,2247,2,,578428,<20190405,39+259,39+259,0,6747278,Pallanite,Öppen,stn,Station - Får ej användas på TRV spår,0,xPte
1768,ca4de5f6-cf84-46e5-8026-5e71ac48df24,20251128,99991231,0.524993774666237,2288,2,,627608,<20190405,"0+0","0+0",0,6357392,Trollskogen,Öppen,stn,Station - Får ej användas på TRV spår,0,xTsk
1769,e54926aa-7400-4e27-a42d-e9051f19fade,20251128,99991231,0.230053435616542,2275,2,,707075,<20190405,"0+0","0+0",0,6379204,Roma,Öppen,stn,Station - Får ej användas på TRV spår,0,xRa
1770,92f1e74c-237b-415e-b238-df0d14892714,20251128,99991231,0.209230769230769,2198,2,,498727,<20190405,"0+0","0+0",3,6479278,Aska,Avstängd,stn,Station - Får ej användas på TRV spår,0,xAsk
1771,"0712ac0f-f4f6-4762-b008-b18b71343d0c",20260117,99991231,0.891434354586439,2471,2,,414624,"20240630",330+241,330+241,48,6583082,Karlstads central,Öppen,dpd,Driftplatsdel,1953,Ksc
1772,776fa9d7-6c3c-4f9e-ab11-721202f15bbc,20260117,99991231,0.407839513416774,2471,2,,414624,"20240630",330+241,330+241,48,6583082,Karlstads central,Öppen,dpd,Driftplatsdel,1953,Ksc
1773,6c9b05a6-f241-4390-a236-f7c4d617f2bc,20251128,99991231,0.520720328200866,839,2,,446929,<20190405,483+629,483+716,142,6267626,Älmhult,Öppen,dp,Driftplats,4801,Äh
1774,32a62afb-290f-4d3e-ba83-c32543724db4,20251128,99991231,0.403522833801687,128,2,,574843,<20190405,48+356,48+356,182,6717317,Granstanda,Öppen,dp,Driftplats,10147,Gad
1775,95b6cdaf-19c7-44e9-b937-c95e0c026e16,20251128,99991231,0.497243765206343,72,2,,603284,<20190405,16+248,16+248,65,6724145,Forsbacka,Öppen,dp,Driftplats,929,Fb
1776,9b02604d-5633-4667-a97b-50fed2e02bb6,20251128,99991231,0.483628552038298,2458,2,,667190,"20211118",13+200,13+200,0,6591572,Sollentuna,Öppen,dp,Driftplats,3652,Sol
1777,b0589755-81dc-4243-b3ff-90e558dcd81c,20251128,99991231,0.834633962781696,2458,2,,667190,"20211118",13+200,13+200,0,6591572,Sollentuna,Öppen,dp,Driftplats,3652,Sol
1778,efbc315e-2140-4efc-ad08-ccb1942c42ed,20251128,99991231,0.803991552608543,2458,2,,667190,"20211118",13+200,13+200,0,6591572,Sollentuna,Öppen,dp,Driftplats,3652,Sol
1779,10444ac1-a6a3-476e-8c52-72e1d7052e07,20251128,99991231,0.482711857961877,2458,2,,667190,"20211118",13+200,13+200,0,6591572,Sollentuna,Öppen,dp,Driftplats,3652,Sol
1780,d7188774-417a-4d85-801b-dff2d8dc26a9,20251128,99991231,0.641013292080763,43,2,Stor,374034,<20190405,617+662,617+841,3,6164458,Malmö central,Öppen,dpd,Driftplatsdel,2611,Mc
1781,2eacf937-8bf5-4550-8bca-f4457e8edbe7,20251128,99991231,0.491398588466429,43,2,Stor,374034,<20190405,617+662,617+841,3,6164458,Malmö central,Öppen,dpd,Driftplatsdel,2611,Mc
1782,25d7542a-4064-440b-9d42-68a1ce211046,20251128,99991231,0.719385878783491,43,2,Stor,374034,<20190405,617+662,617+841,3,6164458,Malmö central,Öppen,dpd,Driftplatsdel,2611,Mc
1783,df317bdf-f346-476b-a63c-174b20086cc8,20251128,99991231,0.577467961101465,43,2,Stor,374034,<20190405,617+662,617+841,3,6164458,Malmö central,Öppen,dpd,Driftplatsdel,2611,Mc
1784,4c47dd74-ea07-4c94-a4fb-b5f8e39ef5aa,20251128,99991231,0.701075353771178,166,2,,354763,<20190405,748+83,748+83,592,7024076,Storlien,Öppen,dp,Driftplats,3787,Str
1785,8b89fcc9-aacf-4524-9a96-d42b5509f5fe,20251128,99991231,0.850081991949215,627,2,,472292,<20190405,251+528,251+528,97,6554886,Svartå,Öppen,dp,Driftplats,10514,Svå
1786,3b8b5c60-44b4-4859-9c79-67677c510300,20251128,99991231,0.535067719044718,915,2,,359718.356,<20190405,235+75,235+75,28,6219957.2,Ödåkra,Öppen,dp,Driftplats,4857,Öda
1787,c480871e-32a3-4242-89a3-f011ff1b8030,20251128,99991231,0.535129611616943,915,2,,359718.356,<20190405,235+75,235+75,28,6219957.2,Ödåkra,Öppen,dp,Driftplats,4857,Öda
1788,9cf51d9b-4683-472b-9b78-a2b13fd7bf61,20251128,99991231,0.619971579729899,1900,2,,505800,<20190405,78+400,78+400,216,6663429,Klenshyttan,Öppen,dp,Driftplats,10272,Khy
1789,86393601-6f86-486c-8e0e-8b83673a6421,20251128,99991231,0.620667983873987,1900,2,,505800,<20190405,78+400,78+400,216,6663429,Klenshyttan,Öppen,dp,Driftplats,10272,Khy
1790,4aa66adf-a178-41b9-bfd7-98577b7c738c,20251128,99991231,0.979091453839145,607,2,,467926,<20190405,242+845,242+845,118,6531967,Finnerödja,Öppen,dp,Driftplats,10105,Fa
1791,69f2a52d-7c67-4a5f-a747-2711b1d2e75b,20251128,99991231,0.34523824394137,607,2,,467926,<20190405,242+845,242+845,118,6531967,Finnerödja,Öppen,dp,Driftplats,10105,Fa
1792,65ed6331-e801-4889-a84d-3cecccf37686,20251128,99991231,0.464312622057337,596,2,,508068,<20190405,206+620,206+620,52,6554263,Kumla,Öppen,dp,Driftplats,2155,Kla
1793,829d5f60-431f-48bb-8160-3e7b310355d2,20251128,99991231,0.477075836104191,596,2,,508068,<20190405,206+620,206+620,52,6554263,Kumla,Öppen,dp,Driftplats,2155,Kla
1794,a935b976-8d82-47de-81b7-e021cca08d45,20251128,99991231,0.347013860920169,1360,2,,488152,<20190405,331+538,331+538,233,6405097,Flisby,Öppen,dp,Driftplats,10110,Fls
1795,d24073ef-48f6-4e86-8a3e-37282b8cce82,20251128,99991231,0.507526161402293,1360,2,,488152,<20190405,331+538,331+538,233,6405097,Flisby,Öppen,dp,Driftplats,10110,Fls
1796,72c42539-9427-4a9e-818e-799fb92bb398,20251128,99991231,0.505404616326565,595,2,,519501,<20190405,185+825,185+825,83,6547214,Pålsboda,Öppen,dp,Driftplats,10414,På
1797,5a6c9314-3c9f-43c0-b300-d2f11d20123d,20251128,99991231,0.708399700483166,299,2,,701000,<20190405,1444+321,1444+321,489,7558605,Rensjön,Öppen,dp,Driftplats,3182,Rsn
1798,cc0aa073-6a54-48f1-9bce-44a62383e4e9,20251128,99991231,0.548681517761327,883,2,,445400,<20190405,53+143,53+143,188,6365443,Skillingaryd,Öppen,dp,Driftplats,3518,Syd
1799,df027abe-44f4-49b0-9e8f-22ec03f0424a,20251128,99991231,0.285222952961571,883,2,,445400,<20190405,53+143,53+143,188,6365443,Skillingaryd,Öppen,dp,Driftplats,3518,Syd
1800,bfe12c3a-4862-4d14-aef8-0c07189851b5,20251128,99991231,0.716382222948051,108,2,,499266,<20190405,455+283,455+283,154,6637227,Kopparberg,Öppen,dp,Driftplats,2072,Kpg
1801,57f97800-32a1-4abb-bad8-eb34fb79a354,20251128,99991231,0.58721806841246,617,2,,424489,<20190405,329+78,329+78,174,6459817,Stenstorp,Öppen,dp,Driftplats,3720,Ss
1802,a723ed62-141b-4714-92b3-bb2fbecc2c3b,20251128,99991231,0.911626298480599,617,2,,424489,<20190405,329+78,329+78,174,6459817,Stenstorp,Öppen,dp,Driftplats,3720,Ss
1803,3679daf6-2ccd-4b13-b5ed-72bd70e92671,20251128,99991231,0.128882558034067,617,2,,424489,<20190405,329+78,329+78,174,6459817,Stenstorp,Öppen,dp,Driftplats,3720,Ss
1804,d8e79d29-8788-45a8-a0fc-d5199f950076,20251128,99991231,0.650053311743465,2402,2,,378894,"20200823",289+635,289+635,6,6171144,Lomma,Öppen,dp,Driftplats,10694,Lma
1805,8fd0fa32-6ec7-4f5c-bf21-9280a244fd42,20251128,99991231,0.500000130094876,2193,2,,365370,<20190405,211+129,211+129,25,6240890,Barkåkra,Öppen,dpd,Driftplatsdel,10663,Baa
1806,a27e50ef-1dec-43ff-a8ee-18ac804f28aa,20251128,99991231,0.500023823019722,2193,2,,365370,<20190405,211+129,211+129,25,6240890,Barkåkra,Öppen,dpd,Driftplatsdel,10663,Baa
1807,ed0b08a4-e638-450b-a515-d13f4794ce77,20251128,99991231,0.953266730721963,1382,2,,505626,<20190405,269+325,269+325,112,6457138,Lindekullen,Öppen,dp,Driftplats,10320,Lkn
1808,8e7f1c6e-f764-4d55-bb36-aacc2c286153,20251128,99991231,0.860989615505498,1382,2,,505626,<20190405,269+325,269+325,112,6457138,Lindekullen,Öppen,dp,Driftplats,10320,Lkn
1809,40cf6794-fe19-424f-82bd-6e576cc74d3c,20251128,99991231,0.573582023293525,1493,2,,594508,<20190405,71+765,71+765,63,6578785,Kjula,Öppen,dp,Driftplats,10271,Kju
1810,9a899b01-07e7-48b9-b095-5d82a3021461,20251128,99991231,0.774000035396265,539,2,,638984,<20190405,16+428,16+428,37,6562488,Nykvarn,Öppen,dp,Driftplats,2974,Nkv
1811,530bef9b-8bd1-4e01-a5ca-c8cf5eb03f3f,20251128,99991231,0.446879736363747,206,2,Stor,521334,<20190405,514+948,514+948,291,6957805,Bräcke,Öppen,dp,Driftplats,520,Bä
1812,28b9d406-788a-4444-a721-d90fdec53ca3,20251128,99991231,0.449168295187557,206,2,Stor,521334,<20190405,514+948,514+948,291,6957805,Bräcke,Öppen,dp,Driftplats,520,Bä
1813,8b78bfe0-84d1-4506-9c25-2c8cd6d1689e,20251128,99991231,0.793295766119891,1899,2,,760375,<20190405,890+17,890+110,8,7087563,Umeå östra,Öppen,dpd,Driftplatsdel,1581,Uåö
1814,40b6c7f8-26bf-461f-9b1b-1aa4663c7658,20251128,99991231,0.027552239361547,1899,2,,760375,<20190405,890+17,890+110,8,7087563,Umeå östra,Öppen,dpd,Driftplatsdel,1581,Uåö
1815,c4a0b9ad-34f7-40cf-a333-263d4d5d8ec2,20251128,99991231,0.564059953447047,307,2,,643704,<20190405,1524+423,1524+423,445,7594479,Kopparåsen,Öppen,dp,Driftplats,2078,Kå
1816,"0f867749-6537-4aa7-b9f4-3d0610fb817a",20251128,99991231,0.504763407620405,525,2,,621192,<20190405,49+806,49+806,12,6517697,Sjösa,Öppen,dp,Driftplats,10460,Ssa
1817,1096bf60-3d8a-4eda-893c-75e236379981,20251128,99991231,0.078238928860593,525,2,,621192,<20190405,49+806,49+806,12,6517697,Sjösa,Öppen,dp,Driftplats,10460,Ssa
1818,7a1e6f56-fa85-410e-acdb-3b5d3d547286,20251128,99991231,0.603679549012504,1627,2,,315217,<20190405,5+772,5+772,13,6399488,Pölsebo,Öppen,dpd,Driftplatsdel,3146,Pöb
1819,c90c402f-ad2c-4a50-8663-19f9156e627d,20251128,99991231,0.230627594887899,1627,2,,315217,<20190405,5+772,5+772,13,6399488,Pölsebo,Öppen,dpd,Driftplatsdel,3146,Pöb
1820,a9589428-6f8d-490f-8c55-c990cded6154,20251128,99991231,0.54820251628382,274,2,,774653,<20190405,1203+829,1203+829,181,7364056,Lakaträsk,Öppen,dp,Driftplats,10307,Lkä
1821,429e76f1-d014-41bc-8372-7f84b2a91354,20251128,99991231,0.437420331472939,1325,2,,541905,<20190405,7+348,7+348,60,6471174,Hjulsbro,Öppen,dp,Driftplats,1512,Hj
1822,2508cb5d-986f-460c-95d8-3ddfdc7b9fa8,20251128,99991231,0.660677784963192,1345,2,,386346,<20190405,597+651,597+651,55,6178411,Tornhill,Öppen,dp,Driftplats,10539,Thl
1823,629817cd-3a5d-4ee3-8c28-c72949dfe68e,20251128,99991231,0.740990325675016,495,2,Stor,569475,<20190405,133+848,133+848,46,6540292,Katrineholms central,Öppen,dp,Driftplats,1968,K
1824,48c35e7f-4aab-4cdc-ad03-8d89435d435e,20251128,99991231,0.328330944921621,495,2,Stor,569475,<20190405,133+848,133+848,46,6540292,Katrineholms central,Öppen,dp,Driftplats,1968,K
1825,396d283a-5402-48e1-b1c0-4702801a0cf0,20251128,99991231,0.499445283820794,1505,2,,645591,<20190405,40+688,40+688,28,6602293,Toresta,Öppen,dp,Driftplats,10538,Tot
1826,59d46ee1-ba9b-4fcd-8d1e-25504b06980a,20251128,99991231,0.375825763254811,1505,2,,645591,<20190405,40+688,40+688,28,6602293,Toresta,Öppen,dp,Driftplats,10538,Tot
1827,1ed504d3-dde6-41b5-abd2-20eb3655e0ad,20251128,99991231,0.473921226564942,2475,2,,333448,"20250623",76+788,76+788,0,6333399,Varbergs central,Öppen,dpd,Driftplatsdel,4429,Vbc
1828,807089bb-98af-4154-80c6-cebe77ca3e64,20251128,99991231,0.3460268804442,2475,2,,333448,"20250623",76+788,76+788,0,6333399,Varbergs central,Öppen,dpd,Driftplatsdel,4429,Vbc
1829,fb1866d0-b441-4951-8a2b-58f441a37b3f,20251128,99991231,0.431649045162401,2475,2,,333448,"20250623",76+788,76+788,0,6333399,Varbergs central,Öppen,dpd,Driftplatsdel,4429,Vbc
1830,ccc80cef-280e-4f53-b907-516a5a170794,20251128,99991231,0.542090751267999,2475,2,,333448,"20250623",76+788,76+788,0,6333399,Varbergs central,Öppen,dpd,Driftplatsdel,4429,Vbc
1831,5509b06a-d199-4495-b1c9-8e68123c632d,20251128,99991231,0.688054616711056,13,2,,541785,<20190405,38+920,38+920,159,6690251,Säter,Öppen,dp,Driftplats,3942,St
1832,75b2eb42-2990-479b-b371-e2ebbd343d67,20251128,99991231,0.515141983746541,13,2,,541785,<20190405,38+920,38+920,159,6690251,Säter,Öppen,dp,Driftplats,3942,St
1833,35d81361-f1bf-4aa2-a0d7-f9a2f5a17db3,20251128,99991231,0.634974161012411,546,2,,562586,<20190405,129+170,129+170,4,6588208,Kungsör,Öppen,dp,Driftplats,2168,Kör
1834,c7df2d40-51a2-447b-bfcc-8560aeb99840,20251128,99991231,0.405524560823813,853,2,,489454,<20190405,314+152,314+152,167,6421754,Frinnaryd,Öppen,dp,Driftplats,10119,Frd
1835,935852e0-74bc-43fd-a5e2-708c648d8cf8,20251128,99991231,0.498022511632035,853,2,,489454,<20190405,314+152,314+152,167,6421754,Frinnaryd,Öppen,dp,Driftplats,10119,Frd
1836,fc739d47-76ee-450a-a6d4-9ab6d8c6bd87,20251128,99991231,0.500668978227361,551,2,,574227,<20190405,204+322,204+322,4,6591798,Kvicksund,Öppen,dp,Driftplats,2192,Ksu
1837,4222d9d1-33ea-4d16-8f6e-0e742ebe96c7,20251128,99991231,0.50007405318655,551,2,,574227,<20190405,204+322,204+322,4,6591798,Kvicksund,Öppen,dp,Driftplats,2192,Ksu
1838,e7798ba1-eac1-44a7-94cb-af2b8a0f040d,20251128,99991231,0.601270761144406,45,2,Stor,386054,<20190405,601+174,601+174,41,6174988,Lund c,Öppen,dp,Driftplats,2485,Lu
1839,"09f75c32-34dd-4922-93a8-50536abe5451",20251128,99991231,0.26163594211609,45,2,Stor,386054,<20190405,601+174,601+174,41,6174988,Lund c,Öppen,dp,Driftplats,2485,Lu
1840,45e9de62-efe7-4401-bf2e-6261f98bb652,20251128,99991231,0.494970219600885,507,2,,583829,<20190405,97+970,97+970,24,6577931,Skogstorp,Öppen,dp,Driftplats,10465,Skrp
1841,90bcabfa-165f-452a-8220-9fec2af83582,20251128,99991231,0.642555397655227,153,2,,491542,<20190405,571+61,571+61,327,6994065,Brunflo,Öppen,dp,Driftplats,495,Bf
1842,f3f7a871-d72e-4595-a39c-464232b3e97a,20251128,99991231,0.016099111768977,153,2,,491542,<20190405,571+61,571+61,327,6994065,Brunflo,Öppen,dp,Driftplats,495,Bf
1843,72a9fff7-7828-49f3-8325-8f6212b49214,20251128,99991231,0.980432934849391,269,2,,747747,<20190405,1321+503,1321+503,332,7463661,Koskullskulle,Öppen,dpd,Driftplatsdel,10286,Kos
1844,d34ee34a-35be-4e9d-9241-a0ce974804a5,20251128,99991231,0.593571545803523,600,2,,514052,<20190405,240+141,240+141,36,6586511,Ervalla,Öppen,dp,Driftplats,10101,Er
1845,7b600b4c-d7fa-49b8-8343-ec9816afd854,20251128,99991231,0.635028127724444,600,2,,514052,<20190405,240+141,240+141,36,6586511,Ervalla,Öppen,dp,Driftplats,10101,Er
1846,dd259527-5829-4580-b877-17b7ee8e9867,20251128,99991231,0.635367718804481,1489,2,,623710,<20190405,33+695,33+695,21,6569630,Läggesta,Öppen,dp,Driftplats,2650,Lg
1847,6fcc3b5a-1978-40ac-85b9-7c11051a8a23,20251128,99991231,0.846217630301137,1489,2,,623710,<20190405,33+695,33+695,21,6569630,Läggesta,Öppen,dp,Driftplats,2650,Lg
1848,a6ab5b5d-1e56-4ee4-8989-8fd536488a7c,20251128,99991231,0.510354809109802,504,2,,585915,<20190405,76+885,76+885,63,6559058,Hälleforsnäs,Öppen,dp,Driftplats,1658,Hnä
1849,6384bbbc-7f37-436f-a284-d9e3d59bbb29,20251128,99991231,0.34940077435217,679,2,,348856,<20190405,432+105,432+105,125,6641478,Charlottenberg,Öppen,dp,Driftplats,620,Cg
1850,7003b0ed-86d9-4045-b72b-b3afc5fb9193,20251128,99991231,0.239260480105737,679,2,,348856,<20190405,432+105,432+105,125,6641478,Charlottenberg,Öppen,dp,Driftplats,620,Cg
1851,"05f78f62-1ac1-44ce-9462-5b0bc54be56b",20251128,99991231,0.499915065484663,1517,2,,364440,<20190405,202+468,202+468,26,6245300,Viarp,Öppen,dpd,Driftplatsdel,10662,Vip
1852,f865eebc-39a1-4cc1-ab2e-ce253fcaa788,20251128,99991231,0.484711824662356,801,2,,408994,<20190405,564+0,564+242,80,6200084,Höör,Öppen,dp,Driftplats,1761,Hö
1853,26a343b5-5346-4b72-9061-20c9ed897f03,20251128,99991231,0.374959618773984,801,2,,408994,<20190405,564+0,564+242,80,6200084,Höör,Öppen,dp,Driftplats,1761,Hö
1854,9909daba-38c5-4e57-933f-cb6fe0cfde03,20251128,99991231,0.67925229442392,303,2,,677558,<20190405,1483+294,1483+294,393,7580915,Kaisepakte,Öppen,dp,Driftplats,1903,Kpe
1855,84137b4f-57b4-405b-b1c4-26d3624cbfad,20251128,99991231,1,1994,2,,864243,<20190405,28+100,28+100,27,7331078,Rian,Öppen,dp,Driftplats,10421,Ran
1856,62ab042e-57eb-4748-8068-45c7382fa3b6,20251128,99991231,0.501131192608941,494,2,,569013,<20190405,144+786,144+786,50,6530217,Strångsjö,Öppen,dp,Driftplats,10506,Stö
1857,"037b4626-9828-4b6f-9b1c-b7a878b96e52",20251128,99991231,0.382808968152179,494,2,,569013,<20190405,144+786,144+786,50,6530217,Strångsjö,Öppen,dp,Driftplats,10506,Stö
1858,28c1b4b4-9370-4e23-8662-0f6d9b5da0ab,20251128,99991231,0.486666997247069,1165,2,,597456,<20190405,119+624,119+624,61,6645753,Isätra,Öppen,dp,Driftplats,10236,Ist
1859,fbf25e16-a023-4b52-8381-912ee129536b,20251128,99991231,0.664936895601769,441,2,,655929,<20190405,26+242,26+242,12,6596521,Kungsängen,Öppen,dp,Driftplats,2166,Kän
1860,73f59b04-6f0c-463e-acc7-fda99cf6ee94,20251128,99991231,0.316923578313159,914,2,,374013,<20190405,240+47,240+149,41,6214203,Billesholm,Öppen,dp,Driftplats,289,Bih
1861,b37b8acb-ab0a-4817-9d7b-664f27399bbd,20251128,99991231,0.580877412446912,170,2,,584314,<20190405,300+207,300+207,59,6789496,Kilafors,Öppen,dp,Driftplats,1983,Kls
1862,1b28d728-14a1-40b4-81d2-adefd776a198,20251128,99991231,0.452736025601269,170,2,,584314,<20190405,300+207,300+207,59,6789496,Kilafors,Öppen,dp,Driftplats,1983,Kls
1863,2cca6e5e-5aee-4d0c-ac34-8ae0fe856399,20251128,99991231,0.51125258091909,770,2,,359101,<20190405,166+520,166+520,52,6374196,Skene,Öppen,dp,Driftplats,3512,See
1864,592cbf12-1f70-4a1d-aeca-5c3827ff6bb8,20251128,99991231,0.802445113076824,770,2,,359101,<20190405,166+520,166+520,52,6374196,Skene,Öppen,dp,Driftplats,3512,See
1865,9b881bf0-2582-4b92-b65d-ec8fc81cf546,20251128,99991231,0.35867754853985,2100,2,,651265,<20190405,33+600,33+600,6,6598512,Bro Nygård,Öppen,dpd,Driftplatsdel,10052,Brny
1866,3ec76e84-fda4-439d-aca3-ea686ba6d28d,20251128,99991231,0.219357643182425,2100,2,,651265,<20190405,33+600,33+600,6,6598512,Bro Nygård,Öppen,dpd,Driftplatsdel,10052,Brny
1867,14ee625a-4b10-4658-9f3c-775e378ae16e,20251128,99991231,0.502998419045314,526,2,,629016,<20190405,37+624,37+624,19,6525340,Tystberga,Öppen,dp,Driftplats,10550,Tba
1868,8d8b148e-513a-4793-8c2c-c754819a942b,20251128,99991231,0.457730452242422,526,2,,629016,<20190405,37+624,37+624,19,6525340,Tystberga,Öppen,dp,Driftplats,10550,Tba
1869,68dbe0dd-0fe5-46d9-8f65-8159f1de3eb1,20260117,99991231,0.544512615276651,2471,2,,414624,"20240630",330+241,330+241,48,6583082,Karlstads central,Öppen,dpd,Driftplatsdel,1953,Ksc
1870,8415b9e7-0d6d-4c55-9d5a-3ad60592590f,20260117,99991231,0.887184567177279,2471,2,,414624,"20240630",330+241,330+241,48,6583082,Karlstads central,Öppen,dpd,Driftplatsdel,1953,Ksc
1871,fe254407-cfc5-4e37-8883-7f5300ab0bab,20260117,99991231,0.871721109362891,2471,2,,414624,"20240630",330+241,330+241,48,6583082,Karlstads central,Öppen,dpd,Driftplatsdel,1953,Ksc
1872,f830ee02-7cb6-414a-b9fc-4997edeb288b,20260117,99991231,0.070134982984688,2471,2,,414624,"20240630",330+241,330+241,48,6583082,Karlstads central,Öppen,dpd,Driftplatsdel,1953,Ksc
1873,d2b7a5ab-117a-45dd-a723-64cb6d8b5a9a,20251128,99991231,0.000348350920443,430,2,Stor,673924,<20190405,"0+0","0+0",4,6580788,Stockholms central,Öppen,dpd,Driftplatsdel,3751,Cst
1874,89087450-b2fa-4a56-84e6-81b0e78417ed,20251128,99991231,0.000611551316405,430,2,Stor,673924,<20190405,"0+0","0+0",4,6580788,Stockholms central,Öppen,dpd,Driftplatsdel,3751,Cst
1875,ac67807e-c483-46f7-8859-b08cbbb9a6af,20251128,99991231,0.000176267732808,430,2,Stor,673924,<20190405,"0+0","0+0",4,6580788,Stockholms central,Öppen,dpd,Driftplatsdel,3751,Cst
1876,e10bb094-5e8b-4837-9212-ae25ecc40ba9,20251128,99991231,0.000274672147922,430,2,Stor,673924,<20190405,"0+0","0+0",4,6580788,Stockholms central,Öppen,dpd,Driftplatsdel,3751,Cst
1877,db13f94d-3bc0-48e8-a6e0-e11348d302e7,20251128,99991231,0.000221648342287,430,2,Stor,673924,<20190405,"0+0","0+0",4,6580788,Stockholms central,Öppen,dpd,Driftplatsdel,3751,Cst
1878,55334fae-1d98-4906-9b73-d83a787bcb32,20251128,99991231,0.000388950829362,430,2,Stor,673924,<20190405,"0+0","0+0",4,6580788,Stockholms central,Öppen,dpd,Driftplatsdel,3751,Cst
1879,ad954065-a297-496f-9cf9-74d5e0a65f79,20251128,99991231,0.064270140755508,2427,2,,385048,"20210905",602+333,602+333,33,6173581,Klostergården,Öppen,dpd,Driftplatsdel,10708,Kgå
1880,2991116d-6e01-4a93-989d-b205365a3e61,20251128,99991231,0.413587861348178,282,2,,749909,<20190405,1292+430,1292+430,416,7439768,Ripats,Öppen,dp,Driftplats,10424,Rps
1881,9477f967-af30-4b10-8152-9381ab8ba6ba,20251128,99991231,0.223287287620049,282,2,,749909,<20190405,1292+430,1292+430,416,7439768,Ripats,Öppen,dp,Driftplats,10424,Rps
1882,a97d6c43-70fd-4039-8ac0-1f747c74dc58,20251128,99991231,0.405419072402836,282,2,,749909,<20190405,1292+430,1292+430,416,7439768,Ripats,Öppen,dp,Driftplats,10424,Rps
1883,b37515f1-3783-4d47-aaa6-d5ffc2955695,20251128,99991231,0.498923916759861,372,2,,769352,<20190405,1091+628,1091+628,85,7295111,Korsträsk,Öppen,dp,Driftplats,10282,Ktä
1884,bf5ba6aa-8a67-40c5-a6db-f3b1f8295000,20251128,99991231,0.492392263362284,2383,2,,592872,"20190910",27+797,27+797,83,6720232,Villersmuren,Öppen,dp,Driftplats,10686,Vmu
1885,d5db0e4b-ca3b-4d19-bdc5-a3336c7aec82,20251128,99991231,0.498567023259734,685,2,,530716,<20190405,174+562,174+562,75,6547490,Kilsmo,Öppen,dp,Driftplats,10266,Km
1886,13676225-019b-4c2e-a9ec-efc635aba1a1,20251128,99991231,0.973773710999751,1849,2,,661774,<20190405,34+588,34+588,20,6611469,Brista,Öppen,dp,Driftplats,358,Bra
1887,ece57301-025f-4e29-953d-4f30cbfb8e9f,20251128,99991231,0.865144637909878,1849,2,,661774,<20190405,34+588,34+588,20,6611469,Brista,Öppen,dp,Driftplats,358,Bra
1888,3fa33a77-f37a-4d5c-bd29-39ec5754babb,20251128,99991231,0.732265125102348,471,2,,503153,<20190405,277+340,277+497,142,6450190,Boxholm,Öppen,dp,Driftplats,442,Bx
1889,fff8dd02-19b7-49be-a604-228714a0776f,20251128,99991231,0.766000608408187,471,2,,503153,<20190405,277+340,277+497,142,6450190,Boxholm,Öppen,dp,Driftplats,442,Bx
1890,3f1b7136-4c65-429e-b339-1f141acc0865,20251128,99991231,0.42071576006457,438,2,,660733,<20190405,17+494,17+494,18,6590667,Jakobsberg,Öppen,dp,Driftplats,1820,Jkb
1891,8bdb559c-2d23-4669-855b-99d7301f6f55,20251128,99991231,0.427194903353466,438,2,,660733,<20190405,17+494,17+494,18,6590667,Jakobsberg,Öppen,dp,Driftplats,1820,Jkb
1892,91265ad4-d509-4326-ac97-1ef142c0c73c,20251128,99991231,0.420389429314494,1130,2,,445683,<20190405,61+824,61+824,175,6356882,Klevshult,Öppen,dp,Driftplats,2027,Kvh
1893,2a6cf38e-d322-4315-9d83-5206406e6ce4,20251128,99991231,0.501415738080746,1130,2,,445683,<20190405,61+824,61+824,175,6356882,Klevshult,Öppen,dp,Driftplats,2027,Kvh
1894,"0ef2578f-f52f-4ac5-a35d-17f8d0147404",20251128,99991231,0.280673668684123,193,2,,539385,<20190405,420+803,420+803,220,6886813,Örabäcken,Öppen,dp,Driftplats,10627,Öbn
1895,9a3549c1-7714-4889-8c74-fb054eac4f73,20251128,99991231,0.280877568353638,193,2,,539385,<20190405,420+803,420+803,220,6886813,Örabäcken,Öppen,dp,Driftplats,10627,Öbn
1896,877b5949-f8d8-40cd-b947-f4cd058a1f91,20251128,99991231,0.395599535884855,714,2,,379809,<20190405,69+136,69+136,81,6459592,Vara,Öppen,dp,Driftplats,4428,Vaa
1897,c2744841-b4d7-4015-a115-5d74cf4dca48,20251128,99991231,0.542543547905434,714,2,,379809,<20190405,69+136,69+136,81,6459592,Vara,Öppen,dp,Driftplats,4428,Vaa
1898,6017f463-4d0d-4dd3-b6c1-15113f4b74a2,20251128,99991231,0.876520126176912,473,2,Stor,507738,<20190405,260+971,260+972,116,6464651,Mjölby,Öppen,dp,Driftplats,2693,My
1899,602c555d-a935-4e73-bba9-69eecbbf3e63,20251128,99991231,0.499653096516356,1463,2,,790236,<20190405,55+660,55+660,6,7190997,Gunsen,Öppen,lp,linjeplats,10165,Gse
1900,2aeb07ee-6762-474a-bf59-d0d8e993537e,20251128,99991231,0.708179505536056,126,2,,569404,<20190405,54+989,54+989,169,6715515,Hofors,Öppen,dp,Driftplats,1524,Hfr
1901,dd6667e7-c17d-4737-adc7-9bf9dfb3aabe,20251128,99991231,0.400170075002638,76,2,,587475,<20190405,234+842,234+842,107,6732106,Järbo,Öppen,dp,Driftplats,10244,Jb
1902,f5d232e7-2c57-47e1-a139-325c4ae9ae19,20251128,99991231,0.470730150327362,198,2,,524435,<20190405,464+470,464+470,243,6922096,Östavall,Öppen,dp,Driftplats,4918,Öv
1903,f10f24e2-afa4-44fa-8fa9-3770bb6a8988,20251128,99991231,0.364163976729934,995,2,,679149,<20190405,37+675,37+675,40,6562777,Handen,Öppen,dp,Driftplats,10185,Hnd
1904,a978de4b-a808-4b12-b9e6-ef8e8e17480a,20251128,99991231,0.402300332583484,995,2,,679149,<20190405,37+675,37+675,40,6562777,Handen,Öppen,dp,Driftplats,10185,Hnd
1905,a674d7fc-486a-4daf-9b61-94119caa0500,20251128,99991231,0.485113401857408,209,2,,502049,<20190405,553+249,553+249,292,6980573,Pilgrimstad,Öppen,dp,Driftplats,3119,Pl
1906,80c72608-c733-4864-ba2f-bbed9dc18a50,20251128,99991231,0.027448689439813,209,2,,502049,<20190405,553+249,553+249,292,6980573,Pilgrimstad,Öppen,dp,Driftplats,3119,Pl
1907,b54f02fe-2c82-4483-b1a2-456e6be38291,20251128,99991231,0.668781917558731,297,2,,712244,<20190405,1423+669,1423+669,463,7543901,Krokvik,Öppen,dp,Driftplats,2128,Kv
1908,334246dd-1732-4ddf-999a-f1e5c5f334d8,20251128,99991231,0.482634945187544,406,2,,609827,<20190405,653+367,653+367,78,7010999,Österås,Öppen,dp,Driftplats,10633,Öså
1909,d69a92a0-0621-4c7d-9dd3-64509d74b60f,20251128,99991231,0.483070767517642,406,2,,609827,<20190405,653+367,653+367,78,7010999,Österås,Öppen,dp,Driftplats,10633,Öså
1910,6595821a-8705-45e0-a6b7-1aa8a6f99c9e,20251128,99991231,0.561586950134778,885,2,,467732,<20190405,19+344,19+344,280,6381857,Malmbäck,Öppen,dp,Driftplats,2605,Mbä
1911,3a6dfa0a-b67e-49cd-9e94-92733e36d8f9,20251128,99991231,0.970133356654377,885,2,,467732,<20190405,19+344,19+344,280,6381857,Malmbäck,Öppen,dp,Driftplats,2605,Mbä
1912,665090ce-f5ee-4196-85b3-f2c85fac6ca0,20251128,99991231,0.525472751376126,449,2,,663677,<20190405,27+680,27+680,10,6604933,Skavstaby,Öppen,dp,Driftplats,10463,Skby
1913,955e1793-df0f-4109-acd5-2762422979fe,20251128,99991231,0.496823718971139,449,2,,663677,<20190405,27+680,27+680,10,6604933,Skavstaby,Öppen,dp,Driftplats,10463,Skby
1914,2b6a8b09-b5a1-4dc7-a8e4-7cb826a2f756,20251128,99991231,0.499445509099844,1027,2,,360868,<20190405,71+593,71+593,29,6210727,Ättekulla,Öppen,dp,Driftplats,10621,Ätk
1915,b215847b-2a67-4e71-adfb-cd05e65c269d,20251128,99991231,0.101328169432748,1027,2,,360868,<20190405,71+593,71+593,29,6210727,Ättekulla,Öppen,dp,Driftplats,10621,Ätk
1916,d5668ec0-adbb-4ddb-99c7-7b4daf883098,20251128,99991231,0.502198399009341,493,2,,566886,<20190405,159+670,159+670,65,6516570,Simonstorp,Öppen,dp,Driftplats,10458,Smt
1917,bc076381-72d4-4569-a2b6-7846493e11d8,20251128,99991231,0.503257738364125,493,2,,566886,<20190405,159+670,159+670,65,6516570,Simonstorp,Öppen,dp,Driftplats,10458,Smt
1918,95dfcd6f-b89a-46f7-9601-3c90705db75f,20251128,99991231,0.458974218332571,911,2,,367582,<20190405,63+478,63+484,47,6214279,Mörarp,Öppen,dp,Driftplats,2826,Mör
1919,6195e441-edec-4e6a-bf9a-91d62db15faf,20251128,99991231,0.164492672426435,911,2,,367582,<20190405,63+478,63+484,47,6214279,Mörarp,Öppen,dp,Driftplats,2826,Mör
1920,3b374fc5-f8c1-42b4-8336-510ef9aba22f,20251128,99991231,0.500003857135939,1932,2,,601963,<20190405,64+61,64+61,32,6579665,Barva,Öppen,dp,Driftplats,10026,Bva
1921,7d772d10-e6d8-4ec5-8447-9a5e9e77530c,20251128,99991231,0.41725675089106,863,2,,587798,<20190405,"0+51","0+51",3,6322785,Mönsterås,Öppen,dp,Driftplats,2824,Mss
1922,96d5d3fa-0435-48da-9734-e980c6478efb,20251128,99991231,0.495886095651284,487,2,,591344,<20190405,82+19,82+19,59,6510404,Ålberga,Öppen,dp,Driftplats,10604,Åba
1923,6c85e413-2b3b-4736-8e5e-1e44dc7600d8,20251128,99991231,0.35254373905964,154,2,,487201,<20190405,579+0,579+0,309,7000531,Ope,Öppen,dp,Driftplats,10403,Ope
1924,fad0f1a7-f2e6-4181-8c2e-ce4bdd5c78a4,20251128,99991231,0.351816138358954,154,2,,487201,<20190405,579+0,579+0,309,7000531,Ope,Öppen,dp,Driftplats,10403,Ope
1925,20080e1c-1106-4ff7-817e-6396ae05508c,20251128,99991231,0.577001450756711,199,2,,524463,<20190405,472+911,472+911,219,6928875,Alby,Öppen,dp,Driftplats,116,Ay
1926,82232983-5199-49fe-ad54-2e70c00f54b4,20251128,99991231,0.903992821834461,590,2,Stor,597764,<20190405,118+725,118+725,14,6402690,Västervik,Öppen,dp,Driftplats,4623,Vk
1927,aff23c21-6624-4b9b-baee-094c4ce03331,20251128,99991231,0.721916208999908,590,2,Stor,597764,<20190405,118+725,118+725,14,6402690,Västervik,Öppen,dp,Driftplats,4623,Vk
1928,15826a0d-799d-4c5e-b5d6-cd7758165ff8,20251128,99991231,0.703274271475135,590,2,Stor,597764,<20190405,118+725,118+725,14,6402690,Västervik,Öppen,dp,Driftplats,4623,Vk
1929,66ebf56f-3363-42e5-8a98-565f3b63bba5,20251128,99991231,0.744645297527608,559,2,Stor,648345,<20190405,65+675,65+739,7,6638550,Uppsala central,Öppen,dpd,Driftplatsdel,4351,U
1930,cb0cd5e0-060e-4b8c-821f-f9f061d32d14,20251128,99991231,0.707479638691944,559,2,Stor,648345,<20190405,65+675,65+739,7,6638550,Uppsala central,Öppen,dpd,Driftplatsdel,4351,U
1931,8ce0f6d0-8026-46fa-bfd5-7f5db5e473c7,20251128,99991231,0.955943940346459,559,2,Stor,648345,<20190405,65+675,65+739,7,6638550,Uppsala central,Öppen,dpd,Driftplatsdel,4351,U
1932,b77fd1ff-e30c-4412-a89d-58e578cd812e,20251128,99991231,0.764589567550778,559,2,Stor,648345,<20190405,65+675,65+739,7,6638550,Uppsala central,Öppen,dpd,Driftplatsdel,4351,U
1933,dd8befc7-f205-4e8a-aa60-cab7519f4a68,20251128,99991231,0.658745169711669,559,2,Stor,648345,<20190405,65+675,65+739,7,6638550,Uppsala central,Öppen,dpd,Driftplatsdel,4351,U
1934,5cb8dfa1-2937-4694-a146-f005b78a4c57,20251128,99991231,0.104365612155052,559,2,Stor,648345,<20190405,65+675,65+739,7,6638550,Uppsala central,Öppen,dpd,Driftplatsdel,4351,U
1935,16616a03-ae33-40bc-8764-d0308ba5f2b4,20251128,99991231,0.3859550516829,239,2,,595824,<20190405,552+687,552+687,56,6917299,Nedansjö,Öppen,dp,Driftplats,10378,Nsö
1936,6a3b69cf-5d78-4117-b9d2-08e8f056633d,20251128,99991231,0.160928294406496,194,2,,535238,<20190405,428+80,428+80,211,6892184,Ramsjö,Öppen,dp,Driftplats,10417,Rsö
1937,9e875daa-7cd7-4cad-a91e-f1087b5b1b01,20251128,99991231,0.236067599797031,194,2,,535238,<20190405,428+80,428+80,211,6892184,Ramsjö,Öppen,dp,Driftplats,10417,Rsö
1938,ebb12693-5932-42d3-a7a3-afc7154b252f,20251128,99991231,0.547911301220487,194,2,,535238,<20190405,428+80,428+80,211,6892184,Ramsjö,Öppen,dp,Driftplats,10417,Rsö
1939,d1229551-d5cc-498b-a9cc-3ee521eaaebb,20251128,99991231,0.496778657872091,636,2,,411972,<20190405,337+286,337+286,50,6588894,Skåre,Öppen,dp,Driftplats,10471,Skr
1940,438edb45-9f1e-4ed3-a19e-76cfc6943e51,20251128,99991231,0.567553337783909,636,2,,411972,<20190405,337+286,337+286,50,6588894,Skåre,Öppen,dp,Driftplats,10471,Skr
1941,3cdd2216-d5aa-440d-a3c1-31239c836ca9,20251128,99991231,0.814866142708769,1633,2,,362503.165,<20190405,223+811,223+811,9,6230487.564,Vegeholm,Öppen,dp,Driftplats,10571,Vh
1942,4ea9255b-833a-4b02-82f6-45d206481701,20251128,99991231,0.815066715733729,1633,2,,362503.165,<20190405,223+811,223+811,9,6230487.564,Vegeholm,Öppen,dp,Driftplats,10571,Vh
1943,30c8928d-1493-43ab-af39-9a22048ccf68,20251128,99991231,0.059715916959286,40,2,,375852,<20190405,625+101,625+386,29,6159121,Fosieby,Öppen,dpd,Driftplatsdel,944,Fsb
1944,"0e094045-273f-4a99-8c8f-2cee370f8f09",20251128,99991231,0.701257286438994,1482,2,,666342,<20190405,15+114,15+114,18,6593076,Häggvik,Öppen,dp,Driftplats,1653,Hgv
1945,4152c213-fa6f-436d-bb68-33f51d0a5162,20251128,99991231,0.70148269285045,1482,2,,666342,<20190405,15+114,15+114,18,6593076,Häggvik,Öppen,dp,Driftplats,1653,Hgv
1946,"0d755457-6dff-4f75-b50a-d217d230550d",20251128,99991231,0.430680237345653,1482,2,,666342,<20190405,15+114,15+114,18,6593076,Häggvik,Öppen,dp,Driftplats,1653,Hgv
1947,36040645-8150-4dfe-afd0-ac8874c3c073,20251128,99991231,0.431233320560194,1482,2,,666342,<20190405,15+114,15+114,18,6593076,Häggvik,Öppen,dp,Driftplats,1653,Hgv
1948,27331e8f-f2e8-4a0a-a565-e981c23b6d7b,20251128,99991231,0.497112701946789,557,2,,654689,<20190405,54+610,54+610,34,6629785,Ekeby,Öppen,dp,Driftplats,10094,Eby
1949,75fe4f9c-4100-449b-8505-ea520596e147,20251128,99991231,0.397168207462786,557,2,,654689,<20190405,54+610,54+610,34,6629785,Ekeby,Öppen,dp,Driftplats,10094,Eby
1950,d04ccde9-e0de-4515-8d43-56186e9835e0,20251128,99991231,0.725497259431183,1348,2,,429131,<20190405,322+323,322+323,210,6464644,Regumatorp,Öppen,dp,Driftplats,10418,Rmtp
1951,e0e56cec-f4d1-4cd9-bb89-a7098ee00ccb,20251128,99991231,0.790074153935202,1348,2,,429131,<20190405,322+323,322+323,210,6464644,Regumatorp,Öppen,dp,Driftplats,10418,Rmtp
1952,baa7dff1-ea64-469d-8536-5196f5ffd486,20251128,99991231,0.53549067489662,36,2,,322050,<20190405,469+290,469+290,5,6408268,Agnesberg,Öppen,dp,Driftplats,112,Agb
1953,38f33a5c-81fc-472a-9589-71b5ebe90d1a,20251128,99991231,0.467126860191613,36,2,,322050,<20190405,469+290,469+290,5,6408268,Agnesberg,Öppen,dp,Driftplats,112,Agb
1954,d21c8a30-8f7f-48b9-86f5-0e347fee1a0a,20251128,99991231,0.522135684086847,178,2,,592621,<20190405,284+450,284+450,87,6777338,Holmsveden,Öppen,dp,Driftplats,1544,Hdn
1955,b8bb1edc-cf26-4915-9bcb-a4c78b24bbe5,20251128,99991231,0.528032829562665,178,2,,592621,<20190405,284+450,284+450,87,6777338,Holmsveden,Öppen,dp,Driftplats,1544,Hdn
1956,fc154eb7-ca59-41e1-94ad-63febcd893fa,20251128,99991231,0.210923601143444,178,2,,592621,<20190405,284+450,284+450,87,6777338,Holmsveden,Öppen,dp,Driftplats,1544,Hdn
1957,b68961fc-7ac8-4dba-9859-5cd48fb5dcc6,20251128,99991231,0.51757929995383,506,2,,583078,<20190405,93+642,93+642,32,6573835,Hållsta,Öppen,dp,Driftplats,10214,Hål
1958,792007e7-c114-4bab-82c9-05066ec05351,20251128,99991231,0.45658216437309,73,2,,597298,<20190405,23+215,23+215,70,6721135,Sandviken,Öppen,dp,Driftplats,3389,Snv
1959,f6489a27-e5c1-4b32-acf0-9cd62fa9934e,20251128,99991231,0.657240462214364,884,2,Stor,448782,<20190405,44+20,44+20,200,6373168,Vaggeryd,Öppen,dp,Driftplats,4374,Vgd
1960,2b6a3155-7f99-4a33-b5f2-bc8dc41b1b58,20251128,99991231,0.495684538989699,884,2,Stor,448782,<20190405,44+20,44+20,200,6373168,Vaggeryd,Öppen,dp,Driftplats,4374,Vgd
1961,aae3d4dc-65ce-4699-a854-d1f00f149d34,20251128,99991231,0.623446624782368,42,2,,376124,<20190405,619+821,620+0,8,6164075,Östervärn,Öppen,dpd,Driftplatsdel,10632,Övn
1962,dfa4b015-0ef1-48b7-bd9f-0ae03188ac47,20251128,99991231,0.348604538853089,742,2,Stor,334135,<20190405,74+778,74+778,2,6334962,Varbergs godsbangård,Öppen,dpd,Driftplatsdel,10718,Vbgb
1963,d586bc8d-50a1-4cdf-8114-2c9b6ac16a5f,20251128,99991231,0.438229070970153,611,2,,449426,<20190405,274+521,274+521,93,6507486,Töreboda,Öppen,dp,Driftplats,4297,T
1964,601cf7fc-13bd-4901-897b-632c29c23162,20251128,99991231,0.325851233735659,611,2,,449426,<20190405,274+521,274+521,93,6507486,Töreboda,Öppen,dp,Driftplats,4297,T
1965,5b8fc1b4-89a2-4cc7-89dd-9d4fb3f90074,20251128,99991231,0.847519434799351,2106,2,,416154.04,<20190405,552+228,552+228,95,6209037.7,Vätteryd,Öppen,dp,Driftplats,10668,Väd
1966,aee52191-d986-4c49-b018-975b9740c97e,20251128,99991231,0.847506086092376,2106,2,,416154.04,<20190405,552+228,552+228,95,6209037.7,Vätteryd,Öppen,dp,Driftplats,10668,Väd
1967,6006d554-0adb-4ae1-9f54-e86721eda020,20251128,99991231,0.488248358758629,195,2,,534206,<20190405,438+30,438+30,303,6901003,Norrhög,Öppen,dp,Driftplats,10387,Ng
1968,f678a35d-d89b-4419-b404-9bd2c263f95b,20251128,99991231,0.453474661963855,620,2,,431970,<20190405,38+993,38+993,48,6508497,Mariestad,Öppen,dp,Driftplats,2652,Mst
1969,e902033b-145e-4db7-9385-44445c8c6e9d,20251128,99991231,0.501035215754995,127,2,,559798,<20190405,65+459,65+459,182,6717319,Långsjön,Öppen,dp,Driftplats,10337,Lsj
1970,"09f0f760-3860-4a86-918f-586b730835e8",20251128,99991231,0.499229208240196,411,2,,619622,<20190405,677+890,677+890,247,7025206,Grönåsen,Öppen,dp,Driftplats,10158,Gnå
1971,5497b626-5458-438e-8ec1-08473266849f,20251128,99991231,0.49846206257636,2403,2,,379116,"20200823",281+0,281+0,18,6179652,Stävie,Öppen,dp,Driftplats,10696,Sie
1972,fa0c4938-b82f-423e-a378-6b3bcc4109dc,20251128,99991231,0.501281995797561,413,2,,622372,<20190405,685+167,685+167,286,7028991,Stormyran,Öppen,dp,Driftplats,10502,Som
1973,8441571a-68dc-4917-8bb2-0595f6e19b7f,20251128,99991231,0.475569286165397,107,2,,505473,<20190405,444+49,444+49,115,6628805,Rällså,Öppen,dp,Driftplats,10441,Rlå
1974,7a1c5a46-93a1-4b6e-b608-7f0972e77b6a,20251128,99991231,0.124465776917651,598,2,,512022,<20190405,224+164,224+164,27,6571051,Örebro central,Öppen,dp,Driftplats,4878,Ör
1975,c2bac5a4-8b3d-4769-bf07-0e10e6d3125f,20251128,99991231,0.658615394031052,598,2,,512022,<20190405,224+164,224+164,27,6571051,Örebro central,Öppen,dp,Driftplats,4878,Ör
1976,953b44d2-5883-4da3-a5ff-19d451568db8,20251128,99991231,0.905547569021519,598,2,,512022,<20190405,224+164,224+164,27,6571051,Örebro central,Öppen,dp,Driftplats,4878,Ör
1977,2a851b63-500b-4b32-94a2-78637bbf9831,20251128,99991231,0.432126911105454,598,2,,512022,<20190405,224+164,224+164,27,6571051,Örebro central,Öppen,dp,Driftplats,4878,Ör
1978,c78cd12d-559f-4b64-a279-50bd719c129b,20251128,99991231,0.500674747038559,470,2,,498721,<20190405,284+628,284+628,151,6444939,Sommen,Öppen,dp,Driftplats,10482,Smn
1979,2c1b5b3b-3922-4d85-83b4-2bcbf92db50f,20251128,99991231,0.499121409107793,179,2,,589993,<20190405,290+578,290+578,95,6783440,Röstbo,Öppen,dp,Driftplats,10445,Rbo
1980,77bf1839-5bc7-4b55-a6c1-06814a118288,20251128,99991231,0.388821889450091,582,2,,566295,<20190405,129+239,129+239,74,6628396,Brattheden,Öppen,dp,Driftplats,3157,Brh
1981,2b15d063-2890-4ec5-bd40-0106af7df9ed,20251128,99991231,0.548432011789536,266,2,,614057,<20190405,516+732,516+732,27,7006212,Sollefteå,Öppen,dp,Driftplats,3651,Stå
1982,c9d7375e-df33-433c-b9b5-d4ecd384b589,20251128,99991231,0.475764253093856,529,2,,645499,<20190405,8+113,8+113,33,6545700,Hölö,Öppen,dp,Driftplats,10232,Hlö
1983,"0e052146-41c9-41e6-8b04-26cb10e2fe17",20251128,99991231,0.515057332374352,529,2,,645499,<20190405,8+113,8+113,33,6545700,Hölö,Öppen,dp,Driftplats,10232,Hlö
1984,973994b4-9fa4-4271-abf5-e895cf1335b4,20251128,99991231,0.38767470486529,693,2,,343207,<20190405,26+199,26+199,47,6473870,Vänersborg central,Öppen,dp,Driftplats,4590,Vg
1985,e4d8ecbb-3ee7-4d37-9f30-b2afb52a511b,20251128,99991231,0.703883351233857,693,2,,343207,<20190405,26+199,26+199,47,6473870,Vänersborg central,Öppen,dp,Driftplats,4590,Vg
1986,9b1277be-b9f8-441c-9971-28c36de19780,20251128,99991231,0.46256385727433,1307,2,Stor,587636,<20190405,110+854,110+854,4,6608747,Västerås central,Öppen,dpd,Driftplatsdel,4629,Vå
1987,f8115e53-aa8c-41ab-b5ec-f733bbd1cad7,20251128,99991231,0.48847122437938,1307,2,Stor,587636,<20190405,110+854,110+854,4,6608747,Västerås central,Öppen,dpd,Driftplatsdel,4629,Vå
1988,"0004502c-cb0b-421d-8542-a0294dfd8001",20251128,99991231,0.466013997413393,1307,2,Stor,587636,<20190405,110+854,110+854,4,6608747,Västerås central,Öppen,dpd,Driftplatsdel,4629,Vå
1989,4007b3ad-3cf2-4482-9bff-84b5938bf5fc,20251128,99991231,0.524628872525376,1307,2,Stor,587636,<20190405,110+854,110+854,4,6608747,Västerås central,Öppen,dpd,Driftplatsdel,4629,Vå
1990,e7292f28-ecce-4efe-ad13-0037e0d24bef,20251128,99991231,0.735068325590711,84,2,,572694,<20190405,171+232,171+232,74,6675131,Fors,Öppen,dp,Driftplats,923,Fs
1991,27c582bf-cf37-4356-b02d-7afd9541e9da,20251128,99991231,0.656037664303005,3,2,,504438,<20190405,90+183,90+183,184,6718099,Gagnef,Öppen,dp,Driftplats,1040,Gnf
1992,c4397c1e-0aa6-45ac-b6c0-90d70b0ab6e8,20251128,99991231,0.609423000173113,434,2,,668912,<20190405,6+394,6+394,11,6584003,Sundbyberg,Öppen,dpd,Driftplatsdel,3860,Sub
1993,832814a0-339b-46cc-9b62-37ee299cc68a,20251128,99991231,0.636018433748754,434,2,,668912,<20190405,6+394,6+394,11,6584003,Sundbyberg,Öppen,dpd,Driftplatsdel,3860,Sub
1994,be9510da-7380-41d5-8c7d-5acd902bba56,20251128,99991231,0.495896874977624,772,2,,348250,<20190405,185+997,185+997,18,6359575,Horred,Öppen,dp,Driftplats,1558,Hre
1995,3e3a6767-d666-45d6-8923-4eec4592ee3e,20251128,99991231,0.211908456924809,772,2,,348250,<20190405,185+997,185+997,18,6359575,Horred,Öppen,dp,Driftplats,1558,Hre
1996,170f0815-ac56-48b7-a736-6eb948815958,20251128,99991231,0.547557511626413,910,2,,370007,<20190405,59+288,59+402,21,6217236,Bjuv,Öppen,dp,Driftplats,306,Bjuv
1997,a8202853-535a-4d93-9757-0faca4d3da92,20251128,99991231,0.258794116079721,910,2,,370007,<20190405,59+288,59+402,21,6217236,Bjuv,Öppen,dp,Driftplats,306,Bjuv
1998,e2f8dd1a-17c9-4fdb-820a-5738dc53d7d7,20251128,99991231,0.472972972972973,2346,2,,668187,<20190405,2+879,2+880,0,6579789,Ålstensgatan,Öppen,xhp,Hållplats på NJDB-nätet. Får ej anv på TRV spår,0,wÅls
1999,4fb9f74f-cd5c-416e-a3f2-08ef85aac788,20251128,99991231,0.457516339869281,2346,2,,668187,<20190405,2+879,2+880,0,6579789,Ålstensgatan,Öppen,xhp,Hållplats på NJDB-nätet. Får ej anv på TRV spår,0,wÅls
2000,88b7fd25-fee8-4ebf-83ea-9a760deae65f,20251128,99991231,0.494361319094385,1844,2,,670580,<20190405,4+650,4+655,18,6583400,Huvudsta,Öppen,dpd,Driftplatsdel,10212,Huv
2001,26e4e53c-cb4e-48c8-8aa9-50342dd3ad20,20251128,99991231,0.991911863901814,2380,2,,668503,"20190418",5+300,5+300,9,6535864,Kvarnängen,Öppen,dpd,Driftplatsdel,10684,Kng
2002,899e0449-cf80-4888-86d7-5dd36e0f6f32,20251128,99991231,0.825540866331051,448,2,,664013,<20190405,24+266,24+266,4,6601588,Upplands Väsby,Öppen,dp,Driftplats,4348,Upv
2003,b32e0f13-22cd-41d8-a8a2-cfa27ceefdff,20251128,99991231,0.556282667708655,448,2,,664013,<20190405,24+266,24+266,4,6601588,Upplands Väsby,Öppen,dp,Driftplats,4348,Upv
2004,e08f7f0f-3c68-46a8-98cf-9150341beae1,20251128,99991231,0.526945844298185,448,2,,664013,<20190405,24+266,24+266,4,6601588,Upplands Väsby,Öppen,dp,Driftplats,4348,Upv
2005,2e3838e3-9bcb-4056-8a51-e36448d23850,20251128,99991231,0.962999386772479,448,2,,664013,<20190405,24+266,24+266,4,6601588,Upplands Väsby,Öppen,dp,Driftplats,4348,Upv
2006,"017b0582-bbfd-47c2-800f-627158646d5c",20251128,99991231,0.344012350738166,305,2,,657629,<20190405,1505+777,1505+777,389,7586635,Abisko östra,Öppen,dp,Driftplats,106,Ak
2007,98136d96-3b19-4e76-be50-a4f24fc9b91d,20251128,99991231,0.344012350738166,305,2,,657629,<20190405,1505+777,1505+777,389,7586635,Abisko östra,Öppen,dp,Driftplats,106,Ak
2008,7b8b2aee-1ec5-402e-a727-d7621aa8d36a,20251128,99991231,0.806470686764301,296,2,Stor,718373,<20190405,1414+298,1414+326,505,7537363,Kiruna malmbangård,Öppen,dpd,Driftplatsdel,2007,Kmb
2009,3d5f1002-ec66-4f72-a820-5a2d6e6fab19,20251128,99991231,0.695418416364676,296,2,Stor,718373,<20190405,1414+298,1414+326,505,7537363,Kiruna malmbangård,Öppen,dpd,Driftplatsdel,2007,Kmb
2010,bf6ee505-6e6b-4742-8e7b-157b3cf34de4,20251128,99991231,0.226332480600811,169,2,Stor,574440,<20190405,317+247,317+247,58,6802509,Bollnäs,Öppen,dp,Driftplats,411,Bn
2011,a2156543-acb8-4431-b0d6-32555ed87b3a,20251128,99991231,0.510620674799563,553,2,Stor,569699,<20190405,130+133,130+133,17,6603534,Kolbäck,Öppen,dp,Driftplats,2062,Kbä
2012,943ef2e1-629c-4ab6-b20e-66d267e795f7,20251128,99991231,0.357999120016644,553,2,Stor,569699,<20190405,130+133,130+133,17,6603534,Kolbäck,Öppen,dp,Driftplats,2062,Kbä
2013,97ecb7d0-0861-4e91-9d62-e9200d6d6477,20251128,99991231,0.601129235934191,632,2,,434849,<20190405,307+210,307+210,56,6583110,Väse,Öppen,dp,Driftplats,4609,Ve
2014,f0db85ff-6880-4a86-a9dc-e6e5c6c17b73,20251128,99991231,0.276558086416809,136,2,Stor,429560,<20190405,194+655,194+655,303,6728238,Malung,Öppen,dp,Driftplats,2634,Mlg
2015,131ed3e0-39cf-4156-8c7a-3f764b1f39f2,20251128,99991231,0.138831210441715,569,2,,648991,<20190405,36+387,36+387,14,6600050,Bro,Öppen,dpd,Driftplatsdel,477,Bro
2016,6aec41d1-f953-4ed0-a353-31b95b71fb08,20251128,99991231,0.129443685633383,569,2,,648991,<20190405,36+387,36+387,14,6600050,Bro,Öppen,dpd,Driftplatsdel,477,Bro
2017,"0133ca3b-7e58-4072-9d63-67ce317029c7",20251128,99991231,0.500009225803227,1490,2,,619747,<20190405,39+873,39+873,16,6574277,Grundbro,Öppen,dp,Driftplats,10152,Gru
2018,4c206805-569a-4316-b2fd-7572ab055afa,20251128,99991231,0.578525421313612,351,2,Stor,739417,<20190405,968+177,968+177,242,7194482,Bastuträsk,Öppen,dp,Driftplats,253,Bst
2019,1cf05a05-934f-4b5a-b68a-c9ea5c070cc3,20251128,99991231,0.284091368197746,351,2,Stor,739417,<20190405,968+177,968+177,242,7194482,Bastuträsk,Öppen,dp,Driftplats,253,Bst
2020,5a91e3df-f159-4322-ac66-fad5ace67bd2,20251128,99991231,0.588155522637841,1315,2,,585115,<20190405,113+800,113+800,9,6607342,Västerås västra,Öppen,dpd,Driftplatsdel,4633,Våv
2021,"0ed7fd13-b529-490d-ad38-b6c399d0adff",20251128,99991231,0.574914372457709,1315,2,,585115,<20190405,113+800,113+800,9,6607342,Västerås västra,Öppen,dpd,Driftplatsdel,4633,Våv
2022,d7c9095c-c340-478c-9867-edac6c310d7d,20251128,99991231,0.500381729061781,394,2,,872513,<20190405,38+560,38+560,15,7328251,Kalix östra,Öppen,dp,Driftplats,1907,Klx
2023,388ad8c5-23d4-406d-a1f4-688c56ea1a51,20251128,99991231,0.431625371112935,417,2,,656867,<20190405,728+327,728+327,176,7036977,Anundsjö,Öppen,dp,Driftplats,10009,Anö
2024,"0b18bfad-fb7f-4248-b3f7-a209b4a7134d",20251128,99991231,0.358546914161572,628,2,,479732,<20190405,240+775,240+775,78,6549642,Hasselfors,Öppen,dp,Driftplats,10189,Hs
2025,2c84c775-4dfe-43eb-ad55-e268ac131a7a,20251128,99991231,0.226688379052806,628,2,,479732,<20190405,240+775,240+775,78,6549642,Hasselfors,Öppen,dp,Driftplats,10189,Hs
2026,820d4264-c3e3-4642-8a90-74dd25956007,20251128,99991231,0.288257816943371,280,2,,758491,<20190405,1274+775,1274+775,343,7424764,Kilvo,Öppen,dp,Driftplats,10267,Klv
2027,1829b72b-59ea-4c4a-9255-3c8f321c0041,20251128,99991231,0.288031972929621,280,2,,758491,<20190405,1274+775,1274+775,343,7424764,Kilvo,Öppen,dp,Driftplats,10267,Klv
2028,da25ed79-4c4c-434a-b847-a6e9ab8312bf,20251128,99991231,0.465518760048789,578,2,,589236,<20190405,106+192,106+192,41,6613051,Västerås norra,Öppen,dp,Driftplats,4632,Vån
2029,909abf30-495e-4017-b5cd-34d048fd9c98,20251128,99991231,0.744563042763683,578,2,,589236,<20190405,106+192,106+192,41,6613051,Västerås norra,Öppen,dp,Driftplats,4632,Vån
2030,317c5b78-a4b2-4c31-bea0-ff5b939b8593,20251128,99991231,0.785114062355838,451,2,,662607,<20190405,31+584,31+584,23,6608649,Rosersberg,Öppen,dp,Driftplats,3226,Rs
2031,45588b1b-cf5e-45c6-a80b-f41bd784723b,20251128,99991231,0.815431802322305,451,2,,662607,<20190405,31+584,31+584,23,6608649,Rosersberg,Öppen,dp,Driftplats,3226,Rs
2032,ee71a4e4-b698-4802-afe4-fcfa8e43dde6,20251128,99991231,0.77184868558671,1998,2,,881778,<20190405,50+104,50+104,25,7328630,Stensundberget,Öppen,dp,Driftplats,10492,Set
2033,3bce4efa-74e7-449d-a46e-805fcfb6f3e7,20251128,99991231,0.515384762103741,2159,2,,679979,<20190405,5+616,5+616,0,6578300,Lillängen,Öppen,xhp,Hållplats på NJDB-nätet. Får ej anv på TRV spår,0,xLiä
2034,bbd81e3f-9b5b-4e36-bf6e-3c3866ae0ebb,20251128,99991231,0.27648090365607,537,2,,677618,<20190405,32+338,32+338,35,6557882,Västerhaninge,Öppen,dp,Driftplats,4617,Vhe
2035,12f118b8-b018-4063-82c0-adcc0d3ed583,20251128,99991231,0.432046405487109,537,2,,677618,<20190405,32+338,32+338,35,6557882,Västerhaninge,Öppen,dp,Driftplats,4617,Vhe
2036,913178ab-a8d0-47fb-b866-71079c335647,20251128,99991231,0.391939347897321,486,2,,579014,<20190405,96+704,96+704,45,6504633,Kolmården,Öppen,dp,Driftplats,2066,Kon
2037,1617f36b-a530-4fe4-9f12-87f4d18a9bd7,20251128,99991231,0.499240209464817,409,2,,610864,<20190405,666+304,666+304,140,7021703,Selsjön,Öppen,dp,Driftplats,10454,Slj
2038,b384f9f5-3a78-4ce0-8166-02f747bb283e,20251128,99991231,0.367123660793201,1924,2,,374018,<20190405,2+474,2+534,-17,6162537,Triangeln,Öppen,dpd,Driftplatsdel,1586,Tri
2039,a1909835-4c12-4044-ab69-cc231421b45f,20251128,99991231,0.374483692333108,1924,2,,374018,<20190405,2+474,2+534,-17,6162537,Triangeln,Öppen,dpd,Driftplatsdel,1586,Tri
2040,9b92123a-87b4-4395-a88a-1f0cc56d7461,20251128,99991231,0.637190898063688,783,2,,388343,<20190405,21+146,21+146,48,6152619,Svedala,Öppen,dp,Driftplats,3904,Sea
2041,d605f7cb-fcb1-4a3c-bddf-d64cb3952da6,20251128,99991231,0.524184507917437,717,2,,384899,<20190405,101+818,101+818,169,6428860,Ljung,Öppen,dp,Driftplats,2432,Lju
2042,837de32c-4567-4d7f-9f43-fb5d30276e57,20251128,99991231,0.622444076812935,189,2,,553271,<20190405,387+211,387+211,158,6859809,Tallåsen,Öppen,dp,Driftplats,10528,Tl
2043,337579ec-88cd-4cf1-af2d-7009a5a3c258,20251128,99991231,0.60463502830046,189,2,,553271,<20190405,387+211,387+211,158,6859809,Tallåsen,Öppen,dp,Driftplats,10528,Tl
2044,95d28715-67a6-4b27-a3d3-d418c4b3be04,20251128,99991231,0.414241881055306,580,2,,578515,<20190405,121+60,121+60,16,6604520,Dingtuna,Öppen,dp,Driftplats,682,Dt
2045,86b83cc4-2fe9-4be9-bb84-ef6927958480,20251128,99991231,0.531679168366435,580,2,,578515,<20190405,121+60,121+60,16,6604520,Dingtuna,Öppen,dp,Driftplats,682,Dt
2046,33e19a7b-0435-4dca-9514-3c27eb0ba6f8,20251128,99991231,0.499976736499078,171,2,,592499,<20190405,245+178,245+178,118,6740732,Medskogsheden,Öppen,dp,Driftplats,10356,Msn
2047,7da11c19-1e5c-45ff-9266-261b42a1256c,20251128,99991231,0.981256763300436,207,2,,515888,<20190405,526+2,526+2,292,6966253,Stavre,Öppen,dp,Driftplats,3696,Stv
2048,ed7f5385-60d6-4b55-9a83-7db2556ea9f2,20251128,99991231,0.461043044776123,207,2,,515888,<20190405,526+2,526+2,292,6966253,Stavre,Öppen,dp,Driftplats,3696,Stv
2049,7d00c996-2e71-4dae-8904-bae9549107b4,20251128,99991231,0.576840583747453,1639,2,,622995,<20190405,6+850,6+850,4,6923926,Fillan,Öppen,dp,Driftplats,10103,Fil
2050,b842e5b9-7141-409a-8072-7f8f943f9799,20251128,99991231,0.283674425852573,613,2,,439371,<20190405,298+158,298+158,75,6486125,Väring,Öppen,dp,Driftplats,10595,Vä
2051,9c7b1a23-760b-4ca6-8ea8-e4f9cd467dfb,20251128,99991231,0.125983586776935,613,2,,439371,<20190405,298+158,298+158,75,6486125,Väring,Öppen,dp,Driftplats,10595,Vä
2052,a316c437-cb92-4cc7-972f-c14d00beecd5,20251128,99991231,0.405526391930902,2400,2,,379179,"20200826",611+368,611+368,7,6167787,Burlöv,Öppen,dpd,Driftplatsdel,544,Blv
2053,a3652628-34a5-480c-8e43-461c2608449d,20251128,99991231,0.592730894737342,2400,2,,379179,"20200826",611+368,611+368,7,6167787,Burlöv,Öppen,dpd,Driftplatsdel,544,Blv
2054,5dcc21c5-7b26-4f90-889f-4894124e898d,20251128,99991231,0.277696986954058,374,2,,787450,<20190405,27+514,27+514,26,7277419,Arnemark,Öppen,dp,Driftplats,10014,Amk
2055,8ee249f9-1a79-4979-9374-2085061cf268,20251128,99991231,0.829697752207366,19,2,,321386,<20190405,4+967,4+967,4,6397481,Almedal,Öppen,dpd,Driftplatsdel,10003,Am
2056,25bced62-3cd5-4600-81ce-2a2e54830a74,20251128,99991231,0.014041055055955,19,2,,321386,<20190405,4+967,4+967,4,6397481,Almedal,Öppen,dpd,Driftplatsdel,10003,Am
2057,d726a070-c9ea-4f08-9e06-ae12f7536513,20251128,99991231,0.494480513066934,505,2,,583297,<20190405,88+854,88+854,43,6569101,Bälgviken,Öppen,dp,Driftplats,10072,Bgv
2058,bb35ef82-25c7-44ff-b006-cc28df88f629,20251128,99991231,0.556962025316456,2173,2,,687190,<20190405,15+142,15+142,0,6575060,Erstaviksbadet,Öppen,xhp,Hållplats på NJDB-nätet. Får ej anv på TRV spår,0,xEvb
2059,aa447a35-43a1-47e0-b432-c3f80b512387,20251128,99991231,0.352711576661051,464,2,,679983,<20190405,44+186,44+186,40,6568735,Skogås,Öppen,dp,Driftplats,3533,Skg
2060,547198e3-bded-4cc2-b576-ca69995b0f9d,20251128,99991231,0.389727750695278,464,2,,679983,<20190405,44+186,44+186,40,6568735,Skogås,Öppen,dp,Driftplats,3533,Skg
2061,22a713de-e76b-4378-abfc-b9b21c6bc29a,20251128,99991231,0.467900118259434,718,2,,370633,<20190405,391+300,391+300,106,6434276,Vårgårda,Öppen,dp,Driftplats,4579,Vgå
2062,74c62ce6-f149-4e18-9ec6-a56da9a8a771,20251128,99991231,0.515789606988042,718,2,,370633,<20190405,391+300,391+300,106,6434276,Vårgårda,Öppen,dp,Driftplats,4579,Vgå
2063,1ae0815f-1c11-45ef-a221-47a7a243abf7,20251128,99991231,0.662762825005762,5,2,,554221,<20190405,22+937,22+937,108,6682341,Hedemora,Öppen,dp,Driftplats,1439,Hdm
2064,a336e1ba-1cd2-496f-b682-3d821a9e1680,20251128,99991231,0.222881299237998,1846,2,,670491,<20190405,6+835,6+836,11,6586185,Ulriksdal,Öppen,dpd,Driftplatsdel,4326,Udl
2065,367de6a4-6adb-4421-9c0c-d2a1d007f5eb,20251128,99991231,0.561100276134139,1846,2,,670491,<20190405,6+835,6+836,11,6586185,Ulriksdal,Öppen,dpd,Driftplatsdel,4326,Udl
2066,80f60633-88d9-4744-ab7f-cab42ef944ab,20251128,99991231,0.269604168837302,1846,2,,670491,<20190405,6+835,6+836,11,6586185,Ulriksdal,Öppen,dpd,Driftplatsdel,4326,Udl
2067,5fbc0182-7c4e-4c74-bb7a-3ea15ad7e6e2,20251128,99991231,0.452930688444684,1846,2,,670491,<20190405,6+835,6+836,11,6586185,Ulriksdal,Öppen,dpd,Driftplatsdel,4326,Udl
2068,72585aac-8e96-4735-96de-a6a3f23c1ee9,20251128,99991231,0.394672462655287,1846,2,,670491,<20190405,6+835,6+836,11,6586185,Ulriksdal,Öppen,dpd,Driftplatsdel,4326,Udl
2069,963311d3-a501-4519-ba21-81f9bf9f72a9,20251128,99991231,0.970688686467654,905,2,Stor,367011.405,<20190405,216+848,216+848,5,6235508.226,Ängelholm,Öppen,dp,Driftplats,4828,Ä
2070,1ab68eb1-8a59-4382-b8bb-ec637817cbb6,20251128,99991231,0.348186957882881,905,2,Stor,367011.405,<20190405,216+848,216+848,5,6235508.226,Ängelholm,Öppen,dp,Driftplats,4828,Ä
2071,724a1cc2-a4aa-40a9-ab5b-01c7475c1440,20251128,99991231,0.519771753813841,2185,2,,483886,<20190405,127+656,127+656,189,6632898,Kejsarbäcken,Öppen,dp,Driftplats,10646,Keb
2072,bf28e3c4-fabc-4028-92ad-d439ee6567b0,20251128,99991231,0.106312341921769,1125,2,,442923,<20190405,72+623,72+623,164,6346622,Hörle,Öppen,dp,Driftplats,1757,Hrl
2073,45888e16-7c28-4587-80e6-cf617533ffa3,20251128,99991231,0.96904721819342,501,2,,591460,<20190405,61+500,61+500,33,6547998,Flens övre,Öppen,dp,Driftplats,10109,Fsö
2074,efe6cd10-9b02-4c3f-8dab-d28affcdd3f2,20251128,99991231,0.494883300367641,370,2,,759099,<20190405,1074+640,1074+640,204,7284504,Storsund,Öppen,dp,Driftplats,10503,Sts
2075,2f486a90-ae69-49bb-8fbd-2afccc1992dc,20251128,99991231,0.54993834944621,1534,2,,667991,<20190405,17+457,17+457,40,6547018,Segersäng,Öppen,dp,Driftplats,3401,Ssä
2076,7896b5cb-f413-4aa3-8cd8-ead81a23932f,20251128,99991231,0.550218908574954,196,2,,535372,<20190405,446+487,446+487,318,6908658,Mellansjö,Öppen,dp,Driftplats,10357,Msö
2077,9f94849a-6b8f-47ab-bd62-8902fa1968de,20251128,99991231,0.406463505855552,792,2,,393873,<20190405,583+914,584+24,66,6189313,Eslöv,Öppen,dp,Driftplats,816,E
2078,81b0ca8e-3017-43c4-b272-fe2e293c2826,20251128,99991231,0.392018698081927,792,2,,393873,<20190405,583+914,584+24,66,6189313,Eslöv,Öppen,dp,Driftplats,816,E
2079,833877fc-0dfb-4e61-8bff-7e3259e397e8,20251128,99991231,0.252393966622572,792,2,,393873,<20190405,583+914,584+24,66,6189313,Eslöv,Öppen,dp,Driftplats,816,E
2080,b407b846-a768-4d91-8f6b-ec3d2486246c,20251128,99991231,0.322580150792905,792,2,,393873,<20190405,583+914,584+24,66,6189313,Eslöv,Öppen,dp,Driftplats,816,E
2081,2ffcf490-464f-4135-8b8f-b6ce3f7a0f44,20251128,99991231,0.500290103807779,2393,2,,416376,"20190825",341+451,341+451,206,6451316,Falköpings norra,Öppen,dpd,Driftplatsdel,10690,Fn
2082,a314a3bf-24cb-4b2a-980a-35a53f3830f3,20251128,99991231,0.500289412413101,2393,2,,416376,"20190825",341+451,341+451,206,6451316,Falköpings norra,Öppen,dpd,Driftplatsdel,10690,Fn
2083,4f641991-201e-46a4-b711-d14171788da4,20251128,99991231,0.253259366367977,638,2,,389860,<20190405,365+982,365+982,81,6603750,Högboda,Öppen,dp,Driftplats,1728,Hbd
2084,b407f198-cc83-4570-9a04-93fef3decb83,20251128,99991231,0.499711530640971,1956,2,,643349,<20190405,10+477,10+477,45,6561610,Almnäs,Öppen,dp,Driftplats,10004,Alä
2085,aa5d3fcb-b11d-4672-8cff-44d1538b0f8b,20251128,99991231,0.712980606142511,1002,2,,378403,<20190405,612+380,612+445,3,6167023,Arlöv,Öppen,dpd,Driftplatsdel,177,Al
2086,1c1d1c7b-e82f-4ca1-a409-90d1363854b2,20251128,99991231,0.892269394893762,1002,2,,378403,<20190405,612+380,612+445,3,6167023,Arlöv,Öppen,dpd,Driftplatsdel,177,Al
2087,2fe8a26e-941e-4deb-ab25-93685d2d7e7a,20251128,99991231,0.969747496117819,1002,2,,378403,<20190405,612+380,612+445,3,6167023,Arlöv,Öppen,dpd,Driftplatsdel,177,Al
2088,464a5073-6b57-42e0-8dc4-1e8aba8af931,20251128,99991231,0.29996131356685,384,2,,822832,<20190405,1170+696,1171+167,7,7297961,Gammelstad,Öppen,dp,Driftplats,1048,Gst
2089,5459f178-6b6a-42e1-9aea-663e09e9a288,20251128,99991231,0.666957476294584,384,2,,822832,<20190405,1170+696,1171+167,7,7297961,Gammelstad,Öppen,dp,Driftplats,1048,Gst
2090,db0c97ae-616d-4984-a43d-b29c445d449d,20251211,99991231,0.343486784500327,1245,2,,361911.648,<20190405,230+470,230+470,10,6223971.934,Kattarp,Öppen,dp,Driftplats,1971,Ka
2091,274af90d-8a1e-404e-b910-bd37ae9da178,20251211,99991231,0.513229579082994,1245,2,,361911.648,<20190405,230+470,230+470,10,6223971.934,Kattarp,Öppen,dp,Driftplats,1971,Ka
2092,39e5f196-3c6e-487a-9199-9507407768cc,20251128,99991231,0.48607472474096,570,2,,643031,<20190405,45+421,45+421,23,6606187,Bålsta,Öppen,dp,Driftplats,557,Bål
2093,f5aaf4e3-aa2b-4358-b857-8702d29ac71c,20251128,99991231,0.424625639230489,570,2,,643031,<20190405,45+421,45+421,23,6606187,Bålsta,Öppen,dp,Driftplats,557,Bål
2094,8cdcdfaf-774d-494f-a0a2-b3fa72e71117,20251128,99991231,0.499475385103525,377,2,,784589,<20190405,1116+521,1116+521,91,7309851,Brännberg,Öppen,dp,Driftplats,10063,Brg
2095,c5657bb3-9d02-4002-9895-a521f158e821,20251128,99991231,0.696427290410903,566,2,Stor,589691,<20190405,128+36,128+36,52,6644223,Sala,Öppen,dp,Driftplats,3352,Sl
2096,a02df57f-cee8-4bd1-81ca-4664bd5fb06c,20251128,99991231,0.545904799259751,105,2,,512909,<20190405,419+210,419+210,68,6606277,Lindesberg,Öppen,dp,Driftplats,2403,Ld
2097,1dd8587d-5384-4104-935b-54c441958591,20251128,99991231,0.500166553128402,1488,2,,633358,<20190405,23+39,23+39,44,6565713,Ryssjöbrink,Öppen,dp,Driftplats,10436,Ryb
2098,889a3bb3-71e0-4e9e-8bc1-ee45f01f95bd,20251128,99991231,0.502295888946962,1488,2,,633358,<20190405,23+39,23+39,44,6565713,Ryssjöbrink,Öppen,dp,Driftplats,10436,Ryb
2099,a755bc17-efb6-4a5b-beab-f4cf3c3e3cbd,20251128,99991231,0.893948062424874,2103,2,,358034,<20190405,2+893,2+910,8,6211439,Helsingborgs godsbangård,Öppen,dpd,Driftplatsdel,1690,Hbgb
2100,6a6ea15c-5a0c-4ee9-aa1e-14768c1c3a6b,20251128,99991231,0.874248436914142,2103,2,,358034,<20190405,2+893,2+910,8,6211439,Helsingborgs godsbangård,Öppen,dpd,Driftplatsdel,1690,Hbgb
2101,beebda86-5599-4d84-b49b-035f64c43f5e,20251128,99991231,0.499842414538179,1379,2,,481693,<20190405,343+114,343+114,289,6396204,Vimnarp,Öppen,dp,Driftplats,10583,Vim
2102,bc1ef127-586b-4722-a037-a2827669d51e,20251128,99991231,0.677351028599817,1379,2,,481693,<20190405,343+114,343+114,289,6396204,Vimnarp,Öppen,dp,Driftplats,10583,Vim
2103,73f11e9c-a59a-4e12-801b-3b8fcc646883,20251128,99991231,0.501877808683058,1535,2,,670634,<20190405,22+737,22+737,43,6551515,Hemfosa,Öppen,dp,Driftplats,1460,Hfa
2104,"0d7266eb-e015-44b7-adf8-c338283db070",20251128,99991231,0.524303681008845,74,2,,588766,<20190405,32+83,32+83,70,6719591,Kungsgården,Öppen,dp,Driftplats,10295,Kgd
2105,92ca3b09-b1ba-4af5-9d75-508cd34946a3,20251128,99991231,0.395321603609906,142,2,Stor,476160,<20190405,181+416,181+416,167,6763838,Mora central,Öppen,dpd,Driftplatsdel,2722,Mrc
2106,9a2dd152-63c6-457d-9cff-0da16c1fd889,20251128,99991231,0.499033410813136,416,2,,648616,<20190405,718+245,718+245,216,7036003,Kälvattnet,Öppen,dp,Driftplats,10300,Käv
2107,47bde650-2367-4451-bbf6-d808cec56672,20251128,99991231,0.127819065112121,106,2,,507917,<20190405,434+258,434+258,75,6620113,Storå,Öppen,dp,Driftplats,10505,Sr
2108,546d6802-bd0c-455f-995c-a838aeb379fa,20251128,99991231,0.49905184520168,558,2,,651496,<20190405,61+246,61+246,2,6635465,Säby,Öppen,dp,Driftplats,10519,Säy
2109,6ac8c0d0-ff9b-406a-b616-de4bbf1b0507,20251128,99991231,0.493547729495405,558,2,,651496,<20190405,61+246,61+246,2,6635465,Säby,Öppen,dp,Driftplats,10519,Säy
2110,b10ed016-4477-421c-9211-b4d38c2e402b,20251128,99991231,0.372255134013236,872,2,,498534,<20190405,21+540,21+540,211,6391276,Eksjö,Öppen,dp,Driftplats,761,Ek
2111,cb9e0901-92ca-4a44-8b5e-0a95a708eeb1,20251128,99991231,0.514678115142588,872,2,,498534,<20190405,21+540,21+540,211,6391276,Eksjö,Öppen,dp,Driftplats,761,Ek
2112,5b282c16-a8c5-4249-976d-d109de7a5535,20251128,99991231,0.764004898158759,425,2,,672397,<20190405,5+6,5+18,24,6577311,Årstaberg,Öppen,dpd,Driftplatsdel,24920,Åbe
2113,a3878896-8bd6-4a40-8596-af211ff9ce0f,20251128,99991231,0.460499970135207,425,2,,672397,<20190405,5+6,5+18,24,6577311,Årstaberg,Öppen,dpd,Driftplatsdel,24920,Åbe
2114,6245d773-b01f-454c-9414-4a1a4d362e94,20251128,99991231,0.47873242409491,724,2,Stor,414834,<20190405,343+621,343+621,216,6449191,Falköpings central,Öppen,dpd,Driftplatsdel,843,F
2115,9c798300-5aba-4be6-85e0-817e2f3f6971,20251128,99991231,0.601827000960666,724,2,Stor,414834,<20190405,343+621,343+621,216,6449191,Falköpings central,Öppen,dpd,Driftplatsdel,843,F
2116,c2afa7c6-3ed2-4b1b-9869-b1955334b1ba,20251128,99991231,0.523188733742016,366,2,,742990,<20190405,1033+396,1033+396,248,7251890,Myrheden,Öppen,dp,Driftplats,10373,Mhn
2117,b91d0f00-0d89-415c-85da-1984c47c6e84,20251128,99991231,0.296258477854535,437,2,,662554,<20190405,14+500,14+500,12,6588698,Barkarby,Öppen,dp,Driftplats,250,Bkb
2118,13e5a0fc-d5bf-4e35-894d-76e8272039fb,20251128,99991231,0.295743141594725,437,2,,662554,<20190405,14+500,14+500,12,6588698,Barkarby,Öppen,dp,Driftplats,250,Bkb
2119,1ea7ceec-8102-4e93-9b8c-46feb142781d,20251128,99991231,0.496644633211075,1479,2,,668170,<20190405,10+899,10+899,29,6589289,Helenelund,Öppen,dp,Driftplats,1453,Hel
2120,760318f3-c283-4996-b4d0-0e449f754811,20251128,99991231,0.501646769480485,1479,2,,668170,<20190405,10+899,10+899,29,6589289,Helenelund,Öppen,dp,Driftplats,1453,Hel
2121,6b7b640a-0b58-45e1-a04d-c61ff26f4395,20251128,99991231,0.495022389570955,1479,2,,668170,<20190405,10+899,10+899,29,6589289,Helenelund,Öppen,dp,Driftplats,1453,Hel
2122,2dd6e5fd-205a-4239-a142-4b5caf4ab559,20251128,99991231,0.463864171070795,1479,2,,668170,<20190405,10+899,10+899,29,6589289,Helenelund,Öppen,dp,Driftplats,1453,Hel
2123,ababe5cd-9894-422b-a6dc-4e807c81a477,20251128,99991231,0.499935687801833,202,2,,528155,<20190405,491+906,491+906,236,6937112,Moradal,Öppen,dp,Driftplats,10366,Mdl
2124,838f5080-0288-4a74-8b4a-e3b02e896872,20251128,99991231,0.204201607131503,503,2,,589338,<20190405,68+602,68+602,36,6552325,Mellösa,Öppen,dp,Driftplats,2676,Mlö
2125,109dbb19-1423-4f87-a715-b62c7d604d06,20251128,99991231,0.529822929346558,415,2,,642893,<20190405,707+613,707+613,157,7031720,Skorped,Öppen,dp,Driftplats,10466,Sop
2126,89f314c9-e0c2-4d44-9440-371557e0984a,20251128,99991231,0.512690101926053,325,2,,712568,<20190405,818+498,818+498,176,7078573,Nyåker,Öppen,lp,linjeplats,2994,Nyå
2127,6c2bc5ce-58fd-46a6-90a9-73df3673f187,20251128,99991231,0.597900977941611,630,2,Stor,449176,<20190405,289+918,289+918,52,6575736,Kristinehamn,Öppen,dp,Driftplats,2120,Khn
2128,2339acc3-08e7-4d76-9035-d1b2041ae0d2,20251128,99991231,0.4662539394457,630,2,Stor,449176,<20190405,289+918,289+918,52,6575736,Kristinehamn,Öppen,dp,Driftplats,2120,Khn
2129,4474b56e-dd9f-498c-b606-a7a29c916ace,20251128,99991231,0.584027298195125,572,2,,625984,<20190405,65+0,65+0,27,6612210,Grillby,Öppen,dp,Driftplats,10149,Gib
2130,7057dc20-9963-417c-a7a7-001a3c35a7b6,20251128,99991231,0.505581903234776,572,2,,625984,<20190405,65+0,65+0,27,6612210,Grillby,Öppen,dp,Driftplats,10149,Gib
2131,b9c5d3eb-f23a-4b2a-98be-27f35d48455e,20251128,99991231,0.685441414782405,597,2,,509290,<20190405,214+564,214+564,39,6562086,Mosås,Öppen,dp,Driftplats,2750,Ms
2132,acc73d47-a638-4919-8192-37ca338c7553,20251128,99991231,0.741452224212501,597,2,,509290,<20190405,214+564,214+564,39,6562086,Mosås,Öppen,dp,Driftplats,2750,Ms
2133,e1a1c584-a2d6-45f8-9518-c952ef447288,20251128,99991231,0.562665518306231,200,2,,530571,<20190405,480+830,480+830,164,6931934,Ovansjö,Öppen,dp,Driftplats,10406,Osö
2134,bf8bed2c-673a-4e38-af04-5d60fde4ac50,20251128,99991231,0.149922259752212,996,2,,677073,<20190405,47+766,47+766,36,6570533,Farsta strand,Öppen,dp,Driftplats,861,Fas
2135,ca73a44f-f78d-49fe-acde-1026cf929ae0,20251128,99991231,0.098676111345644,996,2,,677073,<20190405,47+766,47+766,36,6570533,Farsta strand,Öppen,dp,Driftplats,861,Fas
2136,37cd7105-6db3-43a0-88c5-350459874cd4,20251128,99991231,0.89406777059313,88,2,,559793,<20190405,177+66,177+66,94,6655999,Karbenning,Öppen,dp,Driftplats,1928,Kbn
2137,f5a7b70e-9c9d-4d9d-aeca-1541f3f8ea90,20251128,99991231,0.440869796335814,432,2,,671076,<20190405,5+160,5+160,6,6584623,Solna,Öppen,dpd,Driftplatsdel,3653,So
2138,f60f6382-05c7-4b90-a0ff-7c365377a365,20251128,99991231,0.569511815270841,432,2,,671076,<20190405,5+160,5+160,6,6584623,Solna,Öppen,dpd,Driftplatsdel,3653,So
2139,74507888-714d-42b6-89c5-444d2a786dea,20251128,99991231,0.228517035736964,432,2,,671076,<20190405,5+160,5+160,6,6584623,Solna,Öppen,dpd,Driftplatsdel,3653,So
2140,a7f1812c-c415-422e-a1d9-2b19c0fab11d,20251128,99991231,0.096329654275993,432,2,,671076,<20190405,5+160,5+160,6,6584623,Solna,Öppen,dpd,Driftplatsdel,3653,So
2141,b00cd46e-ad19-4ab6-8188-7e118277893b,20251128,99991231,0.758141277962265,432,2,,671076,<20190405,5+160,5+160,6,6584623,Solna,Öppen,dpd,Driftplatsdel,3653,So
2142,635b7b13-adc0-4599-8721-6ac1d9884973,20251128,99991231,0.800124795058305,432,2,,671076,<20190405,5+160,5+160,6,6584623,Solna,Öppen,dpd,Driftplatsdel,3653,So
2143,ca4c4fe2-e0b8-4bf8-9d21-8414b6bfe560,20251128,99991231,0.736582046091578,432,2,,671076,<20190405,5+160,5+160,6,6584623,Solna,Öppen,dpd,Driftplatsdel,3653,So
2144,acf19ce1-cc21-4991-a8f1-c04dd13d0121,20251128,99991231,0.187201375037533,432,2,,671076,<20190405,5+160,5+160,6,6584623,Solna,Öppen,dpd,Driftplatsdel,3653,So
2145,"0ca9f6a6-d10d-412e-946d-6406d65728c4",20251128,99991231,0.498262759102096,1975,2,,897129,<20190405,66+111,66+111,37,7332022,Vuonoskogen,Öppen,dp,Driftplats,10593,Vsk
2146,8fa35888-310d-4c5f-8b00-419a291fa13b,20251128,99991231,0.49123034754683,2469,2,,316470,"20231011",4+230,4+230,0,6400263,Göteborg Lindholmen,Öppen,dpd,Driftplatsdel,10713,Gli
2147,"0929bf8b-32fe-41dc-bac7-06d332c25815",20251128,99991231,0.48253426542644,185,2,,561723,<20190405,358+362,358+362,121,6836724,Lörstrand,Öppen,dp,Driftplats,10345,Lö
2148,5dccbf36-82af-46c1-acfb-9af44a1e0603,20251128,99991231,0.500428455500173,369,2,,753975,<20190405,1061+276,1061+276,283,7274801,Koler,Öppen,dp,Driftplats,10278,Klr
2149,b2e3e12a-caa0-4a12-aabc-b4a31435bc5a,20251128,99991231,0.49999368081407,1963,2,,445434,<20190405,50+975,50+975,192,6368241,Båramo,Öppen,dp,Driftplats,10069,Bmo
2150,2b7bff72-5f80-4f9d-b87a-c3e22836cc0c,20251128,99991231,0.460264328896042,435,2,,666612,<20190405,8+913,8+913,5,6585006,Duvbo,Öppen,dp,Driftplats,10087,Duo
2151,c5e992b6-fea4-4e0d-8ca1-aad838b43902,20251128,99991231,0.980004318919984,435,2,,666612,<20190405,8+913,8+913,5,6585006,Duvbo,Öppen,dp,Driftplats,10087,Duo
2152,b0d14cd1-91b2-45f9-b060-4ddb3168a8d8,20251128,99991231,0.497168801741325,854,2,,474176,<20190405,103+700,103+808,304,6394542,Äng,Öppen,dp,Driftplats,4823,Äng
2153,ac60f517-d7f4-4fae-9bf2-d16638ec93fa,20251128,99991231,0.677378864425173,453,2,,661368,<20190405,36+702,36+702,7,6613430,Märsta,Öppen,dp,Driftplats,2808,Mr
2154,c4488ba5-00b1-48f0-92ea-8f35df3bd552,20251128,99991231,0.49852753960178,453,2,,661368,<20190405,36+702,36+702,7,6613430,Märsta,Öppen,dp,Driftplats,2808,Mr
2155,9e67d305-7401-48c7-8d0c-cc1083bffd05,20251128,99991231,0.49308908331299,1447,2,,633723,<20190405,56+18,56+18,13,6610818,Ekolsund,Öppen,dp,Driftplats,10095,Eko
2156,9efdd8e2-35f4-4133-920c-3925a1513f69,20251128,99991231,0.476332950019163,1447,2,,633723,<20190405,56+18,56+18,13,6610818,Ekolsund,Öppen,dp,Driftplats,10095,Eko
2157,222f8f8b-b0c5-4732-b79b-6e5f291e942e,20251128,99991231,0.569078232913233,535,2,,666805,<20190405,12+154,12+154,35,6541950,Ösmo,Öppen,dp,Driftplats,4903,Öso
2158,25508ced-b56b-4bef-8c6c-befde83a2d1e,20251128,99991231,0.664464213377448,188,2,Stor,557756,<20190405,380+259,380+259,131,6855374,Ljusdal,Öppen,dp,Driftplats,2444,Ls
2159,cc673592-fb9f-4c80-a882-8026a0f96dd0,20251128,99991231,0.733955249326828,2020,2,,673161,<20190405,32+500,32+500,-8,6582367,Stockholm Odenplan,Öppen,dpd,Driftplatsdel,10654,Sod
2160,d7036763-488a-4c67-b97f-9d845db534d4,20251128,99991231,0.626159345730229,2020,2,,673161,<20190405,32+500,32+500,-8,6582367,Stockholm Odenplan,Öppen,dpd,Driftplatsdel,10654,Sod
2161,"02a17a25-c171-4d69-87fe-a4b3bff7788c",20251128,99991231,0.567202770402937,302,2,,686052,<20190405,1473+948,1473+948,381,7577504,Stenbacken,Öppen,dp,Driftplats,3705,Sbk
2162,d325508e-d387-451d-b669-bfcb7cd07ecb,20251128,99991231,0.378748047767062,302,2,,686052,<20190405,1473+948,1473+948,381,7577504,Stenbacken,Öppen,dp,Driftplats,3705,Sbk
2163,c4f21c09-7d55-4fde-a280-63cc71744992,20251128,99991231,0.506477122796674,6,2,,534472,<20190405,8+233,8+233,113,6711991,Hinsnoret,Öppen,dp,Driftplats,10200,Hno
2164,17df4ed8-0b34-4312-a98e-df78117cd229,20251128,99991231,0.082381371772302,6,2,,534472,<20190405,8+233,8+233,113,6711991,Hinsnoret,Öppen,dp,Driftplats,10200,Hno
2165,46e0d30a-ff81-4f83-bfd6-e8733aa56541,20251128,99991231,0.456119330231863,1492,2,,608767,<20190405,56+943,56+943,15,6581376,Härad,Öppen,dp,Driftplats,10222,Häd
2166,bf305929-d8e3-4cfa-a0ab-852523726fd4,20251128,99991231,0.466573064559226,1492,2,,608767,<20190405,56+943,56+943,15,6581376,Härad,Öppen,dp,Driftplats,10222,Häd
2167,df5eb67b-03a5-4b37-b7e4-fc494270ac8c,20251128,99991231,0.471469548647436,479,2,,556408,<20190405,201+340,201+340,38,6488824,Kimstad,Öppen,dp,Driftplats,10268,Kms
2168,5271b48f-578b-43ed-8852-5682e8a54235,20251128,99991231,0.500893267393905,479,2,,556408,<20190405,201+340,201+340,38,6488824,Kimstad,Öppen,dp,Driftplats,10268,Kms
2169,5c3032e2-57c0-4e0c-9c87-26ffc1101d9a,20251128,99991231,0.78363064250594,538,2,,678848,<20190405,34+968,34+968,46,6560092,Jordbro,Öppen,dp,Driftplats,1841,Jbo
2170,a5917a4e-1f0c-4b4f-b7d7-069048ff1e5c,20251128,99991231,0.497474423219505,538,2,,678848,<20190405,34+968,34+968,46,6560092,Jordbro,Öppen,dp,Driftplats,1841,Jbo
2171,761fb72f-dd67-4072-a0e2-8215f6895f30,20251128,99991231,0.473537574553288,373,2,Stor,775107,<20190405,1097+914,1097+914,40,7297175,Älvsbyn,Öppen,dp,Driftplats,4814,Äy
2172,"0b9b5285-f22e-45eb-8646-e89d9c35d400",20251128,99991231,0.756980298803402,89,2,,557116,<20190405,4+62,183+63,92,6650923,Snyten,Öppen,dp,Driftplats,10479,Snt
2173,1e322899-a4a4-4d0b-81bc-f37b38ae40ed,20251128,99991231,0.49811353630284,462,2,,673424,<20190405,52+87,52+87,24,6572669,Högdalen,Öppen,dp,Driftplats,10227,Hön
2174,9c5027b5-0ff6-4c23-b0e8-9dc376d69545,20251128,99991231,0.500101885746387,1460,2,,379032,<20190405,283+674,283+674,6,6177008,Flädie,Öppen,dp,Driftplats,10113,Fl
2175,941242a0-9153-4e4e-b101-76bdf3186424,20251128,99991231,0.499473849319478,1460,2,,379032,<20190405,283+674,283+674,6,6177008,Flädie,Öppen,dp,Driftplats,10113,Fl
2176,3528f5ae-d969-4f41-b881-9e3f00c1bdf3,20251128,99991231,0.658756382030356,272,2,Stor,633605,<20190405,1535+49,1535+49,514,7594293,Vassijaure,Öppen,dp,Driftplats,4445,Vj
2177,7e63ae7b-128e-4d6b-b231-4e68ffcab832,20251128,99991231,0.574179039361236,125,2,,551831,<20190405,73+821,73+821,214,6717609,Ryggen,Öppen,dp,Driftplats,10433,Ryg
2178,f57bbc11-4db4-431e-aee4-5809a5442247,20251128,99991231,0.592082370293131,691,2,,364503,<20190405,49+567,49+567,59,6468292,Grästorp,Öppen,dp,Driftplats,1198,Gop
2179,f1cfcb8a-bbfd-4a26-93af-358c0f55c3d8,20251128,99991231,0.500004071883643,1491,2,,616785,<20190405,46+540,46+540,4,6580147,Malmby,Öppen,dp,Driftplats,10350,Mby
2180,761c33ac-a2d2-4a23-9b00-f523985c3324,20251128,99991231,0.71059055607832,1523,2,,615260,<20190405,50+35,50+35,16,6583042,Strängnäs,Öppen,dp,Driftplats,3820,Sgs
2181,ba8ae1a8-68af-4a86-8d87-d6b9e02994cd,20251128,99991231,0.705666066688685,1523,2,,615260,<20190405,50+35,50+35,16,6583042,Strängnäs,Öppen,dp,Driftplats,3820,Sgs
2182,329fcd72-ab1b-4264-8003-5def1135f9f4,20251128,99991231,0.313406342996318,713,2,Stor,377394,<20190405,63+429,63+429,79,6464758,Håkantorp,Öppen,dp,Driftplats,1631,Håp
2183,3015b110-4fc8-4348-b63d-db1216e0f128,20251128,99991231,0.300612926021241,713,2,Stor,377394,<20190405,63+429,63+429,79,6464758,Håkantorp,Öppen,dp,Driftplats,1631,Håp
2184,3cbdc011-bed3-47da-8819-01d472c50323,20251128,99991231,0.599890260270799,304,2,,667539,<20190405,1495+462,1495+462,384,7586705,Stordalen,Öppen,dp,Driftplats,3781,Soa
2185,e4b5345d-aab6-4766-acdd-95aa5882b14d,20251128,99991231,0.087088706823133,304,2,,667539,<20190405,1495+462,1495+462,384,7586705,Stordalen,Öppen,dp,Driftplats,3781,Soa
2186,797ffeb7-a831-4b71-bfd1-2a19a3198249,20251128,99991231,0.317846699832846,2461,2,,524492,"20211214",22+180,22+180,128,6706474,Domnarvet,Öppen,dpd,Driftplatsdel,10712,Dmn
2187,b6587354-ab30-4ea8-b9c9-0a505935daed,20251128,99991231,0.556526025265446,1383,2,,411976,<20190405,8+390,8+390,47,6577805,Skoghall,Öppen,lp,linjeplats,3527,Skog
2188,43fb175c-cc12-4618-a699-d92696e35497,20251128,99991231,0.499714048394584,361,2,,736499,<20190405,1001+496,1001+500,260,7223817,Jörn,Öppen,dp,Driftplats,1892,Jrn
2189,f305d291-7f07-4572-ad75-1f2795683367,20251128,99991231,0.537089218002756,599,2,,512437,<20190405,232+201,232+201,37,6578948,Hovsta,Öppen,dp,Driftplats,10207,Hsa
2190,945567e4-bdf6-499c-a119-ab2d2f736b17,20251128,99991231,0.492772492199922,599,2,,512437,<20190405,232+201,232+201,37,6578948,Hovsta,Öppen,dp,Driftplats,10207,Hsa
2191,"092cf83b-212c-4c67-a5fd-8bf266810df0",20251128,99991231,0.142110749343006,778,2,,498531,<20190405,297+377,297+509,157,6432951,Tranås,Öppen,dp,Driftplats,4185,Tns
2192,c139de35-b213-4d53-8150-27e0933e122b,20251128,99991231,0.105785173828456,778,2,,498531,<20190405,297+377,297+509,157,6432951,Tranås,Öppen,dp,Driftplats,4185,Tns
2193,1dae1272-fa8e-4997-9a10-b292afcff791,20251128,99991231,0.48424730602163,2019,2,,674343,<20190405,34+100,34+100,-36,6581075,Stockholm City,Öppen,dpd,Driftplatsdel,10655,Sci
2194,d4bd3bc0-6a64-47a3-9932-f94b60ce07f4,20251128,99991231,0.451624475004175,2019,2,,674343,<20190405,34+100,34+100,-36,6581075,Stockholm City,Öppen,dpd,Driftplatsdel,10655,Sci
2195,d41dcb1e-c80f-4bd3-a60c-92aaf04a5677,20251128,99991231,0.889225244807099,752,2,,376174,<20190405,177+113,177+113,35,6297681,Oskarström,Öppen,dp,Driftplats,3080,Om
2196,d87d7838-5aa0-4bb5-9fa9-df1d9e6b972a,20251128,99991231,0.581710555451653,752,2,,376174,<20190405,177+113,177+113,35,6297681,Oskarström,Öppen,dp,Driftplats,3080,Om
2197,219b3de0-d9a6-4f01-a353-a65c12009995,20251128,99991231,0.580381768572587,1726,2,,419467,<20190405,324+985,324+985,57,6584464,Karlstad Välsviken,Öppen,dpd,Driftplatsdel,10257,Kvä
2198,f690ec87-7f9b-455e-8950-9219dc26b6ad,20251128,99991231,0.44421566480861,585,2,,556365,<20190405,150+876,150+876,80,6647050,Ängelsberg,Öppen,dp,Driftplats,4831,Äbg
2199,4466991f-fed0-435b-baab-f4c42fa33905,20251128,99991231,0.511711949373349,585,2,,556365,<20190405,150+876,150+876,80,6647050,Ängelsberg,Öppen,dp,Driftplats,4831,Äbg
2200,b4b28d07-2769-4443-8cec-689e4f61b0c3,20251128,99991231,0.497766549751159,1461,2,,596928,<20190405,94+724,94+724,28,6615899,Tortuna,Öppen,dp,Driftplats,4174,Ttu
2201,e6406c15-be2a-424c-959b-cfee2cef8450,20251128,99991231,0.147861629990993,1461,2,,596928,<20190405,94+724,94+724,28,6615899,Tortuna,Öppen,dp,Driftplats,4174,Ttu
2202,eb16f51b-1323-4d15-be00-7766eea197ce,20251128,99991231,0.659229818848094,301,2,,694806,<20190405,1464+216,1464+216,393,7574553,Torneträsk,Öppen,dp,Driftplats,4155,Tnk
2203,3758306d-e9b7-4104-8ccb-8f24c576161b,20251128,99991231,0.437671852025917,1268,2,,643765,<20190405,18+426,18+426,13,6536707,Vagnhärad,Öppen,dp,Driftplats,4376,Vhd
2204,9cee3383-e05f-4c7e-bf1b-23b7fc899182,20251128,99991231,0.842418598645999,1268,2,,643765,<20190405,18+426,18+426,13,6536707,Vagnhärad,Öppen,dp,Driftplats,4376,Vhd
2205,14b4f6ca-6ae9-4cfc-a3bf-7027544163e7,20251128,99991231,0.849958057958095,174,2,Stor,593387,<20190405,38+370,256+922,78,6751890,Ockelbo,Öppen,dp,Driftplats,3031,Ob
2206,b8ca096e-f3f3-41bc-9f1b-370750524a74,20251128,99991231,0.689137280643264,174,2,Stor,593387,<20190405,38+370,256+922,78,6751890,Ockelbo,Öppen,dp,Driftplats,3031,Ob
2207,72f17b65-67b7-43bb-ae94-a867f2396165,20251128,99991231,0.711740695714926,174,2,Stor,593387,<20190405,38+370,256+922,78,6751890,Ockelbo,Öppen,dp,Driftplats,3031,Ob
2208,"0247f143-6b87-4864-9298-6351602b8b45",20251128,99991231,0.684210644685403,174,2,Stor,593387,<20190405,38+370,256+922,78,6751890,Ockelbo,Öppen,dp,Driftplats,3031,Ob
2209,a4a4a7e6-aef8-47fc-855a-dbb5929f0ba5,20251128,99991231,0.499334213146518,410,2,,615159,<20190405,672+443,672+443,228,7023835,Backsjön,Öppen,dp,Driftplats,10022,Baö
2210,9dd39e3b-355a-44f4-8cfe-0a34f2711de9,20251128,99991231,0.499496040118971,327,2,,721940,<20190405,834+354,834+354,143,7082048,Hörnsjö,Öppen,dp,Driftplats,10233,Hsö
2211,"085e55be-0dbe-45ed-a152-426f9f83711a",20251128,99991231,0.152955808606032,327,2,,721940,<20190405,834+354,834+354,143,7082048,Hörnsjö,Öppen,dp,Driftplats,10233,Hsö
2212,62088a82-67dc-4a46-bf7a-a5d34e25fc28,20251128,99991231,0.459425115370666,1480,2,,658020,<20190405,44+875,44+875,33,6620679,Myrbacken,Öppen,dp,Driftplats,10372,Myn
2213,"0e051560-e8bf-4d81-902b-6e91ffcba0dc",20251128,99991231,0.256517512232869,534,2,,669920,<20190405,"0+117","0+117",3,6532689,Nynäshamns centrum,Öppen,dpd,Driftplatsdel,10705,Nyc
2214,"0a17a8b0-fd6b-4a77-8b71-ad6f7bd55b38",20251128,99991231,0.372409935810425,436,2,,664563,<20190405,11+415,11+415,8,6586405,Spånga,Öppen,dp,Driftplats,3681,Spå
2215,"08ef9742-4294-4223-93e0-28bc4b468b04",20251128,99991231,0.333537687524198,436,2,,664563,<20190405,11+415,11+415,8,6586405,Spånga,Öppen,dp,Driftplats,3681,Spå
2216,523ebcf6-8ee1-44f9-ad9c-b444f9a24614,20251128,99991231,0.549324432250458,773,2,,339402,<20190405,198+995,198+995,14,6350213,Veddige,Öppen,dp,Driftplats,4458,Vdi
2217,54beb3b2-f298-4787-a854-a9c7444e20a6,20251128,99991231,0.243696231876932,773,2,,339402,<20190405,198+995,198+995,14,6350213,Veddige,Öppen,dp,Driftplats,4458,Vdi
2218,8ff77b34-3efb-47b4-a70c-00678b244306,20251128,99991231,0.431229243330608,624,2,,466437,<20190405,266+599,266+599,116,6568109,Strömtorp,Öppen,dp,Driftplats,10509,Srt
2219,a9f44b3b-2f1b-4ca5-b38b-3e6a71cad2b7,20251128,99991231,0.226776215439751,624,2,,466437,<20190405,266+599,266+599,116,6568109,Strömtorp,Öppen,dp,Driftplats,10509,Srt
2220,eda41341-8d73-4bab-978c-aebc6097d5b5,20251128,99991231,0.682234696932072,882,2,Stor,441733,<20190405,172+134,172+142,160,6338545,Värnamo central,Öppen,dpd,Driftplatsdel,4604,Väc
2221,95bfd723-3c8b-4c25-9d06-3587451672ac,20251128,99991231,0.103269050789399,1389,2,,708797,<20190405,813+772,813+772,177,7078696,Oxmyran,Öppen,dp,Driftplats,10407,Oxm
2222,3591a1bb-35e9-41d3-a0d9-9fe5119cb4ab,20251128,99991231,0.492257881379008,197,2,,529093,<20190405,456+16,456+16,291,6915442,Juån,Öppen,dp,Driftplats,10242,Jå
2223,"06946e15-7534-4954-bd0f-c8f8627d6342",20251128,99991231,0.499612340022489,1346,2,,392384,<20190405,588+192,588+192,45,6185366,Dammstorp,Öppen,dp,Driftplats,10077,Dat
2224,744f0806-45db-4a42-ab29-b7f8ae19a350,20251128,99991231,0.551511485648527,1346,2,,392384,<20190405,588+192,588+192,45,6185366,Dammstorp,Öppen,dp,Driftplats,10077,Dat
2225,c2fd220c-a353-4804-911b-244599728be3,20251128,99991231,0.98911211445329,601,2,Stor,520611,<20190405,249+520,300+0,42,6592180,Frövi,Öppen,dp,Driftplats,990,Fv
2226,4a589d16-b7d7-4870-a7b6-c748885edcc2,20251128,99991231,0.504030022033352,488,2,,599815,<20190405,72+775,72+775,8,6512758,Jönåker,Öppen,dp,Driftplats,10249,Jår
2227,f24675b7-7a7e-40a8-9826-00bfb6211596,20251128,99991231,0.499852671826327,527,2,,634168,<20190405,31+414,31+414,26,6528482,Lästringe,Öppen,dp,Driftplats,10341,Lre
2228,bb849e17-9f0c-4dda-af10-a03b3aea9b7b,20251128,99991231,0.718654974157992,527,2,,634168,<20190405,31+414,31+414,26,6528482,Lästringe,Öppen,dp,Driftplats,10341,Lre
2229,8f2754c2-e6ff-4ce0-b991-90b8df036667,20251128,99991231,0.503384318246951,47,2,,377273,<20190405,614+95,618+232,3,6165733,Malmö godsbangård,Öppen,dpd,Driftplatsdel,2615,Mgb
2230,6f6b34b0-de6a-47cf-a989-750e829362ce,20251128,99991231,0.493482386000455,47,2,,377273,<20190405,614+95,618+232,3,6165733,Malmö godsbangård,Öppen,dpd,Driftplatsdel,2615,Mgb
2231,16e5428c-25ae-442b-8fb9-6a4e92f0ffb5,20251128,99991231,0.506045602745126,47,2,,377273,<20190405,614+95,618+232,3,6165733,Malmö godsbangård,Öppen,dpd,Driftplatsdel,2615,Mgb
2232,606fb545-efe6-42ad-81ed-abbd8d2b5fe2,20251128,99991231,0.471047060157641,191,2,,547230,<20190405,407+752,407+752,211,6876943,Hennan,Öppen,dp,Driftplats,10196,Hnn
2233,1a8a1e82-be26-464e-bc0d-ecd7e1ac3657,20251128,99991231,0.638565673107882,573,2,,617735,<20190405,73+382,73+382,28,6613682,Enköping,Öppen,dp,Driftplats,788,Ep
2234,dbd8e889-3d4b-43b7-99e1-42151ead41c4,20251128,99991231,0.486799491922612,573,2,,617735,<20190405,73+382,73+382,28,6613682,Enköping,Öppen,dp,Driftplats,788,Ep
2235,4ff91ad8-e708-48f5-be1f-ef0bf7668724,20251128,99991231,0.610305050738149,1274,2,,473265,<20190405,12+474,12+474,337,6383320,Stolpen,Öppen,lp,linjeplats,10496,Soe
2236,6a4d5bb3-eb3e-4119-ad85-d93aec9c033f,20251128,99991231,0.501420011242295,574,2,,608637,<20190405,82+796,82+796,29,6614522,Lundby,Öppen,dp,Driftplats,10331,Lub
2237,ee28d452-46ff-4ffa-8ca6-ace2ccac883a,20251128,99991231,0.500367831129143,574,2,,608637,<20190405,82+796,82+796,29,6614522,Lundby,Öppen,dp,Driftplats,10331,Lub
2238,662cd3a9-3053-4d37-89be-cf8cafd83631,20251128,99991231,0.482844102040031,489,2,,606991,<20190405,65+290,65+290,29,6513804,Enstaberga,Öppen,dp,Driftplats,10099,Ebg
2239,1341bb37-246f-4f89-9b56-3ff2ad42c4b7,20251128,99991231,0.659720772170739,788,2,,433728,<20190405,56+557,56+557,66,6156035,Tomelilla,Öppen,dp,Driftplats,4129,Tli
2240,4d264056-7105-4563-a473-11a39ff51ba3,20251128,99991231,0.281345450811154,1840,2,,631558.2,<20190405,96+660,96+660,4,6723541,Skutskär,Öppen,dp,Driftplats,3551,Sur
2241,c3731a3c-fc8c-4f10-a5fc-41e4e44ea8f6,20251128,99991231,0.258782136892703,1840,2,,631558.2,<20190405,96+660,96+660,4,6723541,Skutskär,Öppen,dp,Driftplats,3551,Sur
2242,825f063d-4e9a-4ee5-9b45-e55803388d0b,20251128,99991231,0.332950631607208,912,2,,363978,<20190405,68+353,68+354,55,6211486,Påarp,Öppen,dp,Driftplats,3140,Påa
2243,e19c9f4e-bc40-488c-892c-f1a1f6e568a2,20251128,99991231,0.333469989178435,912,2,,363978,<20190405,68+353,68+354,55,6211486,Påarp,Öppen,dp,Driftplats,3140,Påa
2244,413ae32a-c12c-445f-bbfc-e2caddf3e407,20251128,99991231,0.767469680110042,2423,2,,380439,"20210816",250+111,250+111,64,6207909,Kågeröd,Öppen,dp,Driftplats,5001,Kd
2245,2ac66a7f-b8f3-4338-9a22-8be3515e5d41,20251128,99991231,0.544521210346128,226,2,,631012,<20190405,498+449,498+449,22,7006651,Lökom,Öppen,lp,linjeplats,10344,Lkm
2246,221027e6-61f0-4d84-a8ae-31255a8e71d8,20251128,99991231,0.544521170410217,226,2,,631012,<20190405,498+449,498+449,22,7006651,Lökom,Öppen,lp,linjeplats,10344,Lkm
2247,f3198acc-3666-46d3-9947-79dd36adbbd4,20251128,99991231,0.346107350853969,687,2,,550295,<20190405,154+579,154+580,38,6545070,Vingåker,Öppen,dp,Driftplats,4520,Vr
2248,45646dfa-50c0-460d-b3c6-1dd0ec09e0f7,20251128,99991231,0.533728168340489,687,2,,550295,<20190405,154+579,154+580,38,6545070,Vingåker,Öppen,dp,Driftplats,4520,Vr
2249,d3ab8361-987e-42d6-bc10-82c055e6a0d6,20251128,99991231,0.496693458781635,687,2,,550295,<20190405,154+579,154+580,38,6545070,Vingåker,Öppen,dp,Driftplats,4520,Vr
2250,4c6cba43-ff59-43e0-9474-38afaff2d78c,20251128,99991231,0.555522326849125,610,2,,453776,<20190405,266+585,266+585,133,6514095,Slätte,Öppen,dp,Driftplats,10477,Sle
2251,aab06fc2-2df2-4cbd-9fbc-0fc937f94df1,20251128,99991231,0.535382477778757,610,2,,453776,<20190405,266+585,266+585,133,6514095,Slätte,Öppen,dp,Driftplats,10477,Sle
2252,"089b907a-866a-482c-9ec0-95ab81fe3eea",20251128,99991231,0.981776801561562,484,2,,568484,<20190405,174+546,174+546,19,6502669,Åby södra,Öppen,dpd,Driftplatsdel,10600,Åbs
2253,aa6a6b67-9cc0-44e8-8974-7eb105204a6a,20251128,99991231,0.261586651283041,715,2,,382272,<20190405,79+830,79+830,107,6449271,Vedum,Öppen,dp,Driftplats,4461,Ved
2254,cadf18c2-a484-4743-8838-d1aac1225590,20251128,99991231,0.452192071426241,715,2,,382272,<20190405,79+830,79+830,107,6449271,Vedum,Öppen,dp,Driftplats,4461,Ved
2255,8b929093-19d9-4ac6-a95b-9c7ba8116573,20251128,99991231,0.391338806325193,1148,2,,509210,<20190405,234+251,234+251,132,6518688,Jakobshyttan,Öppen,dp,Driftplats,10237,Jho
2256,83925e45-dbde-468a-933d-ad57284f35aa,20251128,99991231,0.55893038229374,147,2,,483240,<20190405,323+195,323+195,409,6852120,Fågelsjö,Öppen,dp,Driftplats,1006,Feö
2257,ee7aa66b-3182-4a12-95ae-1f2209e98831,20251128,99991231,0.496164376785617,104,2,,515971,<20190405,410+344,410+344,49,6598391,Vedevåg,Öppen,dp,Driftplats,10570,Vdv
2258,8988f93e-e8e2-45bc-a2e1-f2bf52181cab,20251128,99991231,0.496164381335984,104,2,,515971,<20190405,410+344,410+344,49,6598391,Vedevåg,Öppen,dp,Driftplats,10570,Vdv
2259,560ec7cd-8e4b-4660-b309-177072087a9c,20251128,99991231,0.452440438486345,468,2,,544162,<20190405,20+270,20+270,94,6459088,Bjärka-Säby,Öppen,dp,Driftplats,309,Bsä
2260,d75d2771-8aa9-4fbe-bdcb-3dc02c09ca3f,20251128,99991231,0.500000008926727,2477,2,,470000,"20251004",238+51,238+51,0,6535661,Välevattnet,Öppen,dp,Driftplats,10719,Väv
2261,86f8f10f-e4dd-481f-b6ab-9d8beb13dfd5,20251128,99991231,0.342855242763104,2477,2,,470000,"20251004",238+51,238+51,0,6535661,Välevattnet,Öppen,dp,Driftplats,10719,Väv
2262,"01adbf3d-bea1-439f-ae4d-d107d96af5e4",20251128,99991231,0.699256370849449,583,2,,560711,<20190405,140+371,140+371,77,6637637,Virsbo,Öppen,dp,Driftplats,4532,Vso
2263,"00e997ce-3dcc-40aa-a2f7-84c8d9a52f05",20251128,99991231,0.50108381455426,802,2,,414638,<20190405,554+707,554+712,112,6207090,Tjörnarp,Öppen,dp,Driftplats,10534,Tö
2264,dd194c35-f1ea-4e31-b0e3-80592056d5cd,20251128,99991231,0.285401940936651,802,2,,414638,<20190405,554+707,554+712,112,6207090,Tjörnarp,Öppen,dp,Driftplats,10534,Tö
2265,7dfeb081-1892-4bae-9500-3ed4fa6e85b9,20251128,99991231,0.564993935819489,629,2,,457239,<20190405,277+823,277+823,121,6567502,Björneborg,Öppen,dp,Driftplats,336,Bjb
2266,b1ed4de1-e515-4a00-953f-160c200a20bd,20251128,99991231,0.806969961192487,1103,2,,428453,<20190405,6+440,6+440,34,6221947,Attarp,Öppen,dp,Driftplats,10019,Atp
2267,cac19813-ed9e-466b-86eb-c731b8183a80,20251128,99991231,0.722915957497517,612,2,,444231,<20190405,286+500,286+500,79,6496706,Moholm,Öppen,dp,Driftplats,10364,Mh
2268,53ef27e6-6f8b-4a14-a2a1-1e8ac2f00321,20251128,99991231,0.800275255509799,612,2,,444231,<20190405,286+500,286+500,79,6496706,Moholm,Öppen,dp,Driftplats,10364,Mh
2269,166de90d-94f9-46ae-bae2-2f56fbf0303c,20251128,99991231,0.407311374370227,190,2,,549810,<20190405,397+270,397+270,179,6867799,Loster,Öppen,dp,Driftplats,10328,Ltr
2270,1c2f09db-3976-42db-a218-c2ad3297f6cc,20251128,99991231,0.270644280196771,190,2,,549810,<20190405,397+270,397+270,179,6867799,Loster,Öppen,dp,Driftplats,10328,Ltr
2271,bc84581f-7a47-4d20-83be-ad73d0b08817,20251128,99991231,0.429244004897432,609,2,,456991,<20190405,260+255,260+255,119,6519527,Älgarås,Öppen,dp,Driftplats,10618,Äl
2272,38f979ce-6f4d-44a1-b603-f8e2698b73c4,20251128,99991231,0.409226013108985,609,2,,456991,<20190405,260+255,260+255,119,6519527,Älgarås,Öppen,dp,Driftplats,10618,Äl
2273,"0bbfbb41-bbf7-4208-88a8-c3f5524cedae",20251128,99991231,0.931112171147735,1390,2,,713887,<20190405,819+983,819+983,119,7081292,Öreälv,Öppen,dp,Driftplats,10629,Öä
2274,5355af5f-4064-47d5-962e-804df39f28e2,20251128,99991231,0.499932840014606,1921,2,,856109,<20190405,19+734,19+734,37,7334546,Kosjärv,Öppen,dp,Driftplats,10284,Koj
2275,efb04e36-732b-4a12-bd96-1da2d62a0524,20251128,99991231,0.4307930641582,1921,2,,856109,<20190405,19+734,19+734,37,7334546,Kosjärv,Öppen,dp,Driftplats,10284,Koj
2276,122f2558-59c6-4472-90be-95f5b269182d,20251128,99991231,0.525798573485015,2476,2,,321028,"20250630",3+163,3+163,0,6399222,Liseberg,Öppen,dpd,Driftplatsdel,2428,Lis
2277,ab1f9493-ca48-4794-94a9-2404fc3e05e0,20251128,99991231,0.52509733,2476,2,,321028,"20250630",3+163,3+163,0,6399222,Liseberg,Öppen,dpd,Driftplatsdel,2428,Lis
2278,c9a54356-071d-491e-985d-795cf2d45e1f,20251128,99991231,0.598014216621516,790,2,,459063,<20190405,95+907,95+940,15,6156593,Simrishamn,Öppen,dp,Driftplats,3449,Si
2279,7b083f56-76d4-4c9c-8193-757acbaea60e,20251128,99991231,0.675285266304676,390,2,,784942,<20190405,1184+216,1184+216,169,7348411,Sandträsk,Öppen,dp,Driftplats,10450,Stä
2280,308e830f-6cb6-4480-a644-1f3531689825,20251128,99991231,0.740112336125518,298,2,,704657,<20190405,1434+64,1434+64,467,7550344,Rautas,Öppen,dp,Driftplats,3170,Rut
2281,2b6763fa-7c01-4af2-8bc0-ff658055898a,20251128,99991231,0.585738106247032,298,2,,704657,<20190405,1434+64,1434+64,467,7550344,Rautas,Öppen,dp,Driftplats,3170,Rut
2282,"07a95e67-aa77-4c6f-a477-39592b848136",20251128,99991231,0.000477411769698,456,2,,665389,<20190405,19+765,19+765,30,6566261,Utsikten,Öppen,dp,Driftplats,10561,Uts
2283,611990be-62b3-479e-8a3f-921de30106e0,20251128,99991231,0.490029318073604,1972,2,,875190,<20190405,42+108,42+108,12,7326436,Bredviken,Öppen,dp,Driftplats,10050,Ben
2284,fbb3e94a-58e2-441d-a1e6-b2f8b2277c58,20251128,99991231,0.592929286363298,38,2,,323196,<20190405,461+135,461+135,3,6417465,Bohus,Öppen,dp,Driftplats,402,Bhs
2285,7736fcc9-123c-4b9c-ab81-0149feb0ba2b,20251128,99991231,0.509576186736329,38,2,,323196,<20190405,461+135,461+135,3,6417465,Bohus,Öppen,dp,Driftplats,402,Bhs
2286,5c1998ee-d63e-4aa6-9e57-42a4eb6923c7,20251128,99991231,0.689283576934417,608,2,Stor,461584,<20190405,252+242,252+242,156,6526005,Gårdsjö,Öppen,dp,Driftplats,1266,Gdö
2287,45aa3b76-cbcb-4a44-be40-951476047eaa,20251128,99991231,0.749896666937899,608,2,Stor,461584,<20190405,252+242,252+242,156,6526005,Gårdsjö,Öppen,dp,Driftplats,1266,Gdö
2288,11b0eee0-8fed-448e-a3b2-885ca96b0016,20251128,99991231,0.972082147688137,300,2,,698501,<20190405,1453+684,1453+684,485,7566979,Bergfors,Öppen,dp,Driftplats,262,Bfs
2289,5470fb68-d795-48cc-9fe7-f48a6c616bbc,20251128,99991231,0.606812077454018,300,2,,698501,<20190405,1453+684,1453+684,485,7566979,Bergfors,Öppen,dp,Driftplats,262,Bfs
2290,26b549c5-e249-4c47-a34b-abc64570414b,20251128,99991231,0.355515982240133,306,2,,651311,<20190405,1515+293,1515+293,425,7592925,Björkliden,Öppen,dp,Driftplats,326,Bln
2291,e870fd48-75ab-43a1-b8a9-ce4ad028f935,20251128,99991231,0.25575445137415,306,2,,651311,<20190405,1515+293,1515+293,425,7592925,Björkliden,Öppen,dp,Driftplats,326,Bln
2292,6ecbb9f2-576f-46e4-a1d5-45cbcada9f75,20251128,99991231,0.558736754519815,75,2,,584637,<20190405,226+137,226+137,98,6724636,Åshammar,Öppen,dp,Driftplats,10614,Åh
2293,318aa405-d8aa-435a-8156-acc127221d03,20251128,99991231,0.999999999999999,1993,2,,849336,<20190405,8+353,8+353,82,7341843,Bruksberget,Öppen,dp,Driftplats,10055,Bet
2294,172b0738-5419-47be-9617-4959604873d7,20251128,99991231,0.63952125239574,1378,2,,488357,<20190405,321+304,321+304,194,6415038,Ralingsås,Öppen,dp,Driftplats,10416,Ras
2295,3088c965-dd15-46e9-9142-3688aaeec905,20251128,99991231,0.396306052782631,794,2,,381594,<20190405,41+393,41+487,15,6184822,Kävlinge,Öppen,dp,Driftplats,2256,Kg
2296,40ec913d-b448-4002-b03f-21f7177c4b1e,20251128,99991231,0.503678991930003,192,2,,543525,<20190405,414+476,414+476,213,6882332,Hälsingenybo,Öppen,dp,Driftplats,10220,Hnb
2297,e3701377-e133-4384-86c5-bf3d6b03f3ed,20251128,99991231,0.469651139302872,192,2,,543525,<20190405,414+476,414+476,213,6882332,Hälsingenybo,Öppen,dp,Driftplats,10220,Hnb
2298,5617ab79-c6ea-4017-97d3-abcc4733aa7e,20251128,99991231,0.354288538089325,192,2,,543525,<20190405,414+476,414+476,213,6882332,Hälsingenybo,Öppen,dp,Driftplats,10220,Hnb
2299,6e146b80-f18c-4da3-800e-8b427b481ed6,20251128,99991231,0.658909216639258,2424,2,,381902,"20210816",260+267,260+267,64,6198067,Svalöv,Öppen,dp,Driftplats,10700,Sal
2300,6939ae78-9436-4d12-b4cb-44440a4a0fbb,20251128,99991231,0.529734992959815,205,2,,523244,<20190405,509+133,509+133,305,6952643,Bensjöbacken,Öppen,dp,Driftplats,257,Bsb
2301,ab2a07a9-0dbe-4524-b4cd-8670caa153fa,20251128,99991231,0.529717042307106,205,2,,523244,<20190405,509+133,509+133,305,6952643,Bensjöbacken,Öppen,dp,Driftplats,257,Bsb
2302,3ba4e9fb-41c3-432e-840c-b934a6bc32e8,20251128,99991231,0.70252995454419,768,2,,371326,<20190405,145+340,145+340,117,6389481,Viskafors,Öppen,dp,Driftplats,4540,Vfo
2303,ff372acf-3b19-482a-afb0-7d9595d5a6a3,20251128,99991231,0.576968854584404,768,2,,371326,<20190405,145+340,145+340,117,6389481,Viskafors,Öppen,dp,Driftplats,4540,Vfo
2304,79c045d5-d88f-47f2-af01-dc95d45d1877,20251128,99991231,0.495594793150134,8,2,,529375,<20190405,16+796,16+796,120,6708014,Ornäs,Öppen,dp,Driftplats,10404,Orn
2305,d54bbd89-e283-4627-896e-d895d371c569,20251128,99991231,0.05885076156524,576,2,,591435,<20190405,"0+50","0+50",37,6617720,Tillberga,Öppen,dp,Driftplats,4097,Tb
2306,"0340847d-03cd-4feb-b8c6-405e2a23d596",20251128,99991231,0.11575748626435,61,2,,638685,<20190405,61+534,61+535,34,6692565,Tierp,Öppen,dp,Driftplats,4096,Tip
2307,"05ab949a-1646-4445-a8f2-4847ee11368f",20251128,99991231,0.141902481633057,61,2,,638685,<20190405,61+534,61+535,34,6692565,Tierp,Öppen,dp,Driftplats,4096,Tip
2308,64526192-7222-437c-afc3-1062ea64148c,20251128,99991231,0.305691188612578,1648,2,,365963,<20190405,3+131,21+546,10,6194698,Landskrona Östra,Öppen,dp,Driftplats,2300,Lkö
2309,7fea79f3-2a4f-44b0-b43d-c9390ce2f12e,20251128,99991231,0.500000025380717,1648,2,,365963,<20190405,3+131,21+546,10,6194698,Landskrona Östra,Öppen,dp,Driftplats,2300,Lkö
2310,80a313f5-b28a-4df1-9582-74e174b73a2b,20251128,99991231,0.114217771115224,1997,2,,906360,<20190405,74+800,74+800,25,7331768,Keräsjoki,Öppen,dp,Driftplats,10264,Kei
2311,26408145-d816-4212-b2fa-b83646ca8409,20251128,99991231,0.639845222914482,890,2,,429415,<20190405,96+593,96+593,154,6336165,Forsheda,Öppen,dp,Driftplats,935,Fod
2312,640072d9-5db1-4634-84ba-280671e9ca70,20251128,99991231,0.029527495661196,890,2,,429415,<20190405,96+593,96+593,154,6336165,Forsheda,Öppen,dp,Driftplats,935,Fod
2313,fe82c5b2-9493-4a1f-a5a6-534152c35212,20251128,99991231,0.494889175895058,485,2,,573283,<20190405,103+100,103+100,8,6503617,Getå,Öppen,dp,Driftplats,10136,Gtå
2314,f690ae0b-e449-4cbc-8fa6-06a234d6db30,20251128,99991231,0.494577307702527,485,2,,573283,<20190405,103+100,103+100,8,6503617,Getå,Öppen,dp,Driftplats,10136,Gtå
2315,f0014262-02c9-4ae8-ae05-fb805d4ebac1,20251128,99991231,0.051367649909722,2366,2,,671495,<20190405,3+590,3+590,15,6583032,Tomteboda övre,Öppen,dpd,Driftplatsdel,10653,Tmö
2316,70c4a513-a398-4523-85d6-a612a4e9183e,20251128,99991231,0.287061307015102,2366,2,,671495,<20190405,3+590,3+590,15,6583032,Tomteboda övre,Öppen,dpd,Driftplatsdel,10653,Tmö
2317,c141605f-ac3a-44f9-bca3-48cdf342765c,20251128,99991231,0.415700301463589,2366,2,,671495,<20190405,3+590,3+590,15,6583032,Tomteboda övre,Öppen,dpd,Driftplatsdel,10653,Tmö
2318,"0a9f6f21-67e6-4c5b-80c5-03ee7e978c1c",20251128,99991231,0.178328874225739,2366,2,,671495,<20190405,3+590,3+590,15,6583032,Tomteboda övre,Öppen,dpd,Driftplatsdel,10653,Tmö
2319,d21f6281-88f0-45d8-a11a-e48b7a9392c2,20251128,99991231,0.416394741728834,2366,2,,671495,<20190405,3+590,3+590,15,6583032,Tomteboda övre,Öppen,dpd,Driftplatsdel,10653,Tmö
2320,b88acfbb-8409-4350-848c-7267f449e724,20251128,99991231,0.159307221731339,2366,2,,671495,<20190405,3+590,3+590,15,6583032,Tomteboda övre,Öppen,dpd,Driftplatsdel,10653,Tmö
2321,b59398d4-3041-4bea-8b97-0a4793bd8684,20251128,99991231,0.399830803853059,2366,2,,671495,<20190405,3+590,3+590,15,6583032,Tomteboda övre,Öppen,dpd,Driftplatsdel,10653,Tmö
2322,1cc07033-5b6c-4d98-8d95-c4b1461ab99b,20251128,99991231,0.064954311648041,2366,2,,671495,<20190405,3+590,3+590,15,6583032,Tomteboda övre,Öppen,dpd,Driftplatsdel,10653,Tmö
2323,b9f6e203-e2ae-4458-b481-41811eafb71e,20251128,99991231,0.501454445853475,1719,2,,481325,<20190405,346+192,346+208,302,6393216,Gamlarp,Öppen,dp,Driftplats,3027,Gmp
2324,445832e6-5622-4da8-92eb-3fa513023109,20251128,99991231,0.07348525833718,1719,2,,481325,<20190405,346+192,346+208,302,6393216,Gamlarp,Öppen,dp,Driftplats,3027,Gmp
2325,1efe3f64-2385-4f9d-9012-0645491053c3,20251128,99991231,0.478080908922303,2399,2,,380980,"20200826",608+635,608+635,7,6169561,Åkarp,Öppen,dpd,Driftplatsdel,4687,Åk
2326,bd57f496-b3af-484a-b66e-b7d7111c0d24,20251128,99991231,0.504094466085832,2399,2,,380980,"20200826",608+635,608+635,7,6169561,Åkarp,Öppen,dpd,Driftplatsdel,4687,Åk
2327,47ca5f4c-0cc5-43fc-b890-7866ff8bc86d,20251128,99991231,0.484304734954342,2399,2,,380980,"20200826",608+635,608+635,7,6169561,Åkarp,Öppen,dpd,Driftplatsdel,4687,Åk
2328,d1645bd3-a4a4-4df5-a889-ec083990b0b6,20251128,99991231,0.46029560328362,2399,2,,380980,"20200826",608+635,608+635,7,6169561,Åkarp,Öppen,dpd,Driftplatsdel,4687,Åk
2329,b601b9dd-d1a2-4d25-b61f-4da716808429,20251128,99991231,0.776988685653363,536,2,,674467,<20190405,28+371,28+371,31,6555486,Tungelsta,Öppen,dp,Driftplats,4245,Ts
2330,e7998127-0230-4b42-a62a-4fa6c70f3c79,20251128,99991231,0.469482469564011,1528,2,,357149.104,<20190405,239+351,239+351,43,6216574.057,Maria,Öppen,dp,Driftplats,2588,Mia
2331,cf5414aa-b423-4b47-842c-c00be8cf428f,20251128,99991231,0.414790235194754,1528,2,,357149.104,<20190405,239+351,239+351,43,6216574.057,Maria,Öppen,dp,Driftplats,2588,Mia
2332,542f56f9-2d30-4b9c-a3b0-be734e3b7067,20251128,99991231,0.893284524655751,354,2,,793761,<20190405,59+348,59+348,3,7190280,Ursviken,Öppen,lp,linjeplats,10560,Uvn
2333,37b7fe3a-67e7-45ca-96e6-b4691ca76dcd,20251128,99991231,0.493933409752597,446,2,,665141,<20190405,18+898,18+898,7,6596623,Rotebro,Öppen,dp,Driftplats,3233,R
2334,c2010838-d089-47db-beb5-7a1040a5b51b,20251128,99991231,0.235026453872488,446,2,,665141,<20190405,18+898,18+898,7,6596623,Rotebro,Öppen,dp,Driftplats,3233,R
2335,"08c9f2ac-88af-4ddc-8ba4-a8bced44acc7",20251128,99991231,0.114290300479678,446,2,,665141,<20190405,18+898,18+898,7,6596623,Rotebro,Öppen,dp,Driftplats,3233,R
2336,7ae1eb5e-26a5-4214-8fb6-692f6305eb1e,20251128,99991231,0.785054989147547,446,2,,665141,<20190405,18+898,18+898,7,6596623,Rotebro,Öppen,dp,Driftplats,3233,R
2337,d7ef690f-7611-45cf-a121-09b19c2b8d16,20251128,99991231,0.607750389372031,446,2,,665141,<20190405,18+898,18+898,7,6596623,Rotebro,Öppen,dp,Driftplats,3233,R
2338,7150f156-f9be-4e48-9e24-c42b6ea2eb1e,20251128,99991231,0.492770576040098,203,2,,526445,<20190405,499+448,499+448,298,6944245,Dysjön,Öppen,dp,Driftplats,10088,Dy
2339,7d6f1e38-ae70-4fda-a03c-ad132b8caca1,20251128,99991231,0.305133256132258,387,2,,804218,<20190405,1152+872,1152+872,18,7325347,Holmfors,Öppen,dp,Driftplats,10203,Hfs
2340,3fd5abb3-19df-497c-8686-404900ddb04c,20251128,99991231,0.481912261082528,556,2,,656714,<20190405,48+572,48+572,13,6624124,Knivsta,Öppen,dp,Driftplats,2051,Kn
2341,9cb88462-5c79-4d17-a6f8-368dfc099f13,20251128,99991231,0.858154165120465,556,2,,656714,<20190405,48+572,48+572,13,6624124,Knivsta,Öppen,dp,Driftplats,2051,Kn
2342,d1261d7c-aeec-4b81-ba77-a952d49bd430,20251128,99991231,0.31082520880796,556,2,,656714,<20190405,48+572,48+572,13,6624124,Knivsta,Öppen,dp,Driftplats,2051,Kn
2343,a4fc9e32-3f8d-4211-88d2-3e24a53a97e9,20251128,99991231,0.290354601787648,470,2,,498721,<20190405,284+628,284+628,151,6444939,Sommen,Öppen,dp,Driftplats,10482,Smn
2344,e91c36af-87f8-4a63-82fe-c772a5c7c1fd,20251128,99991231,0.486037164755024,1148,2,,509210,<20190405,234+251,234+251,132,6518688,Jakobshyttan,Öppen,dp,Driftplats,10237,Jho
2345,a94b386c-dac8-4c74-8b91-e07433ca52f6,20260131,99991231,0.560045200581348,800,2,,399549,<20190405,574+202,574+667,65,6196149,Stehag,Öppen,dp,Driftplats,3702,Sg
2346,e015e0ce-f034-4e4b-ad0c-c79d0004de32,20260131,99991231,0.717276869980661,800,2,,399549,<20190405,574+202,574+667,65,6196149,Stehag,Öppen,dp,Driftplats,3702,Sg
2347,c8b68161-a299-47c1-8f11-96056f6f95da,20260131,99991231,0.071970509911253,800,2,,399549,<20190405,574+202,574+667,65,6196149,Stehag,Öppen,dp,Driftplats,3702,Sg
2348,5aa691ed-9c2e-47b9-a9d2-16810683b886,20251128,99991231,0.499159105749736,291,2,,720817,<20190405,1380+759,1380+759,496,7506749,Lappberg,Öppen,dp,Driftplats,2307,Lab
2349,6f5771d3-f358-48fb-9f83-fbfaa11a4e43,20251128,99991231,0.50070430961376,292,2,,719877,<20190405,1391+422,1391+422,471,7516356,Gäddmyr,Öppen,dp,Driftplats,10174,Gy
2350,41eaccb2-3e67-479d-b7c7-aed6e176deb3,20251128,99991231,0.232687212050272,288,2,,722119,<20190405,1345+637,1345+827,482,7476760,Håmojåkk,Öppen,dp,Driftplats,1638,Håk
2351,c600124a-8880-4ae0-96ed-14342886ee6e,20251128,99991231,0.874869087938877,288,2,,722119,<20190405,1345+637,1345+827,482,7476760,Håmojåkk,Öppen,dp,Driftplats,1638,Håk
2352,24e513a5-8dff-46dd-9470-e9284a0be20c,20260203,99991231,0.474645929336743,270,2,Stor,720832,<20190405,"0+500",1405+145,497,7528917,Råtsi,Öppen,dp,Driftplats,10440,Rsi
2353,e34e67a4-bf24-410b-b814-e62909c4fde0,20260203,99991231,0.510095871005391,270,2,Stor,720832,<20190405,"0+500",1405+145,497,7528917,Råtsi,Öppen,dp,Driftplats,10440,Rsi
2354,ab12486e-9f39-4143-9ef4-727785147dbe,20260203,99991231,0.403527435213443,270,2,Stor,720832,<20190405,"0+500",1405+145,497,7528917,Råtsi,Öppen,dp,Driftplats,10440,Rsi
2355,2bbe2a3b-166a-4527-bfae-65abb8ed061b,20260203,99991231,0.358803843785177,290,2,,717148,<20190405,1370+754,1370+754,506,7498205,Fjällåsen,Öppen,dp,Driftplats,892,Fjå
2356,d384b159-1671-4d67-86bc-e76b4ea583b7,20260203,99991231,0.503375678678343,293,2,,719953,<20190405,1399+130,1399+130,462,7523307,Kalixfors,Öppen,dp,Driftplats,10250,Kx
2357,1f982478-5195-44f1-af2e-e4b96fd7cf56,20260203,99991231,0.033271604287349,293,2,,719953,<20190405,1399+130,1399+130,462,7523307,Kalixfors,Öppen,dp,Driftplats,10250,Kx
2358,4b3536ed-fb10-4ddd-afeb-d433b08f2b94,20260203,99991231,0.500314446269773,2022,2,,364149.9,<20190405,199+866,200+83,27,6247810,Förslöv,Öppen,dpd,Driftplatsdel,10661,För
2359,63971178-dbe7-4882-8657-9849de18cb37,20260203,99991231,0.500387894316492,2022,2,,364149.9,<20190405,199+866,200+83,27,6247810,Förslöv,Öppen,dpd,Driftplatsdel,10661,För
2360,3cef7644-7038-4f3e-82d7-d6f5cfb6e9b7,20260203,99991231,0.508330946657982,2022,2,,364149.9,<20190405,199+866,200+83,27,6247810,Förslöv,Öppen,dpd,Driftplatsdel,10661,För
2361,f7888821-5a6c-4a6f-aedf-4dee818071d9,20260203,99991231,0.506293124651674,2022,2,,364149.9,<20190405,199+866,200+83,27,6247810,Förslöv,Öppen,dpd,Driftplatsdel,10661,För
2362,8284f2b2-6321-4a71-bf2f-b9763d4feeab,20260204,99991231,0.221189542429617,1845,2,,672231,<20190405,2+100,2+100,10,6581859,Karlberg,Öppen,dpd,Driftplatsdel,1934,Ke
2363,3e277092-54b5-4433-9216-ce5bf554e891,20260204,99991231,0.164087524423395,1845,2,,672231,<20190405,2+100,2+100,10,6581859,Karlberg,Öppen,dpd,Driftplatsdel,1934,Ke
2364,3bef48fd-7ce1-4885-8c1b-32307cdb61f9,20260204,99991231,0.282285924408058,1845,2,,672231,<20190405,2+100,2+100,10,6581859,Karlberg,Öppen,dpd,Driftplatsdel,1934,Ke
2365,5575d33f-a597-4ccc-9482-833b18c80954,20260204,99991231,0.243772321288207,1845,2,,672231,<20190405,2+100,2+100,10,6581859,Karlberg,Öppen,dpd,Driftplatsdel,1934,Ke
2366,f4501bb0-a958-448f-ae07-2cb8283cd9de,20260204,99991231,0.911279427514147,1845,2,,672231,<20190405,2+100,2+100,10,6581859,Karlberg,Öppen,dpd,Driftplatsdel,1934,Ke
2367,6c96a2b8-10c2-43ef-8b9e-4e9aee5ef0bc,20260204,99991231,0.891746736087496,1845,2,,672231,<20190405,2+100,2+100,10,6581859,Karlberg,Öppen,dpd,Driftplatsdel,1934,Ke
2368,cb18d0fe-413d-4cea-a988-f9567bbeb638,20260204,99991231,0.731232410037719,1845,2,,672231,<20190405,2+100,2+100,10,6581859,Karlberg,Öppen,dpd,Driftplatsdel,1934,Ke
2369,b0d47668-48a4-4499-8873-b4705ab8afb7,20260204,99991231,0.819391334029566,1845,2,,672231,<20190405,2+100,2+100,10,6581859,Karlberg,Öppen,dpd,Driftplatsdel,1934,Ke
2370,"03a5761e-17db-4685-9974-6c14b26a699f",20260205,99991231,0.499542920706056,803,2,,421404,<20190405,544+105,544+105,65,6215136,Mellby,Öppen,dp,Driftplats,10358,Mlb
2371,9634fafe-8605-47bb-a3fe-f871bbdd3d1f,20260205,99991231,0.001390871795777,803,2,,421404,<20190405,544+105,544+105,65,6215136,Mellby,Öppen,dp,Driftplats,10358,Mlb
2372,12894211-3674-462d-8c98-da4f34fb8bae,20251128,99991231,0.59573257775559,238,2,,603777,<20190405,561+164,561+164,65,6916705,Vattjom,Öppen,dp,Driftplats,10569,Vm
2373,75144188-48a9-42d9-8cca-44cf81bd30c1,20251128,99991231,0.594929893652928,238,2,,603777,<20190405,561+164,561+164,65,6916705,Vattjom,Öppen,dp,Driftplats,10569,Vm
2374,ef0db47c-cc32-4516-b61d-10912bcb0e21,20260206,99991231,0.755632486562623,308,2,Stor,558406,<20190405,166+800,166+800,249,7110445,Hoting,Öppen,dp,Driftplats,1566,Htg
2375,251bec81-b779-40c2-b631-ac7a20b23b58,20260206,99991231,0.431406666282518,308,2,Stor,558406,<20190405,166+800,166+800,249,7110445,Hoting,Öppen,dp,Driftplats,1566,Htg
2376,c91c1f0b-400c-48e3-a30b-a285e18a57ff,20260206,99991231,0.583206359584831,308,2,Stor,558406,<20190405,166+800,166+800,249,7110445,Hoting,Öppen,dp,Driftplats,1566,Htg
2377,c060908c-be98-4f6b-a067-76ee30a1f9f2,20251128,99991231,0.537289041026514,794,2,,381594,<20190405,41+393,41+487,15,6184822,Kävlinge,Öppen,dp,Driftplats,2256,Kg
2378,bc8c587b-b033-4a4e-a2a6-c69be03fa754,20251128,99991231,0.353163613739064,1898,2,,643655,<20190405,456+444,456+444,17,6978290,Frånö,Öppen,dp,Driftplats,979,Fnö
2379,a3329bbb-fcd9-407c-98d2-d3d2882c6ba5,20251128,99991231,0.811147756391575,1898,2,,643655,<20190405,456+444,456+444,17,6978290,Frånö,Öppen,dp,Driftplats,979,Fnö
2380,d3dc4641-a293-44a9-ade2-4fcca69907c5,20251128,99991231,0.401512611774521,1800,2,,661659,<20190405,521+244,521+244,146,7017559,Drömme,Öppen,dp,Driftplats,10086,Döe
2381,83495282-b529-4832-891e-e37941ecb3ad,20251128,99991231,0.598447966917762,1345,2,,386346,<20190405,597+651,597+651,55,6178411,Tornhill,Öppen,dp,Driftplats,10539,Thl
2382,4eb7b53d-92d1-49cd-9965-ecc295dc6587,20251128,99991231,0.462170527368376,1209,2,,634000,<20190405,391+300,391+300,100,6937877,Hussjöby,Öppen,dp,Driftplats,10210,Hsy
2383,db287ddc-302e-4087-aa3e-6bf326fb1be1,20251128,99991231,0.49459938216802,1813,2,,728194,<20190405,69+667,69+667,51,7058782,Norrsjön,Öppen,dp,Driftplats,10389,Non
2384,ef7875cc-864e-4dcf-8c21-3b243ff81bc5,20251128,99991231,0.499591251216582,1805,2,,694847,<20190405,17+8,17+8,54,7026344,Högbysjön,Öppen,dp,Driftplats,10226,Hög
2385,4d2f95a1-47d0-4b6f-ac39-50cdaec8ca5a,20251128,99991231,0.711216348824466,234,2,,623736,<20190405,376+86,376+86,6,6938151,Stavreviken,Öppen,dp,Driftplats,10490,Sen
2386,a4485c75-dbdf-4038-a817-370cb1037b0f,20251128,99991231,0.595502194381404,234,2,,623736,<20190405,376+86,376+86,6,6938151,Stavreviken,Öppen,dp,Driftplats,10490,Sen
2387,62bddf68-84b9-47c4-a6bc-cd741d0e8d13,20251202,99991231,0.49978262156461,1855,2,Stor,638878,<20190405,478+696,478+696,9,6994763,Västeraspby,Öppen,dp,Driftplats,10596,Väy
2388,e0807a00-48d3-4419-8c34-edd68c9fcdba,20251128,99991231,0.494598089028129,1814,2,,738154,<20190405,80+353,80+353,27,7061814,Ängersjö,Öppen,dp,Driftplats,10620,Änö
2389,4f3e41df-35a2-4570-a3fa-af2625c94364,20251128,99991231,0.515668135842754,1894,2,,649275,<20190405,432+865,432+865,27,6964742,Mörtsal,Öppen,dp,Driftplats,10377,Möl
2390,12ccfac5-afac-429b-baa4-224b395b5916,20251128,99991231,0.459532941275233,1806,2,,704366,<20190405,27+452,27+452,38,7029724,Gideåbacka,Öppen,dp,Driftplats,10137,Gia
2391,796146cf-45e2-4441-af76-c8cde49f2ce4,20251128,99991231,0.49873559848026,1897,2,,640332,<20190405,400+125,400+125,107,6941155,Häggsjön,Öppen,dp,Driftplats,10216,Hän
2392,48682dc3-d551-4324-a84f-941cd629f130,20251128,99991231,0.499010073483534,1897,2,,640332,<20190405,400+125,400+125,107,6941155,Häggsjön,Öppen,dp,Driftplats,10216,Hän
2393,415cd775-39a3-4b55-9460-b9d6a78002fd,20260115,99991231,0.042055366442954,1808,2,,708470,<20190405,31+995,31+995,21,7031182,Husums norra,Öppen,dp,Driftplats,10211,Humn
2394,f659c713-878a-4be8-8e6d-01823db66437,20251128,99991231,0.055940160801239,1224,2,,625494,<20190405,378+229,378+229,28,6937818,Söråkers södra,Öppen,dp,Driftplats,4009,Sårs
2395,1bc1b261-80fa-4a4a-9410-8555ad0498bc,20251128,99991231,0.488074763578802,235,2,,620084,<20190405,367+54,367+54,9,6930534,Timrå,Öppen,dp,Driftplats,4102,Trå
2396,add141d7-46fd-47ac-abe2-b0d39071f14c,20251128,99991231,0.494009609309045,1803,2,,686618,<20190405,8+620,8+620,32,7025116,Örnsköldsvik norra,Öppen,dp,Driftplats,1588,Ökn
2397,aafefad0-cb63-4013-8084-4a37a96c6b56,20251128,99991231,0.1102742865188,1803,2,,686618,<20190405,8+620,8+620,32,7025116,Örnsköldsvik norra,Öppen,dp,Driftplats,1588,Ökn
2398,a00dc1a4-9dfe-4993-a563-ca1d9a8a4436,20251128,99991231,0.468693689899618,1811,2,,719276,<20190405,58+387,58+387,7,7054009,Rundvik,Öppen,dp,Driftplats,10430,Ruk
2399,4c2ec866-487f-45a3-8f0c-3d909d588629,20251128,99991231,0.390351496302012,1798,2,,643012,<20190405,498+423,498+423,135,7008076,Harasjön,Öppen,dp,Driftplats,10186,Han
2400,56d675b3-0675-4a0b-a35f-7f1e2216897f,20251128,99991231,0.427768595011378,1802,2,,680930,<20190405,546+323,546+323,26,7022087,Gålnäs,Öppen,dp,Driftplats,10169,Gån
2401,5780ab63-63c7-4311-a422-878ec462eeb1,20251128,99991231,0.56003346610541,1804,2,,689662,<20190405,11+760,11+760,16,7025510,Arnäsvall,Öppen,dp,Driftplats,229,Ara
2402,d9bbf772-9cea-4521-85e7-d1f8ecb225e2,20251128,99991231,0.497621268279631,231,2,,646069,<20190405,450+512,450+512,6,6973292,Sprängsviken,Öppen,dp,Driftplats,3680,Spk
2403,"066f1dd5-1855-4cf3-a99c-791010752295",20251128,99991231,0.500632864774349,231,2,,646069,<20190405,450+512,450+512,6,6973292,Sprängsviken,Öppen,dp,Driftplats,3680,Spk
2404,e2de6f41-e5d7-4e13-8b7f-d8f6349f786e,20251128,99991231,0.476828431455912,229,2,,638800,<20190405,465+900,465+900,9,6984791,Dynäs,Öppen,dp,Driftplats,720,Dns
2405,e2d7ea34-e08e-4875-afc9-f0846032eeba,20251128,99991231,0.978349014004785,229,2,,638800,<20190405,465+900,465+900,9,6984791,Dynäs,Öppen,dp,Driftplats,720,Dns
2406,c795d9d2-4244-43e5-bb26-53b5fde9d778,20251128,99991231,0.499918387917403,1823,2,,759352,<20190405,109+320,109+320,7,7079041,Stöcke,Öppen,dp,Driftplats,10510,Sök
2407,fb5d6580-9400-4fc3-a9f3-a59d7f033847,20251128,99991231,0.051352770849775,1218,2,,621548,<20190405,369+285,369+285,31,6932612,Solbacka,Öppen,dp,Driftplats,3647,Slbk
2408,"0d5acf86-a6f1-42d4-a9a5-e41aca23bca2",20251128,99991231,0.4696350424283,1821,2,,746010,<20190405,90+938,90+938,18,7068181,Hössjön,Öppen,dp,Driftplats,10234,Hös
2409,ff838bf5-96e2-48a5-86f7-e48a3b24587b,20251128,99991231,0.425568345152622,1799,2,,652805,<20190405,511+269,511+269,229,7014175,Hämrasviken,Öppen,dp,Driftplats,10221,Häb
2410,32e99e0b-c42b-481e-8971-9e629f10f817,20251128,99991231,0.504390119329032,1809,2,,709273,<20190405,37+80,37+80,48,7036014,Könsa,Öppen,dp,Driftplats,10304,Köa
2411,9566625a-e66d-40dd-90a9-529b19541f56,20251128,99991231,0.443426691713437,1797,2,,640366,<20190405,490+180,490+180,64,7001480,Solum,Öppen,dp,Driftplats,10481,Slm
2412,3d13bd0f-5371-4356-b822-9cd2b36305e7,20251128,99991231,0.499383258582749,1895,2,,647701,<20190405,421+990,421+990,39,6954350,Svedje,Öppen,dp,Driftplats,10515,Svj
2413,ed6aea1e-afec-4382-9fd5-e796495a6db1,20251128,99991231,0.448672391073179,1822,2,,751302,<20190405,99+278,99+278,41,7073816,Norrmjöle,Öppen,dp,Driftplats,10388,Noe
2414,3f36f77a-8524-41f3-a92d-2088bda7e6dd,20251128,99991231,0.651968404533157,421,2,Stor,685721,<20190405,6+204,6+204,21,7023094,Örnsköldsviks central,Öppen,dp,Driftplats,4888,Ök
2415,eec17d24-b914-4f55-8f12-73d6c9c6c84a,20251128,99991231,0.499920741730503,421,2,Stor,685721,<20190405,6+204,6+204,21,7023094,Örnsköldsviks central,Öppen,dp,Driftplats,4888,Ök
2416,bbc71b4b-f426-496c-a8b8-c1f5091e9b87,20251128,99991231,0.498127042752685,1480,2,,658020,<20190405,44+875,44+875,33,6620679,Myrbacken,Öppen,dp,Driftplats,10372,Myn
2417,10bfab8f-1fc7-4fa1-bfc5-5863cd1dca46,20251128,99991231,0.541903864969588,1812,2,,722400,<20190405,63+758,63+758,11,7057832,Nordmaling,Öppen,dp,Driftplats,1583,Nog
2418,5436c726-efaa-49b4-92a6-d1f85351f5b7,20251128,99991231,0.504252629329996,1810,2,,713485,<20190405,48+360,48+360,25,7045933,Saluböle,Öppen,dp,Driftplats,10447,Sbe
2419,"0955f25f-6a65-4dce-9de8-354f902591a0",20251128,99991231,0.677409617738008,233,2,Stor,650140,<20190405,414+723,414+723,4,6948362,Härnösands central,Öppen,dp,Driftplats,1701,Hsd
2420,dd082843-4aae-4bc0-8e22-fd847a0deb74,20251128,99991231,0.503607271656313,233,2,Stor,650140,<20190405,414+723,414+723,4,6948362,Härnösands central,Öppen,dp,Driftplats,1701,Hsd
2421,"04d8e6bd-8872-44cf-a949-2abb31f2fdc4",20251128,99991231,0.448664153077417,1801,2,,673148,<20190405,533+729,533+729,71,7013812,Bjästa,Öppen,dp,Driftplats,10032,Bja
2422,5e6899d8-c28a-45e6-a99f-55bb1d52102f,20251128,99991231,0.015450148104761,123,2,,535140,<20190405,"0+2",91+634,113,6718768,Falun central,Öppen,dp,Driftplats,850,Fln
2423,f7a8dfbf-8388-4a53-b7c5-cde7b7a3a802,20251128,99991231,0.18433422625225,123,2,,535140,<20190405,"0+2",91+634,113,6718768,Falun central,Öppen,dp,Driftplats,850,Fln
2424,974db39b-db35-4cdc-9b13-8802d8d5546c,20251128,99991231,0.6264690377788,230,2,,641034,<20190405,460+515,460+515,21,6980726,Kramfors,Öppen,dp,Driftplats,2112,Krf
2425,7f90335c-954e-47ab-83e1-bb4dffc6e5d8,20251128,99991231,0.626570948854202,230,2,,641034,<20190405,460+515,460+515,21,6980726,Kramfors,Öppen,dp,Driftplats,2112,Krf
2426,cc561899-e241-430c-9ca5-e654a6fa63b5,20260210,99991231,0.456947070545738,732,2,,337789,<20190405,437+650,437+650,23,6406304,Lerum,Öppen,dp,Driftplats,2336,Lr
2427,4701cf5c-e19d-4b56-b954-6f1430698ced,20260210,99991231,0.441109182274867,732,2,,337789,<20190405,437+650,437+650,23,6406304,Lerum,Öppen,dp,Driftplats,2336,Lr
2428,10ec35fa-9069-491e-8431-97ef04adc915,20260210,99991231,0.687324608338628,1896,2,,643112,<20190405,404+950,404+950,84,6944448,Hällenyland,Öppen,dp,Driftplats,10218,Hnl
2429,1e38536d-e7e1-47fa-8067-63d511104627,20260210,99991231,0.553158630279776,1896,2,,643112,<20190405,404+950,404+950,84,6944448,Hällenyland,Öppen,dp,Driftplats,10218,Hnl
2430,5860bcb2-76e2-4ab1-8c97-930f7fc6fc77,20260210,99991231,0.530229236174946,1896,2,,643112,<20190405,404+950,404+950,84,6944448,Hällenyland,Öppen,dp,Driftplats,10218,Hnl
2431,875b2b37-3976-4a5c-aabc-93650ac4c179,20251128,99991231,9.7178822407e-05,1339,2,,531396,<20190405,482+92,486+958,165,6932722,Ångebyn,Öppen,dpd,Driftplatsdel,10607,Ågy
2432,"07879f66-3fa3-49e2-be54-5bde0d29b8fa",20251128,99991231,0.068890605360022,1339,2,,531396,<20190405,482+92,486+958,165,6932722,Ångebyn,Öppen,dpd,Driftplatsdel,10607,Ågy
2433,fab30853-2fec-4a0a-9042-99657f8a4204,20251128,99991231,0.071262356834037,202,2,,528155,<20190405,491+906,491+906,236,6937112,Moradal,Öppen,dp,Driftplats,10366,Mdl
2434,b0db9a84-93bd-426c-b65d-609e30b1fa5e,20251128,99991231,0.397334096719027,892,2,,414965,<20190405,111+734,111+734,152,6337846,Reftele,Öppen,dp,Driftplats,3176,Rft
2435,300c045c-d356-4872-975d-f4d8b8139de2,20251128,99991231,0.68474275751808,441,2,,655929,<20190405,26+242,26+242,12,6596521,Kungsängen,Öppen,dp,Driftplats,2166,Kän
2436,e5bcc5e9-12c6-47fe-bd9f-067506b9aeea,20251128,99991231,0.379040070685548,208,2,,511660,<20190405,538+641,538+641,292,6975720,Gällö,Öppen,dp,Driftplats,1287,Gö
2437,2c20f72a-fad5-4ee7-9112-b825795ef449,20251128,99991231,0.031319575799497,208,2,,511660,<20190405,538+641,538+641,292,6975720,Gällö,Öppen,dp,Driftplats,1287,Gö
2438,45f198b2-1ae7-4d4e-9f7e-62f403557011,20251128,99991231,0.430606922924583,2366,2,,671495,<20190405,3+590,3+590,15,6583032,Tomteboda övre,Öppen,dpd,Driftplatsdel,10653,Tmö
2439,bd941ec6-f2a7-4e0f-9457-83e0a6f1b0ec,20251128,99991231,0.980517018125165,1252,2,,400527,<20190405,128+701,128+701,162,6332500,Skeppshult,Öppen,lp,linjeplats,3515,Sph
2440,"05da6acd-1df7-4de3-abaf-7607fec99c39",20251128,99991231,0.467884843201391,938,2,Stor,340418,<20190405,22+623,396+231,62,6471668,Öxnered,Öppen,dp,Driftplats,4994,Öx
2441,469cdc0c-6734-4cc4-b14d-f77168c5ada6,20251128,99991231,0.308828437351839,45,2,Stor,386054,<20190405,601+174,601+174,41,6174988,Lund c,Öppen,dp,Driftplats,2485,Lu
2442,71a79115-fa95-4b25-aaeb-87cc1f49f882,20251128,99991231,0.516708087714931,844,2,,475762,<20190405,416+708,416+708,188,6325262,Lidnäs,Öppen,dp,Driftplats,10315,Lns
2443,630c57d7-a812-4fd6-9978-7e1cc8f1d375,20251210,99991231,0.42767216486921,849,2,,481879,<20190405,360+443,360+443,290,6379414,Grimstorp,Öppen,dp,Driftplats,10150,Gt
2444,c698fd9e-dbaf-49e5-b98c-e70516fee942,20251128,99991231,0.040095126649606,81,2,,578165,<20190405,189+703,189+703,136,6690898,Byvalla,Öppen,dp,Driftplats,10067,By
2445,e0e10053-9cf6-473b-80ff-c37745ac8dcd,20251128,99991231,0.803625211139027,1494,2,Stor,609009,<20190405,192+810,192+810,17,6797836,Söderhamns västra,Öppen,dp,Driftplats,10525,Shv
2446,543fd8ed-9b05-405a-935d-97f2e93c9c6d,20251128,99991231,0.292074701732251,924,2,,378583,<20190405,47+6,47+6,31,6223070,Kvidinge,Öppen,dp,Driftplats,10297,Kvi
2447,a002913e-bfd4-4afc-9c48-a4d345e868fd,20251128,99991231,0.292364819575239,924,2,,378583,<20190405,47+6,47+6,31,6223070,Kvidinge,Öppen,dp,Driftplats,10297,Kvi
2448,ff1ed73e-d692-4086-a240-062aabe34400,20251128,99991231,0.496001633434056,837,2,,437982,<20190405,504+807,504+807,79,6248958,Osby,Öppen,dp,Driftplats,3074,O
2449,c53da334-7254-460d-b50f-abb54d73c95b,20251128,99991231,0.496245196374026,837,2,,437982,<20190405,504+807,504+807,79,6248958,Osby,Öppen,dp,Driftplats,3074,O
2450,1346e3a3-d3a1-4462-b9e6-f46adab4d435,20251128,99991231,0.58889074286268,694,2,,332472,<20190405,13+702,13+702,73,6469210,Ryr,Öppen,dp,Driftplats,10435,Ryr
2451,d463470a-3165-4544-ab9c-02ab13d54f86,20251128,99991231,0.391432907271131,694,2,,332472,<20190405,13+702,13+702,73,6469210,Ryr,Öppen,dp,Driftplats,10435,Ryr
2452,2dd62616-33f8-4320-a725-0ea423122083,20251128,99991231,0.849883870415332,250,2,,615469,<20190405,270+897,270+897,25,6854731,Via,Öppen,dp,Driftplats,10576,Via
2453,9587f955-286a-41c3-ad19-ec5de0bd198b,20251128,99991231,0.467083725318254,521,2,,623541,<20190405,75+127,75+127,22,6549344,Björnlunda,Öppen,dp,Driftplats,10038,B
2454,1a4f8b17-1e41-4de9-b8a3-eb7ba7b47e23,20251128,99991231,0.992473899478783,521,2,,623541,<20190405,75+127,75+127,22,6549344,Björnlunda,Öppen,dp,Driftplats,10038,B
2455,e272ca61-fc82-4778-8f07-93d81a342fdf,20251128,99991231,0.26141644674967,659,2,,392752,<20190405,268+50,268+50,50,6580879,Grums,Öppen,dp,Driftplats,1165,Gms
2456,9ea2182e-82b2-41eb-ae9d-d5c55dc1ffde,20251128,99991231,0.004820170871299,1269,2,,517225,<20190405,202+678,202+678,141,6666083,Hagge,Öppen,dp,Driftplats,1363,Hge
2457,"036823f6-5d94-45da-beff-564070f7dac5",20251128,99991231,0.966088823745394,1673,2,,372066,<20190405,156+300,156+300,5,6279096,Kistinge,Öppen,dpd,Driftplatsdel,2014,Kst
2458,adee51eb-4ff7-40d6-ad96-b2a6e6a213fb,20251128,99991231,0.995608509532701,1673,2,,372066,<20190405,156+300,156+300,5,6279096,Kistinge,Öppen,dpd,Driftplatsdel,2014,Kst
2459,7012d5db-27ad-4e46-a863-2333a8767d62,20251128,99991231,0.450068342792307,511,2,,502298,<20190405,277+550,277+550,117,6479775,Fågelsta,Öppen,dp,Driftplats,10124,Fgl
2460,4f6edf80-bc62-48fa-99e8-f7568fbd1827,20251128,99991231,0.495520869245559,511,2,,502298,<20190405,277+550,277+550,117,6479775,Fågelsta,Öppen,dp,Driftplats,10124,Fgl
2461,b3926722-9b65-4a2d-af66-750d954c8158,20251128,99991231,0.465847671034585,745,2,,345246,<20190405,102+420,102+420,18,6314599,Torebo,Öppen,dp,Driftplats,10537,Teo
2462,237319bd-d809-4ab4-b38d-adcfbc323577,20251128,99991231,0.49796464975125,745,2,,345246,<20190405,102+420,102+420,18,6314599,Torebo,Öppen,dp,Driftplats,10537,Teo
2463,"0c3178c3-cf91-43ed-ab48-58736544eb81",20251128,99991231,0.805937908984121,461,2,,651885,<20190405,34+240,34+240,19,6563678,Östertälje,Öppen,dp,Driftplats,4947,Öte
2464,a719a7d5-6314-4379-b434-00a9df280460,20251128,99991231,0.591999898648209,1351,2,,651385,<20190405,1+824,37+404,3,6561240,Södertälje syd övre,Öppen,dp,Driftplats,3956,Söö
2465,8465fbb8-5a4b-4639-9e8a-e67c86eee930,20251128,99991231,0.679241350403903,1351,2,,651385,<20190405,1+824,37+404,3,6561240,Södertälje syd övre,Öppen,dp,Driftplats,3956,Söö
2466,"0b826e12-8b8c-4132-9068-959f28bb072f",20251128,99991231,0.647301390797971,1351,2,,651385,<20190405,1+824,37+404,3,6561240,Södertälje syd övre,Öppen,dp,Driftplats,3956,Söö
2467,3deb9a57-c995-40f4-a663-5a1d3d4bb64b,20251128,99991231,0.68620302146197,1351,2,,651385,<20190405,1+824,37+404,3,6561240,Södertälje syd övre,Öppen,dp,Driftplats,3956,Söö
2468,9741490f-35ac-4d54-907b-b6cdeabe2f22,20251128,99991231,0.523344471944801,825,2,,533449,<20190405,320+369,320+369,95,6253207,Holmsjö,Öppen,dp,Driftplats,1539,Hmö
2469,b030575e-7379-40d5-8305-78a6a14b1858,20251128,99991231,0.493106093820369,920,2,,407281,<20190405,17+771,17+771,102,6223135,Västra Torup,Öppen,dp,Driftplats,10598,Vto
2470,9cb51e6e-091d-4999-8745-2b5a3a8314e6,20251128,99991231,0.495022616295481,749,2,,361218,<20190405,130+985,130+985,23,6296104,Brännarp,Öppen,dp,Driftplats,10062,Bp
2471,d96eba46-e714-4188-9098-ee3f147ae80e,20251128,99991231,0.47763755957919,749,2,,361218,<20190405,130+985,130+985,23,6296104,Brännarp,Öppen,dp,Driftplats,10062,Bp
2472,a2b7ac94-57e5-432b-bdde-6affcb9f2074,20251128,99991231,0.477068584427566,335,2,,727820,<20190405,879+430,879+430,179,7116492,Tvärålund,Öppen,dp,Driftplats,4262,Tvä
2473,ba7b216d-45e4-4983-871c-62188da4722d,20251128,99991231,0.455943254610307,335,2,,727820,<20190405,879+430,879+430,179,7116492,Tvärålund,Öppen,dp,Driftplats,4262,Tvä
2474,6cd058a1-44b1-40ad-a86e-e9275fba0392,20251128,99991231,0.192697461351598,335,2,,727820,<20190405,879+430,879+430,179,7116492,Tvärålund,Öppen,dp,Driftplats,4262,Tvä
2475,62548bee-21fd-46b4-99d5-91d039fe4620,20251128,99991231,0.391611384531042,223,2,,593962,<20190405,625+880,625+880,191,6996978,Graninge,Öppen,dp,Driftplats,10145,Ga
2476,ab2ec0aa-1f2f-4e66-a840-994ded9ea057,20251128,99991231,0.499609041167934,650,2,,441682,<20190405,198+926,198+926,170,6607145,Geijersdal,Öppen,dp,Driftplats,10133,Gdl
2477,6d0e9f6b-5644-42a4-8b7a-0a6794de4673,20251128,99991231,0.32664881685368,215,2,,543443,<20190405,556+940,556+940,328,6981231,Gastsjön,Öppen,dp,Driftplats,10132,Gsn
2478,541316a1-1355-4046-bb28-a317967365af,20251128,99991231,0.32685129399194,215,2,,543443,<20190405,556+940,556+940,328,6981231,Gastsjön,Öppen,dp,Driftplats,10132,Gsn
2479,f2287237-0aec-4c84-8b29-99bf23d7e285,20251128,99991231,0.243485626306315,212,2,,531180,<20190405,537+82,537+82,274,6973693,Nyhem,Öppen,dp,Driftplats,10397,Ny
2480,569de2e9-8d38-4237-a529-9e4c0ea0c918,20251128,99991231,0.588327302300145,705,2,,328790,<20190405,447+693,447+693,3,6427299,Älvängen,Öppen,dp,Driftplats,4820,Än
2481,6d138fb0-e3bb-49ab-b973-f431af833496,20251128,99991231,0.741176232292389,705,2,,328790,<20190405,447+693,447+693,3,6427299,Älvängen,Öppen,dp,Driftplats,4820,Än
2482,c659ee0d-3a0d-454c-b82a-0912d10443aa,20260222,99991231,0.502220115332488,1100,2,,684688,<20190405,777+846,777+846,182,7063724,Långvattnet,Öppen,dp,Driftplats,10339,Lnv
2483,b41b4672-e69a-4571-b32e-827e9d953057,20251128,99991231,0.527676525467476,502,2,Stor,590922,<20190405,110+784,110+784,30,6547472,Flen,Öppen,dp,Driftplats,901,Fle
2484,629394c3-6b5a-4b68-a569-7ef22a84bfc6,20251128,99991231,0.522798088390129,502,2,Stor,590922,<20190405,110+784,110+784,30,6547472,Flen,Öppen,dp,Driftplats,901,Fle
2485,c633729e-3dba-48b1-9631-4050ffbe5c25,20251128,99991231,0.999999599774006,518,2,,604819,<20190405,95+990,95+990,27,6549930,Sparreholm,Öppen,dp,Driftplats,10485,Sp
2486,ef282570-f64f-4126-9f86-0b2d6510b52a,20251128,99991231,0.025731780663076,2367,2,,502504.3,<20190405,214+382,214+382,127,6535755,Stenkumla,Öppen,dp,Driftplats,10657,Skm
2487,2c932d95-5e87-443a-8a48-225bb469ebd0,20251128,99991231,0.390854182800558,1202,2,,470596,<20190405,609+726,609+726,314,7023439,Krokom OJ,Öppen,lp,linjeplats,2106,Kroj
2488,ba2ca190-fbe3-4f53-96c4-4cba04323eb3,20251128,99991231,0.498135646480891,747,2,,356437,<20190405,119+262,119+262,12,6305761,Heberg,Öppen,dp,Driftplats,10191,He
2489,2c51218f-3c78-4317-84c5-0e57645d85ec,20251128,99991231,0.500363801161144,747,2,,356437,<20190405,119+262,119+262,12,6305761,Heberg,Öppen,dp,Driftplats,10191,He
2490,b95633a7-2f5c-43d1-b6db-e85acac7020b,20251128,99991231,0.68983479017897,523,2,,638726,<20190405,58+660,58+660,29,6547837,Mölnbo,Öppen,dp,Driftplats,2818,Mö
2491,88ea7ab7-90b5-4498-a3dc-6bf837f4a4f7,20251128,99991231,0.800251383808458,523,2,,638726,<20190405,58+660,58+660,29,6547837,Mölnbo,Öppen,dp,Driftplats,2818,Mö
2492,585a8aac-70b7-4be9-b1ee-39b863268595,20251128,99991231,0.507731594879993,814,2,,477302,<20190405,44+259,44+259,14,6224338,Sandbäck,Öppen,dp,Driftplats,10449,Sak
2493,1f486427-662b-4048-9f2f-aa8da7164465,20251128,99991231,0.578092978532563,814,2,,477302,<20190405,44+259,44+259,14,6224338,Sandbäck,Öppen,dp,Driftplats,10449,Sak
2494,5d0683e0-eeba-4774-9faa-4c20266197ad,20251128,99991231,0.791550036560021,181,2,,573518,<20190405,331+732,331+732,114,6816033,Arbrå,Öppen,dp,Driftplats,169,Ab
2495,f04a4f11-8b0b-414a-a221-28a1f0e4bcfc,20251128,99991231,0.695053866753,249,2,,619196,<20190405,283+506,283+506,18,6865514,Harmånger,Öppen,dp,Driftplats,10187,Håg
2496,a6b4d510-5478-4370-9641-07f312585e4e,20251128,99991231,0.366330122117087,249,2,,619196,<20190405,283+506,283+506,18,6865514,Harmånger,Öppen,dp,Driftplats,10187,Håg
2497,d4f4fef9-9839-412f-a4f0-2d0843859b60,20251128,99991231,0.003355508548754,2397,2,,623254,"20200705",334+407,334+407,13,6908574,Nolby,Öppen,dp,Driftplats,10691,Nly
2498,d3eb57ba-4c6f-491e-b0ae-b3e11f375c4b,20251128,99991231,0.270855045682304,391,2,,816893,<20190405,1176+273,1176+273,24,7340768,Niemisel,Öppen,dp,Driftplats,2870,Nml
2499,e6beaa30-0f9d-4d3a-a938-494ca9825096,20251128,99991231,0.76363023256776,391,2,,816893,<20190405,1176+273,1176+273,24,7340768,Niemisel,Öppen,dp,Driftplats,2870,Nml
2500,"091cf1d3-6f60-4afb-b6fa-efa3a94e0bea",20251128,99991231,0.329608713372372,225,2,Stor,604062,<20190405,645+736,645+736,104,7006918,Långsele,Öppen,dp,Driftplats,2529,Lsl
2501,75cc8322-88c4-4e85-a389-9c595101d71d,20251128,99991231,0.295793607275872,162,2,,403832,<20190405,691+594,691+594,378,7031535,Åre,Öppen,dp,Driftplats,4734,Åre
2502,e8447211-b123-4899-a360-31766ed4a62d,20251128,99991231,0.23981428481049,162,2,,403832,<20190405,691+594,691+594,378,7031535,Åre,Öppen,dp,Driftplats,4734,Åre
2503,5bfc8c56-990c-43d7-8bdd-1edf3c8fe829,20251128,99991231,0.392660302590527,2466,2,,463121,"20220401",618+631,618+631,305,7024866,Nälden,Öppen,dp,Driftplats,3000,Nä
2504,abe732c5-7ee7-4770-bfde-1423bac71f73,20251128,99991231,0.917591439543593,1440,2,,556617,<20190405,573+492,573+492,301,6986540,Vackernäset,Öppen,lp,linjeplats,10562,Vnt
2505,57d64af5-5203-4a4e-a6ac-9eaca0b0a1c2,20251128,99991231,0.495848181548249,826,2,,535828,<20190405,306+70,306+70,111,6266114,Vissefjärda,Öppen,dp,Driftplats,10587,Vfa
2506,fca2c94c-b5ec-49fd-9fef-977c8e951fc2,20251128,99991231,0.583518469761657,102,2,,528668,<20190405,250+903,250+903,65,6604334,Spannarboda,Öppen,dp,Driftplats,10484,Sba
2507,871bba7c-bf39-45b7-a2af-ad467f9669f7,20251128,99991231,0.500141918463759,2004,2,,341187,<20190405,423+745,423+745,66,6446100,Varpemossen,Öppen,dp,Driftplats,10566,Vpm
2508,24ed11c6-297e-43f3-a34e-487ec0053043,20251128,99991231,0.499951767894744,2004,2,,341187,<20190405,423+745,423+745,66,6446100,Varpemossen,Öppen,dp,Driftplats,10566,Vpm
2509,1767384d-0786-4641-b4f8-7b6ed71dd03a,20251128,99991231,0.762734725127339,568,2,,575366,<20190405,150+36,150+36,100,6659821,Rosshyttan,Öppen,dp,Driftplats,10427,Ry
2510,93096507-91da-4b34-8494-5aa06f3832e5,20251128,99991231,0.291725930786212,812,2,,467726,<20190405,21+531,22+853,12,6213676,Bromölla,Öppen,dp,Driftplats,490,Bml
2511,864eef90-ed63-41db-8e95-2f3684bb05b8,20251128,99991231,0.342911422677738,812,2,,467726,<20190405,21+531,22+853,12,6213676,Bromölla,Öppen,dp,Driftplats,490,Bml
2512,"0909ef5a-12aa-436c-b9c9-bfeb2e4f1c6e",20251128,99991231,0.551205073692403,563,2,,623296,<20190405,91+718,91+718,60,6640658,Järlåsa,Öppen,dp,Driftplats,10246,Jla
2513,3313f3f0-0f45-4360-be0c-231600bd2ca9,20251128,99991231,0.344792208186799,563,2,,623296,<20190405,91+718,91+718,60,6640658,Järlåsa,Öppen,dp,Driftplats,10246,Jla
2514,34a98eed-7cf2-48fc-97f0-a8ba6cfa344d,20251128,99991231,0.730616854041835,210,2,,521475,<20190405,522+560,522+560,279,6965008,Bodsjön,Öppen,dp,Driftplats,10044,Bön
2515,c3c16ae9-c0e9-466a-9129-d6d31730cf90,20251128,99991231,0.728085840265929,210,2,,521475,<20190405,522+560,522+560,279,6965008,Bodsjön,Öppen,dp,Driftplats,10044,Bön
2516,320d7fb1-18d3-44ec-ba5a-81cd4e53a599,20251128,99991231,0.518556172930626,1425,2,,658267,<20190405,27+257,27+257,30,6564870,Garnudden,Öppen,dp,Driftplats,10130,Gau
2517,33b98487-663e-4725-aec0-b971e881229e,20251128,99991231,0.49295200199293,1425,2,,658267,<20190405,27+257,27+257,30,6564870,Garnudden,Öppen,dp,Driftplats,10130,Gau
2518,f635a77b-db76-4450-9fcb-7744482227ad,20251128,99991231,0.551998364013461,2401,2,,551709,"20210427",188+950,188+950,0,6649648,Ombenning,Öppen,dp,Driftplats,10698,Omb
2519,384f885a-e9e9-4773-950e-37fe6e9aea64,20251128,99991231,0.468188261901664,564,2,,609611,<20190405,106+529,106+529,61,6645563,Morgongåva,Öppen,dp,Driftplats,2731,Må
2520,"00bb914e-a0da-49d8-ad79-6eca52038c13",20251128,99991231,0.878154845975733,337,2,Stor,723637,<20190405,904+626,904+626,244,7139196,Hällnäs,Öppen,dp,Driftplats,10219,Hls
2521,52bf4b16-5d66-4caf-9f82-f2d327f604f5,20251128,99991231,0.577476791104819,337,2,Stor,723637,<20190405,904+626,904+626,244,7139196,Hällnäs,Öppen,dp,Driftplats,10219,Hls
2522,167cd1a5-03ff-4b2b-ad07-2927ba1c456c,20251128,99991231,0.732423784325831,887,2,,432756,<20190405,154+788,154+788,165,6352846,Hillerstorp,Öppen,dp,Driftplats,1491,Hto
2523,740e7a2e-15fe-4a90-8365-a1dfdbf02efa,20251128,99991231,0.299492343416721,887,2,,432756,<20190405,154+788,154+788,165,6352846,Hillerstorp,Öppen,dp,Driftplats,1491,Hto
2524,d802dac3-a88e-4599-a966-679c95cbcb01,20251128,99991231,0.643370013002346,347,2,,730899,<20190405,931+34,931+34,257,7161058,Ekträsk,Öppen,dp,Driftplats,10096,Etk
2525,3055dc7f-9196-417f-8619-ba07c0b87a42,20251128,99991231,0.427915406909503,1355,2,,474408,<20190405,431+353,431+353,146,6311060,Gåvetorp,Öppen,dp,Driftplats,10173,Gåp
2526,da7c04bc-6571-4c51-814f-51a6dc25a919,20251128,99991231,0.498556522930143,1355,2,,474408,<20190405,431+353,431+353,146,6311060,Gåvetorp,Öppen,dp,Driftplats,10173,Gåp
2527,9dc55ee9-31c6-44c7-b293-42affa6cd344,20251128,99991231,0.428095416468442,34,2,,317132,<20190405,21+465,21+465,17,6417547,Ytterby,Öppen,dp,Driftplats,4666,Yb
2528,d58856d8-828a-4856-9caa-a51641a4fc2f,20251128,99991231,0.372765769529484,1195,2,,435192,<20190405,651+838,651+838,308,7019114,Äggfors,Öppen,lp,linjeplats,4791,Äfs
2529,b222d204-0e9a-4540-baeb-c68503877fcb,20251128,99991231,0.500736485515766,1983,2,,832259,<20190405,1196+364,1196+364,145,7344670,Gåsträsken,Öppen,dp,Driftplats,10172,Gen
2530,448efae7-d054-4ff8-9137-e3d2909728fd,20251128,99991231,0.429037856297739,1983,2,,832259,<20190405,1196+364,1196+364,145,7344670,Gåsträsken,Öppen,dp,Driftplats,10172,Gen
2531,b2827185-c2f1-4842-a70d-012c62e50400,20251128,99991231,0.499511099430098,1862,2,,337377,<20190405,432+333,432+333,41,6439683,Torbacken,Öppen,dp,Driftplats,10536,Tbn
2532,d94c8c0c-2331-4b1c-91a2-6138990a9ea6,20251128,99991231,0.498442156947483,844,2,,475762,<20190405,416+708,416+708,188,6325262,Lidnäs,Öppen,dp,Driftplats,10315,Lns
2533,773e5261-2f99-47fe-97d2-05dfeed9e5b5,20251128,99991231,0.526684108638199,1567,2,,410778,<20190405,44+326,44+326,41,6148471,Rydsgård,Öppen,dp,Driftplats,3256,Rdg
2534,a1b013f9-1d54-4a61-974f-3cc5e2e7343a,20251128,99991231,0.527481148436178,1567,2,,410778,<20190405,44+326,44+326,41,6148471,Rydsgård,Öppen,dp,Driftplats,3256,Rdg
2535,537c4184-30d4-4e5e-87bf-7376fd4f4f60,20251128,99991231,0.540823204417616,517,2,,598495,<20190405,103+20,103+20,25,6548595,Skebokvarn,Öppen,dp,Driftplats,10464,Skv
2536,334e57a4-eaca-425d-b533-2d26cba2f547,20251128,99991231,0.548368197716088,517,2,,598495,<20190405,103+20,103+20,25,6548595,Skebokvarn,Öppen,dp,Driftplats,10464,Skv
2537,9486f3f8-5bb9-4c37-8d02-12b36536d98c,20251128,99991231,0.185373521814775,889,2,,415715,<20190405,130+548,130+548,180,6367583,Hestra,Öppen,dp,Driftplats,1482,Het
2538,a77cdae2-5c47-4e1d-a98f-e87f1b2edc9a,20251128,99991231,0.185144420362935,889,2,,415715,<20190405,130+548,130+548,180,6367583,Hestra,Öppen,dp,Driftplats,1482,Het
2539,141a40a5-bc94-4870-b5d3-a07a33d75c4d,20251128,99991231,0.487983004320188,457,2,,662096,<20190405,23+256,23+256,8,6565716,Tumba,Öppen,dp,Driftplats,4239,Tu
2540,508e5ee9-88ca-4470-a677-0fb234fe3430,20251128,99991231,0.64259188240246,457,2,,662096,<20190405,23+256,23+256,8,6565716,Tumba,Öppen,dp,Driftplats,4239,Tu
2541,122681ad-753a-4a02-8827-52e95b96682f,20251128,99991231,0.416481131517371,216,2,,550024,<20190405,563+715,563+715,293,6982067,Övsjö,Öppen,dp,Driftplats,10637,Övö
2542,5b589ec6-8310-49ea-a7fa-085e0aada2cf,20251128,99991231,0.414850739171147,216,2,,550024,<20190405,563+715,563+715,293,6982067,Övsjö,Öppen,dp,Driftplats,10637,Övö
2543,e703b865-2dcb-400c-8a21-cc92168d0a46,20251128,99991231,0.502035811033048,922,2,,393466,<20190405,31+947,31+947,62,6222146,Hyllstofta,Öppen,dp,Driftplats,10213,Hyl
2544,471983a1-48f1-4708-bacb-cdc74a4dc9a3,20251128,99991231,0.501578212090736,922,2,,393466,<20190405,31+947,31+947,62,6222146,Hyllstofta,Öppen,dp,Driftplats,10213,Hyl
2545,8f93b90f-e781-4b6a-8c7c-3c96d74653ed,20251128,99991231,0.442365373398843,158,2,,450598,<20190405,633+373,633+373,297,7022943,Trångsviken,Öppen,dp,Driftplats,4224,Tåv
2546,d0ea67e0-fad7-48cd-84ef-f5210c57fbee,20251128,99991231,0.404419127727573,158,2,,450598,<20190405,633+373,633+373,297,7022943,Trångsviken,Öppen,dp,Driftplats,4224,Tåv
2547,e44a58cc-a209-4fac-b629-5cafd285b847,20251128,99991231,0.317603775285011,820,2,,517593,<20190405,99+784,99+912,5,6229093,Ronneby,Öppen,dp,Driftplats,3219,Rb
2548,6e90606e-e10a-48af-a437-b5a9c14a7ad1,20251128,99991231,0.475778197499916,1350,2,,657981,<20190405,30+350,30+350,46,6560482,Malmsjö,Öppen,dp,Driftplats,10351,Msj
2549,88525338-b5a7-4017-8a39-a19fdd4a9f5f,20251128,99991231,0.574782062048906,1350,2,,657981,<20190405,30+350,30+350,46,6560482,Malmsjö,Öppen,dp,Driftplats,10351,Msj
2550,d696a8a4-4db4-4604-8758-318e2ce0081d,20251128,99991231,0.782768635072996,1350,2,,657981,<20190405,30+350,30+350,46,6560482,Malmsjö,Öppen,dp,Driftplats,10351,Msj
2551,de0cfec6-8a39-4d7d-bdbf-d1aebbc8254e,20251128,99991231,0.510445765078619,1780,2,,472737,<20190405,148+198,148+198,181,6622431,Grythyttans norra,Öppen,lp,linjeplats,10154,Ghyn
2552,cf0556e4-7283-44e1-935c-1b9b1112fafb,20251128,99991231,0.051260156629663,482,2,,565308,<20190405,187+140,187+140,29,6496625,Fiskeby,Öppen,dp,Driftplats,883,Fi
2553,ce5fb317-3dfb-4038-9111-09628f981304,20251128,99991231,0.862869461677532,164,2,,376740,<20190405,723+583,723+583,537,7023760,Ånn,Öppen,dp,Driftplats,4729,Ånn
2554,a691d8be-54de-4825-9562-dd6734bfe7cc,20251128,99991231,0.809169768800352,164,2,,376740,<20190405,723+583,723+583,537,7023760,Ånn,Öppen,dp,Driftplats,4729,Ånn
2555,3fab440b-be5d-4391-80f1-81d52be3c95b,20251128,99991231,0.414665996506927,2102,2,,370417,<20190405,152+692,152+703,4,6280810,Halmstads rangerbangård,Öppen,dpd,Driftplatsdel,1239,Hdr
2556,eb37bf32-af27-451a-840f-7738ef4284a5,20251128,99991231,0.335516442603543,2102,2,,370417,<20190405,152+692,152+703,4,6280810,Halmstads rangerbangård,Öppen,dpd,Driftplatsdel,1239,Hdr
2557,88486895-4d3a-44d3-9d93-310bacda724a,20251128,99991231,0.479455642570873,1476,2,,472839,<20190405,606+477,606+477,297,7021337,Hissmofors,Öppen,lp,linjeplats,10201,Hmfs
2558,ba12210f-5a08-44ea-b07e-f2dad10562c6,20251128,99991231,0.498871466703777,350,2,,739888,<20190405,956+980,956+980,267,7183364,Kattisträsk,Öppen,dp,Driftplats,10263,Kaä
2559,7c7eff86-6363-4a72-bbb3-941c1c9c99ae,20251128,99991231,0.500840487586974,350,2,,739888,<20190405,956+980,956+980,267,7183364,Kattisträsk,Öppen,dp,Driftplats,10263,Kaä
2560,feb475e4-ba2c-415e-bc84-37023f040b7d,20251128,99991231,0.499585469216173,918,2,,419000,<20190405,5+220,5+221,50,6225730,Finja,Öppen,dp,Driftplats,10104,Fin
2561,e79be515-fbe7-489b-9269-08525a418184,20251128,99991231,0.651877306414524,220,2,,571388,<20190405,595+172,595+172,174,6992883,Ragunda,Öppen,dp,Driftplats,10415,Ru
2562,dc173390-fdc0-410b-9c4e-847ebb64f44d,20251128,99991231,0.790357476512276,220,2,,571388,<20190405,595+172,595+172,174,6992883,Ragunda,Öppen,dp,Driftplats,10415,Ru
2563,3e87f02a-a6b8-46c5-8b8f-3306f7eee716,20251128,99991231,0.499330571962101,220,2,,571388,<20190405,595+172,595+172,174,6992883,Ragunda,Öppen,dp,Driftplats,10415,Ru
2564,b1250242-7428-49c6-9ab8-b2dc334b9f2c,20251128,99991231,0.245324698410653,723,2,,401807,<20190405,357+346,357+346,163,6445371,Floby,Öppen,dp,Driftplats,908,Fby
2565,c2cd7035-2c29-46d8-b765-d765d1deadaa,20251128,99991231,0.724974046013137,723,2,,401807,<20190405,357+346,357+346,163,6445371,Floby,Öppen,dp,Driftplats,908,Fby
2566,5f69c904-ae2a-41e9-a56c-a7b4dd0d97d4,20251128,99991231,0.524859875353978,165,2,,366496,<20190405,735+22,735+22,554,7020648,Enafors,Öppen,dp,Driftplats,781,Ens
2567,2c0e8ac5-2b77-4e52-bbfa-9802fdbf815a,20251128,99991231,0.127214404413776,165,2,,366496,<20190405,735+22,735+22,554,7020648,Enafors,Öppen,dp,Driftplats,781,Ens
2568,74a87a12-edd6-48ef-9a1f-ebaef86847ff,20251128,99991231,0.480608332159981,656,2,,472938,<20190405,143+660,143+660,188,6626758,Hällefors,Öppen,dp,Driftplats,1667,Hlf
2569,dc249caf-adf3-4f42-b827-7588442004b5,20251128,99991231,0.074084710408048,1995,2,,808684,<20190405,1163+239,1163+239,37,7332798,Hundsjön,Öppen,dp,Driftplats,10209,Huö
2570,7064b8c4-8946-4c41-9614-1387122c92da,20251128,99991231,0.695221413146981,84,2,,572694,<20190405,171+232,171+232,74,6675131,Fors,Öppen,dp,Driftplats,923,Fs
2571,aa943471-7af2-46d3-a294-077b095ae6db,20251128,99991231,0.554719841498986,836,2,,434063,<20190405,515+995,516+60,68,6238707,Hästveda,Öppen,dp,Driftplats,10224,Hv
2572,4c780ce1-07b7-4588-93f4-282565bcbe4b,20251128,99991231,0.553330329525027,836,2,,434063,<20190405,515+995,516+60,68,6238707,Hästveda,Öppen,dp,Driftplats,10224,Hv
2573,b04c49a6-9856-4be1-83ea-face2690fece,20251128,99991231,0.95692245903405,660,2,,388215,<20190405,277+900,277+900,55,6572289,Segmon,Öppen,dp,Driftplats,10452,Sgm
2574,4be611b8-e95a-43e0-bdfd-1da4e0580ea4,20251128,99991231,0.782820331622295,660,2,,388215,<20190405,277+900,277+900,55,6572289,Segmon,Öppen,dp,Driftplats,10452,Sgm
2575,f5a239a1-aa5d-45a8-acab-61430997ab24,20251128,99991231,0.7655105177153,323,2,,697097,<20190405,800+258,800+258,144,7077439,Norrfors,Öppen,dp,Driftplats,10386,Nrs
2576,fb3cecbd-d992-4fe4-b0fa-b4d4410621ab,20251128,99991231,0.512023582079655,323,2,,697097,<20190405,800+258,800+258,144,7077439,Norrfors,Öppen,dp,Driftplats,10386,Nrs
2577,1c78d57a-b6f7-480d-852c-c767e6194090,20251128,99991231,0.383976347926697,1937,2,,627013,<20190405,71+470,71+470,23,6548663,Kolke,Öppen,dp,Driftplats,10279,Koe
2578,9f28da4d-6f63-4cc6-9aae-f9372c52afed,20251128,99991231,0.002063776726928,1937,2,,627013,<20190405,71+470,71+470,23,6548663,Kolke,Öppen,dp,Driftplats,10279,Koe
2579,412a3655-53ce-4aa6-90c9-047bfc892fb8,20251128,99991231,0.375721457299582,586,2,,529893,<20190405,185+274,185+274,113,6659606,Söderbärke,Öppen,dp,Driftplats,3962,Sre
2580,ad79ec92-b421-496f-823a-cf6384ead1b2,20251128,99991231,0.099083312255657,586,2,,529893,<20190405,185+274,185+274,113,6659606,Söderbärke,Öppen,dp,Driftplats,3962,Sre
2581,69279bb2-6c2f-42ed-a1da-4e02ea86d758,20251128,99991231,0.500029742043313,653,2,,461150,<20190405,174+395,174+395,183,6612623,Herrhult,Öppen,dp,Driftplats,10197,Hlt
2582,b74b71e0-e0f0-4637-a903-8ed9f1d778e1,20251128,99991231,0.460038119391301,1473,2,,469297,<20190405,611+600,611+600,316,7024875,Storflon,Öppen,dp,Driftplats,10501,Sfn
2583,2e48c606-c9f1-4599-afa8-254dd3976cbb,20251128,99991231,0.460464002418235,1473,2,,469297,<20190405,611+600,611+600,316,7024875,Storflon,Öppen,dp,Driftplats,10501,Sfn
2584,d0cbaad7-fcae-41f8-b1fa-f2c2ebee648c,20251128,99991231,0.546490355751368,101,2,,529701,<20190405,240+400,240+400,92,6614251,Näverkärret,Öppen,dp,Driftplats,10400,Nkt
2585,6cdb5760-bb6b-417e-91f5-affe9f6752ad,20251128,99991231,0.076023832079553,2011,2,,615885,<20190405,275+192,275+192,38,6859205,Stegsskogen,Öppen,dp,Driftplats,10491,Sten
2586,bdf986ca-a4be-45f0-97e1-540d4ddeb1f0,20251128,99991231,0.49692629568457,587,2,,522531,<20190405,196+432,196+432,112,6666683,Smedjebacken,Öppen,dp,Driftplats,3631,Smj
2587,9caa3893-71a3-47df-9513-78dca50d0df9,20251128,99991231,0.499864362969301,326,2,,718259,<20190405,827+930,827+930,178,7078813,Högbränna,Öppen,dp,Driftplats,10225,Hbä
2588,45513f89-1023-4046-9839-9f45f3aad5c9,20251128,99991231,0.499015967982218,326,2,,718259,<20190405,827+930,827+930,178,7078813,Högbränna,Öppen,dp,Driftplats,10225,Hbä
2589,c03bfc16-c60c-4715-bf4e-3a799bc97be3,20251128,99991231,0.48124031135174,701,2,,313104,<20190405,41+115,41+115,11,6435169,Stora Höga,Öppen,dp,Driftplats,3771,Sth
2590,7f9538d4-7831-42e6-8d31-fb55745eda85,20251128,99991231,0.37947489990185,186,2,,561960,<20190405,365+56,365+56,134,6843067,Järvsö,Öppen,dp,Driftplats,1876,Jr
2591,3110a285-6dbc-4fc7-9ade-a4d326e23ba9,20251128,99991231,0.466294734050454,722,2,,393573,<20190405,366+175,366+175,155,6442898,Källeryd,Öppen,dp,Driftplats,10299,Kä
2592,81837d62-ccb3-4b82-9ed5-d1a94e6164ad,20251128,99991231,0.556729488725521,334,2,,730993,<20190405,866+254,866+254,124,7104407,Tväråbäck,Öppen,dp,Driftplats,10548,Tvb
2593,343870d1-7705-4c69-8554-55293a408bae,20251128,99991231,0.304707941398274,334,2,,730993,<20190405,866+254,866+254,124,7104407,Tväråbäck,Öppen,dp,Driftplats,10548,Tvb
2594,50174964-747c-4069-8ef9-006df146d2e9,20251128,99991231,0.534968404944804,334,2,,730993,<20190405,866+254,866+254,124,7104407,Tväråbäck,Öppen,dp,Driftplats,10548,Tvb
2595,c955d998-d959-4bfb-a9c3-361b7eb1574e,20251128,99991231,0.605743930703648,1137,2,,622222,<20190405,341+158,341+158,26,6915084,Stockviksverkens nedre,Öppen,lp,linjeplats,3765,Ston
2596,a4085796-757f-4ab2-9dcb-96d004e47338,20251128,99991231,0.568563032092807,1450,2,,612537,<20190405,184+300,184+300,44,6790717,Gussi,Öppen,dp,Driftplats,10166,Gui
2597,25321f04-87f8-4ec1-9e98-9b72cadcf4ed,20251128,99991231,0.824502168984655,245,2,,622661,<20190405,338+254,338+254,26,6912377,Svartvik,Öppen,dp,Driftplats,10513,Sik
2598,a276e0fc-d87a-4541-9e20-eeda3fa105b7,20251128,99991231,0.740613732799495,245,2,,622661,<20190405,338+254,338+254,26,6912377,Svartvik,Öppen,dp,Driftplats,10513,Sik
2599,13fb4557-5cff-4457-9700-b14ba95d8a77,20251128,99991231,0.528638925450338,2377,2,,419753,<20190405,57+100,57+100,12,6143041,Vilhelmsborg,Öppen,dp,Driftplats,10672,Vlb
2600,d01aaed8-1d3d-42f3-9da2-57996b69796f,20251128,99991231,0.67589827320387,160,2,,423524,<20190405,665+316,665+316,325,7024651,Järpen,Öppen,dp,Driftplats,1873,Jpn
2601,25385451-e0cc-42e5-9edd-4cfb78db2dbf,20251128,99991231,0.606564775581436,160,2,,423524,<20190405,665+316,665+316,325,7024651,Järpen,Öppen,dp,Driftplats,1873,Jpn
2602,1e67fcd0-0c94-4526-a18b-50f1a02e5c4c,20251128,99991231,0.496536900100226,100,2,,532583,<20190405,230+514,230+514,132,6622880,Krampen,Öppen,dp,Driftplats,10288,Krn
2603,a1a97cd4-1473-490a-835b-96045f9b508f,20251128,99991231,0.532713090459546,80,2,,580129,<20190405,194+248,194+248,140,6694923,Dalgränsen,Öppen,dp,Driftplats,10075,Dgn
2604,"0b7cd7c3-a975-4de9-a0d3-d0132c14668a",20251128,99991231,0.065737349244248,80,2,,580129,<20190405,194+248,194+248,140,6694923,Dalgränsen,Öppen,dp,Driftplats,10075,Dgn
2605,7fc18a9a-0c2d-40a5-b74d-5c15a31a4c49,20251128,99991231,0.396482368833013,662,2,,380755,<20190405,297+446,297+446,58,6556651,Säffle,Öppen,dp,Driftplats,3935,Sfl
2606,ac50f739-6233-4d44-b7b1-be92e8cbc05a,20251128,99991231,0.497498246683535,1358,2,,481366,<20190405,369+444,369+444,262,6370538,Ulvstorp,Öppen,dp,Driftplats,10558,Utp
2607,6d20e0ed-3683-4255-9625-c8721dfab46a,20251128,99991231,0.000248596179409,1358,2,,481366,<20190405,369+444,369+444,262,6370538,Ulvstorp,Öppen,dp,Driftplats,10558,Utp
2608,cea23f3d-7457-48d0-b8f7-575b366b4703,20251128,99991231,0.500009027954418,1631,2,,605755,<20190405,228+679,228+679,54,6820822,Myra,Öppen,dp,Driftplats,10371,Myra
2609,4bf51f68-6a73-4dcf-b854-024a839c4f19,20251128,99991231,0.6546327294141,1973,2,,843218,<20190405,1211+695,1211+695,80,7347669,Sågbäcken,Öppen,dp,Driftplats,10518,Sbä
2610,398ff011-6e02-46c9-a76b-5152c2ae58d2,20251128,99991231,0.500316233976402,1973,2,,843218,<20190405,1211+695,1211+695,80,7347669,Sågbäcken,Öppen,dp,Driftplats,10518,Sbä
2611,d464d08f-cd8b-4c8f-9b87-f3cd542c480c,20251128,99991231,0.583905591394951,103,2,,527183,<20190405,257+818,257+818,43,6598027,Sällinge,Öppen,dp,Driftplats,3938,Slg
2612,dbe2e3c4-edd3-4b6e-b7da-10123a4277c5,20251128,99991231,0.63759409215186,783,2,,388343,<20190405,21+146,21+146,48,6152619,Svedala,Öppen,dp,Driftplats,3904,Sea
2613,a4bf4716-4131-454b-bc0b-6fed793db8a5,20251128,99991231,0.41192614927223,1193,2,,441364,<20190405,643+889,643+889,310,7019919,Mattmar,Öppen,lp,linjeplats,2664,Ma
2614,132d0889-23f1-48ea-b47c-77cf7fbd3e33,20251128,99991231,0.499947912709212,336,2,,728727,<20190405,891+900,891+900,177,7128236,Vindeln,Öppen,dp,Driftplats,4517,Vdn
2615,f1dcce22-3d7f-4159-abc5-e1b64c5a30e8,20251128,99991231,0.466674238091304,336,2,,728727,<20190405,891+900,891+900,177,7128236,Vindeln,Öppen,dp,Driftplats,4517,Vdn
2616,41359e27-9562-445d-b696-d0bb0f218339,20251128,99991231,0.498563098076847,393,2,Stor,847600,<20190405,1217+673,1217+673,38,7349061,Morjärv,Öppen,dp,Driftplats,2735,Mjv
2617,bc07119b-53cc-4bd9-9184-6600dbcd1e9f,20251128,99991231,0.656975512963544,393,2,Stor,847600,<20190405,1217+673,1217+673,38,7349061,Morjärv,Öppen,dp,Driftplats,2735,Mjv
2618,b45ca617-5b87-4a68-9da0-d8202de9f8da,20251128,99991231,0.527609247311548,661,2,,386518,<20190405,288+730,288+730,51,6562380,Värmlands Bro,Öppen,dp,Driftplats,4601,Vdb
2619,d7447d33-023a-41d3-b2a9-6a3502921f7a,20251128,99991231,0.50273324041207,82,2,,578123,<20190405,184+746,184+746,131,6686190,Horndal,Öppen,dp,Driftplats,1553,Hl
2620,4e255fbc-482d-4696-b27e-ce6366f00a3a,20251128,99991231,0.433873237368984,707,2,,332074,<20190405,440+836,440+836,4,6433451,Alvhem,Öppen,dp,Driftplats,10005,Alh
2621,b7271235-6b96-4ac4-a240-391af96bc821,20251128,99991231,0.196683133999146,707,2,,332074,<20190405,440+836,440+836,4,6433451,Alvhem,Öppen,dp,Driftplats,10005,Alh
2622,c87d464d-cc22-4036-b22b-be703bd32569,20251128,99991231,0.470618042557273,253,2,,610270,<20190405,246+932,246+932,17,6836373,Iggesund,Öppen,dp,Driftplats,1788,Id
2623,d5515967-c1f4-4fa1-b9d2-0f19367adf5b,20251128,99991231,0.466082574340444,253,2,,610270,<20190405,246+932,246+932,17,6836373,Iggesund,Öppen,dp,Driftplats,1788,Id
2624,882d6711-81f4-42e7-92e6-5b396bc0ddd2,20251128,99991231,0.451780313586747,253,2,,610270,<20190405,246+932,246+932,17,6836373,Iggesund,Öppen,dp,Driftplats,1788,Id
2625,1054c9b5-f72d-4eb8-8328-385c1234f3dc,20251128,99991231,0.466545449484448,532,2,,651279,<20190405,36+351,36+351,23,6562834,Södertälje hamn,Öppen,dpd,Driftplatsdel,3976,Söd
2626,f12210c2-8f94-48e8-957d-dabec4166c8c,20251128,99991231,0.499224823628559,567,2,,582684,<20190405,138+14,138+14,89,6650880,Broddbo,Öppen,dp,Driftplats,10053,Bdo
2627,aff1eb07-f38f-4c8f-8b9b-9db4aa596dfe,20251128,99991231,0.519142366440049,516,2,,583467,<20190405,119+190,119+190,26,6544328,Sköldinge,Öppen,dp,Driftplats,10475,Sde
2628,1e685785-c5ef-4786-a83a-d75982831c3a,20251128,99991231,0.38799274917119,180,2,,575330,<20190405,325+701,325+701,100,6810404,Lottefors,Öppen,dp,Driftplats,10329,Lot
2629,2acb25a1-cf51-41a2-a1ed-31e0fde28691,20251128,99991231,0.500636096666262,1283,2,,397645,<20190405,260+822,260+822,51,6585861,Vålberg,Öppen,lp,linjeplats,4574,Våb
2630,6e5675a6-780c-478d-a7d3-254095079ef4,20251128,99991231,0.50229606130488,703,2,,313613,<20190405,32+374,32+374,28,6426870,Kode,Öppen,dp,Driftplats,2057,Kde
2631,52e3599b-e304-4453-b4ef-5c76b4e41a9e,20251128,99991231,0.50229606130488,703,2,,313613,<20190405,32+374,32+374,28,6426870,Kode,Öppen,dp,Driftplats,2057,Kde
2632,b2793fd6-9226-4554-824e-5268a56f2d1b,20251128,99991231,0.573858132725168,1674,2,,370661,<20190405,149+266,149+266,13,6284282,Furet,Öppen,dpd,Driftplatsdel,10122,Fur
2633,61723918-0a3b-41e9-854f-c4ef1d2ea12b,20251128,99991231,0.783452871980658,1674,2,,370661,<20190405,149+266,149+266,13,6284282,Furet,Öppen,dpd,Driftplatsdel,10122,Fur
2634,e0700a75-b7ba-48e7-a61e-0365774d86e5,20251128,99991231,0.469014193110429,33,2,,316531,<20190405,14+810,14+810,14,6411094,Säve,Öppen,dp,Driftplats,10522,Sve
2635,564fd40a-9a4d-4457-b701-1bc782bd7f94,20251128,99991231,0.469005377382258,33,2,,316531,<20190405,14+810,14+810,14,6411094,Säve,Öppen,dp,Driftplats,10522,Sve
2636,d0949e8c-5c10-4101-b1bb-b0740ed346d7,20251128,99991231,0.463811105475788,173,2,,600610,<20190405,28+337,28+337,76,6746729,Kolforsen,Öppen,dp,Driftplats,2065,Kfn
2637,d27fe147-7497-4c94-8a89-dec5a49d449a,20251128,99991231,0.461267738144889,173,2,,600610,<20190405,28+337,28+337,76,6746729,Kolforsen,Öppen,dp,Driftplats,2065,Kfn
2638,67e0b71a-ac39-4fd9-9f31-d405e14d8fef,20251128,99991231,0.396870612893314,522,2,,632674,<20190405,65+320,65+320,13,6547755,Gnesta,Öppen,dp,Driftplats,1108,Gn
2639,1ff6fd36-bd0b-499a-ba0c-be06b6fb8481,20251128,99991231,0.294399242694193,522,2,,632674,<20190405,65+320,65+320,13,6547755,Gnesta,Öppen,dp,Driftplats,1108,Gn
2640,1997a1f1-2ceb-4514-be98-6a124e19510e,20251128,99991231,0.232295067604968,475,2,,525319,<20190405,241+445,241+445,84,6471487,Vikingstad,Öppen,dp,Driftplats,4502,Vsd
2641,c83d0df3-943d-4676-aebf-2d10528d5e52,20251128,99991231,0.500081061732669,842,2,,466797,<20190405,450+191,450+310,160,6293992,Vislanda,Öppen,dp,Driftplats,4543,Vs
2642,c2cde5dc-6c80-472b-9920-9a5bde2d11b9,20251128,99991231,0.500668817875424,842,2,,466797,<20190405,450+191,450+310,160,6293992,Vislanda,Öppen,dp,Driftplats,4543,Vs
2643,afe0da1c-dd0c-4ac7-b372-952f7eb491eb,20251128,99991231,0.500238567761699,1630,2,,606465,<20190405,217+832,217+832,39,6810143,Losesjön,Öppen,dp,Driftplats,10327,Lsn
2644,180f397b-f320-424d-8a46-be422d6d2dc3,20251128,99991231,0.317142851896009,247,2,,622404,<20190405,315+715,315+715,78,6892415,Årskogen,Öppen,dp,Driftplats,10610,Åkg
2645,"084bb31d-b1e5-400c-b559-ba82fb8fdfd1",20251128,99991231,0.148825685147025,247,2,,622404,<20190405,315+715,315+715,78,6892415,Årskogen,Öppen,dp,Driftplats,10610,Åkg
2646,5e53214c-56eb-4b66-b1ad-e33b6e5b0dc3,20251128,99991231,0.378160702608164,712,2,,341647,<20190405,405+637,405+637,44,6463908,Trollhättan,Öppen,dp,Driftplats,4212,Thn
2647,eca5dfb0-6b04-4457-b16e-881e5baff785,20251128,99991231,0.279734938942157,712,2,,341647,<20190405,405+637,405+637,44,6463908,Trollhättan,Öppen,dp,Driftplats,4212,Thn
2648,8cc1653c-1cf3-4e5f-b3b4-e7f085ff85fe,20251128,99991231,0.479448185375527,2026,2,,538128.74,<20190405,125+236,347+700,2,6227130.1,Gullberna,Öppen,dpd,Driftplatsdel,10664,Gua
2649,6fbad448-c3a9-4a8a-bc65-fb7c21851319,20251128,99991231,0.86800491448909,2026,2,,538128.74,<20190405,125+236,347+700,2,6227130.1,Gullberna,Öppen,dpd,Driftplatsdel,10664,Gua
2650,4223e57e-12f5-4f90-aa82-9725080cfed1,20251128,99991231,0.895900803256926,2026,2,,538128.74,<20190405,125+236,347+700,2,6227130.1,Gullberna,Öppen,dpd,Driftplatsdel,10664,Gua
2651,a3c19ce4-ef28-4346-891f-cba7d123fd2e,20251128,99991231,0.502261568732606,519,2,,606969,<20190405,93+142,93+142,50,6551327,Nyckelsjön,Öppen,dp,Driftplats,10395,Nsj
2652,2febdbd6-6e58-4db4-8c06-7e1aeedb4f94,20251128,99991231,0.000662951380879,519,2,,606969,<20190405,93+142,93+142,50,6551327,Nyckelsjön,Öppen,dp,Driftplats,10395,Nsj
2653,ee068727-8f7d-4830-a217-2b72cd07e65b,20251128,99991231,0.467162622152318,1453,2,,415957,<20190405,49+750,49+750,49,6147780,Rynge,Öppen,dp,Driftplats,10434,Rye
2654,3caf2097-5547-46a2-8735-21fb3f581c18,20251128,99991231,0.467162622152318,1453,2,,415957,<20190405,49+750,49+750,49,6147780,Rynge,Öppen,dp,Driftplats,10434,Rye
2655,5d4bbf0f-4f5d-4222-a6bd-b10f255f19c8,20251128,99991231,0.486585813975213,348,2,,736093,<20190405,940+649,940+649,280,7168498,Lubboträsk,Öppen,dp,Driftplats,10330,Luä
2656,2c76aba3-97c0-40f6-9160-ce01fddfb5de,20251128,99991231,0.833450822222991,784,2,,405082,<20190405,38+562,38+562,55,6149256,Skurup,Öppen,dp,Driftplats,3548,Srp
2657,4684b77c-1299-4a1c-b4dd-b72ff479c219,20251128,99991231,0.833112714422755,784,2,,405082,<20190405,38+562,38+562,55,6149256,Skurup,Öppen,dp,Driftplats,3548,Srp
2658,815519f4-ff34-4256-a8ff-79ea541086cd,20251128,99991231,0.467690691893924,346,2,,724398,<20190405,917+635,917+635,245,7150980,Yttersjön,Öppen,dp,Driftplats,10599,Yö
2659,7a273a58-d306-4125-a2b9-f2a1f1211754,20251128,99991231,0.151805047778686,346,2,,724398,<20190405,917+635,917+635,245,7150980,Yttersjön,Öppen,dp,Driftplats,10599,Yö
2660,1ac2355d-fffe-4359-a4de-c76ad73ff996,20251128,99991231,0.502084549300701,605,2,,486737,<20190405,220+219,220+219,94,6541344,Linddalen,Öppen,dp,Driftplats,10318,Lln
2661,46779a39-898f-456a-9a2f-6260173164f4,20251128,99991231,0.225332534346388,605,2,,486737,<20190405,220+219,220+219,94,6541344,Linddalen,Öppen,dp,Driftplats,10318,Lln
2662,d044d160-2358-4366-a7e7-566a5f1169ca,20251128,99991231,0.499599780471734,651,2,,454415,<20190405,184+809,184+809,132,6611836,Daglösen,Öppen,dp,Driftplats,631,Dgö
2663,e2c4fe45-c350-4df5-866b-3647e0f345fb,20251128,99991231,0.528235031219165,840,2,,452225,<20190405,472+607,472+608,143,6277147,Diö norra,Öppen,dp,Driftplats,10082,Diö
2664,4fffd6f1-c156-4d42-984b-829384a8de9d,20251128,99991231,0.008095550804915,840,2,,452225,<20190405,472+607,472+608,143,6277147,Diö norra,Öppen,dp,Driftplats,10082,Diö
2665,4ac74ae5-0f8d-4a73-9e35-c01f71c45a38,20260222,99991231,0.608375351974534,320,2,,678675,<20190405,761+294,761+294,143,7052051,Björna,Öppen,dp,Driftplats,10033,Bj
2666,2751e04f-f11d-4df4-a1a6-2eb6cec29c5c,20251128,99991231,0.303361606835434,818,2,,507195,<20190405,82+847,82+847,32,6231837,Bräkne-Hoby,Öppen,dp,Driftplats,521,Bhb
2667,df632c97-a0f6-4e06-8e5d-e265dc054bc0,20251128,99991231,0.405277481448725,1349,2,,667224,<20190405,18+364,18+364,69,6566413,Björnkulla,Öppen,dp,Driftplats,10037,Bjn
2668,a8929077-2803-441c-9dd9-1c6d273ad8a7,20251128,99991231,0.025845908561535,1996,2,,823475,<20190405,1183+807,1183+807,44,7342347,Bjurå,Öppen,dp,Driftplats,10031,Brå
2669,7bf890ff-707e-49bb-af66-02f6df1bf6b8,20251128,99991231,0.395291989536011,79,2,,580064,<20190405,201+830,201+830,89,6702306,Hästbo,Öppen,dp,Driftplats,10223,Hä
2670,17b8bf33-798d-41a2-b3f4-849289ed45d1,20251128,99991231,0.240427539994366,83,2,,576105,<20190405,178+918,178+918,99,6681368,Morshyttan,Öppen,dp,Driftplats,10367,Mrs
2671,e94bc7a6-1a09-47eb-9657-42978479e19c,20251128,99991231,0.452380626092314,246,2,,624794,<20190405,327+323,327+323,38,6902466,Maj,Öppen,dp,Driftplats,10349,Maj
2672,9eb58040-0dab-4ffe-bb00-4e959384eb6c,20251128,99991231,0.452380589304561,246,2,,624794,<20190405,327+323,327+323,38,6902466,Maj,Öppen,dp,Driftplats,10349,Maj
2673,b229cffd-c80e-4e85-b025-b3bd2a7aae7c,20260222,99991231,0.494995625711654,418,2,,669123,<20190405,741+206,741+206,89,7038615,Gottne,Öppen,dp,Driftplats,10143,Ge
2674,c70cae7f-017d-4672-a3dd-c1e4bc2a19c1,20251128,99991231,0.506570219647623,2376,2,,422919,<20190405,219+753,219+753,108,6607972,Sandmon,Öppen,dp,Driftplats,10645,Sdm
2675,80c1acf5-1109-4a9e-8f2f-3351a3a9dfc1,20251128,99991231,0.500903339528924,841,2,,459575,<20190405,461+769,461+769,159,6285062,Eneryda,Öppen,dp,Driftplats,10098,Era
2676,44ad5506-3bb5-431b-8141-ccbf6ab8c150,20251128,99991231,0.498940892254412,841,2,,459575,<20190405,461+769,461+769,159,6285062,Eneryda,Öppen,dp,Driftplats,10098,Era
2677,2f81f851-cdda-4386-a957-9021df37a510,20251128,99991231,0.53689329595791,1967,2,,498603,<20190405,71+517,71+517,27,6229716,Ångsågsmossen,Öppen,dp,Driftplats,10608,Åmn
2678,22234a73-542e-4611-8ee9-58c9b5988952,20251128,99991231,0.500565841285937,821,2,,532696,<20190405,117+299,117+299,8,6229693,Nättraby,Öppen,dp,Driftplats,3020,Nät
2679,50231191-ba23-4e5b-9be1-f4c9f4904ec9,20251128,99991231,0.076673740379989,182,2,,572750,<20190405,337+164,337+164,118,6821257,Vallsta,Öppen,dp,Driftplats,4400,Vl
2680,b3af71fb-feff-4e49-8c96-4d62781477fb,20251128,99991231,0.497082098470329,824,2,,536765,<20190405,333+720,333+720,72,6240771,Spjutsbygd,Öppen,dp,Driftplats,10487,Spj
2681,6ee7afc6-f80e-4830-ad76-c2d898915e0a,20251128,99991231,0.431458830815233,816,2,,491705,<20190405,61+648,61+648,10,6225803,Karlshamn,Öppen,dp,Driftplats,1944,Kh
2682,561e0c2f-79f9-4e8a-b3ee-6089967dcd6a,20251128,99991231,0.365896009165284,2025,2,,607915,<20190405,209+140,209+140,21,6801604,Källene,Öppen,dp,Driftplats,10641,Käe
2683,3cbfd5c6-f9d2-4e71-a2dd-1a9abb65f43e,20251128,99991231,0.667238729654704,217,2,,554902,<20190405,570+257,570+257,296,6983894,Kälarne,Öppen,dp,Driftplats,2222,Kln
2684,24acf457-54d0-4f7f-af2b-188f8d7fdd7c,20251128,99991231,0.524169370091953,1452,2,,396620,<20190405,29+800,29+800,54,6150716,Lemmeströ,Öppen,dp,Driftplats,10312,Lmm
2685,"0f39f3c6-e814-4009-b6e2-7eac40e06940",20251128,99991231,0.523903831266607,1452,2,,396620,<20190405,29+800,29+800,54,6150716,Lemmeströ,Öppen,dp,Driftplats,10312,Lmm
2686,bb100693-c47e-487f-86d0-74b4307083f3,20251128,99991231,0.855863638583867,251,2,,611455,<20190405,259+450,259+450,3,6845315,Hudiksvall,Öppen,dp,Driftplats,1579,Hkl
2687,93506cab-4c05-4e03-a76c-9fe01182c203,20251128,99991231,0.869643509431778,251,2,,611455,<20190405,259+450,259+450,3,6845315,Hudiksvall,Öppen,dp,Driftplats,1579,Hkl
2688,9b58df97-a151-442b-8cca-6405fa9ce127,20251128,99991231,0.809312787691496,681,2,,460988,<20190405,40+182,176+966,150,6609572,Nykroppa,Öppen,dp,Driftplats,2973,Nka
2689,c8f40672-8e56-49ab-bcc7-7b0514e65a44,20251128,99991231,0.499969153077942,2375,2,,383500,<20190405,15+218,15+218,39,6155756,Skabersjö,Öppen,dp,Driftplats,10671,Saö
2690,"0f178683-fedc-4b57-9c87-588324c296f6",20251128,99991231,0.500038665726875,2375,2,,383500,<20190405,15+218,15+218,39,6155756,Skabersjö,Öppen,dp,Driftplats,10671,Saö
2691,"05927da8-ca0f-4aea-aded-53d47804086c",20251128,99991231,0.37938195916004,716,2,Stor,383288,<20190405,377+536,377+536,108,6439223,Herrljunga central,Öppen,dpd,Driftplatsdel,1476,Hrc
2692,"041a4710-910c-4e35-8631-d8bdfdc2fcdc",20251128,99991231,0.407302279463332,1980,2,,621081,<20190405,310+291,310+291,88,6887490,Tjärnvik,Öppen,dp,Driftplats,10533,Tjä
2693,"08944ebe-3f0a-4b69-a488-f75afc1092da",20251128,99991231,0.602220142584353,1863,2,,619160,<20190405,306+500,306+500,71,6884269,Gryttje,Öppen,lp,linjeplats,10155,Gry
2694,43b7b51d-bd58-4d64-b851-168180613cc0,20251128,99991231,0.787830706582811,923,2,,383776,<20190405,41+643,41+664,34,6222200,Klippan,Öppen,dp,Driftplats,2034,Kl
2695,bbd1841e-9032-4c73-acb6-7c24c100ca40,20251128,99991231,0.39334177297455,211,2,,524675,<20190405,528+420,528+420,272,6969416,Grötingen,Öppen,dp,Driftplats,10159,Grö
2696,aa5c80ca-5577-4112-a4f9-b935930edc2b,20251128,99991231,0.582420806068719,211,2,,524675,<20190405,528+420,528+420,272,6969416,Grötingen,Öppen,dp,Driftplats,10159,Grö
2697,9610bcf4-90e3-412a-8452-546393e0a60f,20251128,99991231,0.493796921645814,324,2,,706196,<20190405,810+898,810+898,174,7079794,Brattsbacka,Öppen,dp,Driftplats,10049,Brs
2698,120788bf-18db-45fa-820e-7ed3f8909a68,20251128,99991231,0.577845787863442,214,2,,537491,<20190405,550+242,550+242,351,6980748,Dockmyr,Öppen,dp,Driftplats,10084,Dk
2699,d8296633-c410-435d-9fac-84811c2b5c03,20251128,99991231,0.588118549741089,214,2,,537491,<20190405,550+242,550+242,351,6980748,Dockmyr,Öppen,dp,Driftplats,10084,Dk
2700,e21ea013-b4f4-4de0-acd1-f68c82973064,20251128,99991231,0.925837211327918,163,2,,395938,<20190405,699+866,699+866,385,7030708,Duved,Öppen,dp,Driftplats,712,Du
2701,371fc51c-82b1-4e46-89f0-bca089f7037a,20251128,99991231,0.737665935060304,163,2,,395938,<20190405,699+866,699+866,385,7030708,Duved,Öppen,dp,Driftplats,712,Du
2702,a54c16cc-a622-4650-9a68-b3150cedf54d,20251128,99991231,0.484719569653332,1927,2,,348353,<20190405,107+472,107+472,23,6311189,Falkenberg personstation,Öppen,dp,Driftplats,1594,Fabp
2703,b9132186-b972-411f-9d41-ef5efc04abd8,20251128,99991231,0.417562505013878,1927,2,,348353,<20190405,107+472,107+472,23,6311189,Falkenberg personstation,Öppen,dp,Driftplats,1594,Fabp
2704,3fe2be8f-f3dd-4550-9422-1878bc03c5c7,20251128,99991231,0.585914534940897,753,2,,383213,<20190405,156+635,156+635,88,6314309,Torup,Öppen,dp,Driftplats,4176,Tou
2705,e0fd06d8-3920-42fc-998d-786d04c2b6d8,20251128,99991231,0.011850353512362,753,2,,383213,<20190405,156+635,156+635,88,6314309,Torup,Öppen,dp,Driftplats,4176,Tou
2706,95bb7cde-298f-43a6-9927-9748e1e23b3a,20251128,99991231,0.497248643339123,1237,2,,569671,<20190405,587+863,587+863,242,6989553,Singsån,Öppen,dp,Driftplats,10459,Sngå
2707,2f0f20d9-ea88-4ae9-a13c-bd1f508a64a1,20251128,99991231,0.499143687580544,1237,2,,569671,<20190405,587+863,587+863,242,6989553,Singsån,Öppen,dp,Driftplats,10459,Sngå
2708,"027b1ed6-898b-4db3-992a-8fff585680a7",20251128,99991231,0.521592423651392,835,2,,428706,<20190405,525+809,525+816,46,6230693,Mosselund,Öppen,dp,Driftplats,10368,Mud
2709,94a39de4-eef0-44e0-a8b9-c1db48e753f7,20251128,99991231,0.529815830109129,520,2,,614920,<20190405,84+923,84+923,28,6551010,Stjärnhov,Öppen,dp,Driftplats,10494,Sh
2710,79804f48-2ef0-4943-8ee6-375cf815e1b1,20251128,99991231,0.860266287869212,520,2,,614920,<20190405,84+923,84+923,28,6551010,Stjärnhov,Öppen,dp,Driftplats,10494,Sh
2711,e93bfbcc-e647-4f21-8837-2f49997314d0,20251128,99991231,0.486644351437389,187,2,,561471,<20190405,368+872,368+872,120,6846776,Skästra,Öppen,dp,Driftplats,3583,Skä
2712,2fefd6cf-f950-4184-a5bb-36515748c261,20251128,99991231,0.662364004992694,510,2,,505409,<20190405,286+280,286+280,94,6472429,Skänninge,Öppen,dp,Driftplats,3572,Skn
2713,431adb9c-6eac-4454-890e-988f81abae49,20251128,99991231,0.612520833106663,510,2,,505409,<20190405,286+280,286+280,94,6472429,Skänninge,Öppen,dp,Driftplats,3572,Skn
2714,97e60127-36cb-4abc-955f-6cdc58faec24,20251128,99991231,0.509348136566163,172,2,,607779,<20190405,16+743,16+743,67,6739131,Oslättfors,Öppen,dp,Driftplats,3081,Osl
2715,f4aba0fb-85d4-4317-a0b9-db880e8dba57,20251128,99991231,0.021673413643998,172,2,,607779,<20190405,16+743,16+743,67,6739131,Oslättfors,Öppen,dp,Driftplats,3081,Osl
2716,e9904f64-cc3c-4368-aea6-7794afcf71d9,20251128,99991231,0.55738927197739,658,2,,398620,<20190405,256+540,256+540,65,6589939,Edsvalla,Öppen,dp,Driftplats,10093,El
2717,f256b357-1fe5-4c91-a7a9-e12daf1cb092,20251128,99991231,0.378890632791566,658,2,,398620,<20190405,256+540,256+540,65,6589939,Edsvalla,Öppen,dp,Driftplats,10093,El
2718,52001f0b-d81c-4550-bdea-e865a49bf153,20251128,99991231,0.596818344390658,159,2,,432733,<20190405,654+876,654+876,329,7020670,Mörsil,Öppen,dp,Driftplats,2834,Mi
2719,71d27b2c-fb89-48f8-86f8-c32286e2f121,20251128,99991231,0.59656534685612,159,2,,432733,<20190405,654+876,654+876,329,7020670,Mörsil,Öppen,dp,Driftplats,2834,Mi
2720,d7a8bfb7-a692-44ca-8401-a64184ae1b18,20251128,99991231,0.501137868696024,776,2,,369073,<20190405,141+356,141+356,38,6291561,Biskopstorp,Öppen,dp,Driftplats,10029,Btp
2721,"0b049f33-f41d-4007-b3e9-743641dee14d",20251128,99991231,0.999293271273586,776,2,,369073,<20190405,141+356,141+356,38,6291561,Biskopstorp,Öppen,dp,Driftplats,10029,Btp
2722,a476374f-619e-4b54-9d46-0d5c7f454dbc,20251128,99991231,0.029745885994866,1843,2,,659554,<20190405,25+910,25+910,23,6565262,Söderby,Öppen,dp,Driftplats,10524,Södy
2723,a9742f7d-ec91-4bc7-96c3-9d022f698f73,20251128,99991231,0.037377359409358,1843,2,,659554,<20190405,25+910,25+910,23,6565262,Söderby,Öppen,dp,Driftplats,10524,Södy
2724,475c9ce0-eefd-43b6-9ecc-e036c4a7db40,20251128,99991231,0.511852336773262,219,2,,564424,<20190405,582+460,582+460,265,6988834,Håsjö,Öppen,dp,Driftplats,10215,Hå
2725,a33fdda2-d67d-4aec-9a8a-46cbaae52219,20251128,99991231,0.750456263604436,219,2,,564424,<20190405,582+460,582+460,265,6988834,Håsjö,Öppen,dp,Driftplats,10215,Hå
2726,6edc3bd6-c948-4a70-ab50-3972f6310e49,20251128,99991231,0.490072783836923,219,2,,564424,<20190405,582+460,582+460,265,6988834,Håsjö,Öppen,dp,Driftplats,10215,Hå
2727,33f2f4eb-db7f-4ef0-aa0f-2f61e31d0a69,20251128,99991231,0.247189505274965,184,2,,566851,<20190405,352+697,352+697,124,6834750,Karsjö,Öppen,dp,Driftplats,10260,Ksö
2728,2cf23593-745f-42e6-ad67-e317b1788512,20251128,99991231,0.497342201151289,1122,2,,475126,<20190405,407+546,407+546,216,6334142,Grevaryd,Öppen,dp,Driftplats,10148,Grd
2729,ea297c97-253f-4dfb-afba-c0eaeba2be0a,20251128,99991231,0.501412909950561,1122,2,,475126,<20190405,407+546,407+546,216,6334142,Grevaryd,Öppen,dp,Driftplats,10148,Grd
2730,21f489d7-4660-4917-8622-b16a784bcd58,20251128,99991231,0.748205050871958,759,2,,401424,<20190405,111+157,111+157,162,6378024,Limmared,Öppen,dp,Driftplats,2396,Lme
2731,874ce7ef-a036-4344-b155-ec98ba1dd29e,20251128,99991231,0.359007090277943,759,2,,401424,<20190405,111+157,111+157,162,6378024,Limmared,Öppen,dp,Driftplats,2396,Lme
2732,1d1261b4-8a8f-4a45-8365-df42635ac6bc,20251128,99991231,0.564872783899926,759,2,,401424,<20190405,111+157,111+157,162,6378024,Limmared,Öppen,dp,Driftplats,2396,Lme
2733,fcdf2eb1-6c38-48c7-9cb9-ebc0de57986f,20251128,99991231,0.537865425411258,606,2,Stor,477851,<20190405,229+529,229+529,94,6538882,Laxå,Öppen,dp,Driftplats,2318,Lå
2734,6611720f-a549-4aa0-b500-0501284932ea,20251128,99991231,0.658484588407541,161,2,,411745,<20190405,678+501,678+501,376,7021898,Undersåker,Öppen,dp,Driftplats,4341,Un
2735,b886b06e-759c-47b3-913f-9b4c26706855,20251128,99991231,0.658500625256766,161,2,,411745,<20190405,678+501,678+501,376,7021898,Undersåker,Öppen,dp,Driftplats,4341,Un
2736,ca846fd8-a8b0-4a29-ad3b-7252b4f70c39,20251128,99991231,0.499459394415033,1420,2,,456270,<20190405,9+664,9+664,31,6210914,Fjälkinge,Öppen,dp,Driftplats,10107,Fki
2737,ba6f24b4-61c5-4701-9338-8e5ec5ce7a62,20251128,99991231,0.617091732967,1591,2,,381114,<20190405,296+606,296+606,46,6557339,Byälven,Öppen,lp,linjeplats,10068,Byä
2738,56e54e3b-3317-4bac-8a92-97d2b0316cc3,20251128,99991231,0.504057035699158,1381,2,,577157,<20190405,125+891,125+891,37,6542175,Stolpstugan,Öppen,dp,Driftplats,10497,Spn
2739,1dc24cd7-71de-41a2-b1d7-4216c0c728ad,20251128,99991231,0.600430668617195,1381,2,,577157,<20190405,125+891,125+891,37,6542175,Stolpstugan,Öppen,dp,Driftplats,10497,Spn
2740,820bdc11-6bfc-47ef-827c-a89aa4ed1dcb,20251128,99991231,0.882855685199313,695,2,Stor,319985,<20190405,88+485,88+485,7,6472264,Uddevalla central,Öppen,dp,Driftplats,4314,Uv
2741,f4f036b7-88ea-4155-9bd6-23f9d0c9527c,20251128,99991231,0.559376087736428,1962,2,,618286,<20190405,294+96,294+96,50,6875102,Åmyran,Öppen,dp,Driftplats,10606,Åmy
2742,1c3f11ec-d089-46bc-b69e-62479752de6d,20251128,99991231,0.500010594111639,562,2,,636027,<20190405,78+587,78+587,30,6638465,Brunna,Öppen,dp,Driftplats,10056,Bna
2743,2e825157-0fc1-4e69-b890-b940d19c6148,20251128,99991231,0.499685079031258,562,2,,636027,<20190405,78+587,78+587,30,6638465,Brunna,Öppen,dp,Driftplats,10056,Bna
2744,c681fb7f-6ce5-4757-b760-1bb78a489add,20251128,99991231,0.577799209824404,512,2,,502805,<20190405,268+157,268+157,93,6488556,Motala central,Öppen,dp,Driftplats,2751,Mot
2745,215cf602-4904-4ba9-b2e0-3d64582f4b56,20251128,99991231,0.808985235261824,512,2,,502805,<20190405,268+157,268+157,93,6488556,Motala central,Öppen,dp,Driftplats,2751,Mot
2746,ff87d6be-33a5-4608-ae05-ad1ec583be30,20251128,99991231,0.535134075314013,700,2,,312732,<20190405,47+690,47+690,4,6441211,Stenungsund,Öppen,dp,Driftplats,3723,Snu
2747,c3abe930-a782-4438-b594-bc38abc4a203,20251128,99991231,0.552780201988112,2005,2,,623771,<20190405,323+450,323+450,73,6898560,Gårdsjön,Öppen,dp,Driftplats,10171,Gön
2748,6c527204-ae2c-49b1-ab1a-88501198beb1,20251128,99991231,0.552780460999433,2005,2,,623771,<20190405,323+450,323+450,73,6898560,Gårdsjön,Öppen,dp,Driftplats,10171,Gön
2749,adf39cda-2213-4481-86c6-511a9803ba49,20251128,99991231,0.684210793131399,222,2,,590035,<20190405,618+578,618+578,240,6992858,Fångsjöbacken,Öppen,dp,Driftplats,10126,Fgö
2750,27f59645-9151-401a-9dee-92c1da3d8a47,20251128,99991231,0.501348697152358,222,2,,590035,<20190405,618+578,618+578,240,6992858,Fångsjöbacken,Öppen,dp,Driftplats,10126,Fgö
2751,83f2c149-869a-4e1b-90a4-0d134cdd7f58,20251128,99991231,0.636549533605292,218,2,,558802,<20190405,576+670,576+670,281,6988398,Roback,Öppen,dp,Driftplats,10425,Rob
2752,3c42be1b-5c2a-4ff7-9149-82fbbb7bc056,20251128,99991231,0.633251839022451,218,2,,558802,<20190405,576+670,576+670,281,6988398,Roback,Öppen,dp,Driftplats,10425,Rob
2753,a50d514a-5583-4c13-a419-3aa576b4ca90,20251128,99991231,0.51599351356049,813,2,,474033,<20190405,30+579,30+595,2,6211661,Sölvesborg,Öppen,dp,Driftplats,3989,Sög
2754,43df6163-21a9-4fa4-9942-7f6c59f162b3,20251128,99991231,0.496882297869668,349,2,,737789,<20190405,948+77,948+77,260,7174964,Åsträsk,Öppen,dp,Driftplats,10616,Åst
2755,6431d2e4-2984-4cac-98b2-f91d9e124821,20251128,99991231,0.854142601376611,349,2,,737789,<20190405,948+77,948+77,260,7174964,Åsträsk,Öppen,dp,Driftplats,10616,Åst
2756,e32cf8cd-0017-4f9c-ab3e-64a46f598829,20251210,99991231,0.536453416226051,849,2,,481879,<20190405,360+443,360+443,290,6379414,Grimstorp,Öppen,dp,Driftplats,10150,Gt
2757,9c262860-9f2e-402c-a445-d96687a4a28b,20251210,99991231,0.49908041267897,849,2,,481879,<20190405,360+443,360+443,290,6379414,Grimstorp,Öppen,dp,Driftplats,10150,Gt
2758,f83ba75b-48ce-403c-a51c-00d51a83b686,20251128,99991231,0.919369888642445,1442,2,,377065,<20190405,163+700,163+700,23,6273638,Eldsberga,Öppen,dp,Driftplats,10097,Ea
2759,81590535-5624-426c-a48b-83223deffeab,20251128,99991231,0.11037790267455,1442,2,,377065,<20190405,163+700,163+700,23,6273638,Eldsberga,Öppen,dp,Driftplats,10097,Ea
2760,fb1e302a-08fc-40b6-a7a5-0e37d3692794,20251128,99991231,0.500288620276712,1236,2,,474817,<20190405,398+527,398+527,210,6343087,Rörvik,Öppen,dp,Driftplats,10444,Rk
2761,aef84965-54f6-4ef1-b38f-419eab51cf35,20251128,99991231,0.527032558311435,750,2,Stor,369157,<20190405,151+594,151+594,4,6282646,Halmstads central,Öppen,dpd,Driftplatsdel,1380,Hd
2762,c3e76b50-4073-49ac-be6c-203833527893,20251128,99991231,0.466604651503677,750,2,Stor,369157,<20190405,151+594,151+594,4,6282646,Halmstads central,Öppen,dpd,Driftplatsdel,1380,Hd
2763,13169bec-5829-4afb-84e7-d6503895627a,20251128,99991231,0.536381058388236,750,2,Stor,369157,<20190405,151+594,151+594,4,6282646,Halmstads central,Öppen,dpd,Driftplatsdel,1380,Hd
2764,8139ce7e-82f1-411a-9004-5e273b241653,20251128,99991231,0.499387614619906,1094,2,,469763,<20190405,443+629,443+629,154,6299853,Blädinge,Öppen,dp,Driftplats,10041,Bld
2765,aca4d205-6504-4c87-9415-f1b36b8f116e,20251128,99991231,0.47908638985724,1094,2,,469763,<20190405,443+629,443+629,154,6299853,Blädinge,Öppen,dp,Driftplats,10041,Bld
2766,92268b89-dc62-40c4-b231-e97563bf98a5,20251128,99991231,0.544438713041097,684,2,,492242,<20190405,214+510,214+510,75,6542463,Vretstorp,Öppen,dp,Driftplats,10592,Vt
2767,8c282060-e14a-4139-9b7c-055fa3c56987,20251128,99991231,0.806578969704824,461,2,,651885,<20190405,34+240,34+240,19,6563678,Östertälje,Öppen,dp,Driftplats,4947,Öte
2768,efeb1a07-34df-446b-b15b-22f837f2e9a6,20251128,99991231,0.293123544631267,756,2,,394862,<20190405,136+817,136+817,129,6327263,Landeryd,Öppen,dp,Driftplats,2297,Lrd
2769,133ecfee-d6ff-402c-8e47-59df9fd5d243,20251128,99991231,0.530733174298149,1987,2,,556637,<20190405,204+770,204+770,38,6485560,Norsholm,Öppen,lp,linjeplats,10391,Nh
2770,2011d1ab-25b5-4de9-b7ba-15792c918c07,20251128,99991231,0.530733632325503,1987,2,,556637,<20190405,204+770,204+770,38,6485560,Norsholm,Öppen,lp,linjeplats,10391,Nh
2771,c01a1ca7-02fd-4940-855a-8842361440ca,20251128,99991231,0.594485740261213,114,2,Stor,510133,<20190405,70+125,70+125,157,6668117,Ludvika,Öppen,dp,Driftplats,2472,La
2772,b700c502-d17d-4b40-9788-e7614ec03290,20251128,99991231,0.515225273099275,516,2,,583467,<20190405,119+190,119+190,26,6544328,Sköldinge,Öppen,dp,Driftplats,10475,Sde
2773,4bea018b-1070-41e6-b678-c9c0b3d24dcd,20251128,99991231,0.498691964446798,1349,2,,667224,<20190405,18+364,18+364,69,6566413,Björnkulla,Öppen,dp,Driftplats,10037,Bjn
2774,5caded4e-8ea9-41b5-b4e0-817fb9840dec,20251128,99991231,0.504990826891059,1329,2,,553325,<20190405,209+544,209+544,51,6482344,Gistad,Öppen,dp,Driftplats,10140,Gi
2775,15cbae7d-576f-4bcf-ae21-e9d1ee245208,20251128,99991231,0.997684992448618,1329,2,,553325,<20190405,209+544,209+544,51,6482344,Gistad,Öppen,dp,Driftplats,10140,Gi
2776,"02afc54b-9978-476d-928c-faa4a14e624d",20251128,99991231,0.500344136297034,681,2,,460988,<20190405,40+182,176+966,150,6609572,Nykroppa,Öppen,dp,Driftplats,2973,Nka
2777,7e82b2e9-4138-4e8c-826b-7dd55ba382ed,20251128,99991231,0.967317689657525,1267,2,,486387,<20190405,55+704,55+704,6,6225796,Vekerum,Öppen,dp,Driftplats,4470,Vru
2778,"0fc47df2-8fb5-45bc-a27e-b4c7a2c043e7",20251128,99991231,0.474377845750147,843,2,,474281,<20190405,424+523,424+523,158,6317813,Moheda,Öppen,dp,Driftplats,10363,Mo
2779,c3376eaa-e124-40e9-aa74-2b72bcbbcbfe,20251128,99991231,0.554843037477999,843,2,,474281,<20190405,424+523,424+523,158,6317813,Moheda,Öppen,dp,Driftplats,10363,Mo
2780,82b95c5b-41bb-4cfd-8d07-c01980530f2e,20251128,99991231,0.189292085874603,184,2,,566851,<20190405,352+697,352+697,124,6834750,Karsjö,Öppen,dp,Driftplats,10260,Ksö
2781,9f048bbc-3ab3-4aea-9a4c-cff153ba9137,20251128,99991231,0.189265164331872,184,2,,566851,<20190405,352+697,352+697,124,6834750,Karsjö,Öppen,dp,Driftplats,10260,Ksö
2782,eaeed64b-ad30-4cbf-b1ad-9067bb34987b,20251128,99991231,0.530575328664109,1236,2,,474817,<20190405,398+527,398+527,210,6343087,Rörvik,Öppen,dp,Driftplats,10444,Rk
2783,e65c8296-8f49-4b87-82b5-ac5c53030e5d,20251128,99991231,0.497519389338412,684,2,,492242,<20190405,214+510,214+510,75,6542463,Vretstorp,Öppen,dp,Driftplats,10592,Vt
2784,b80fbcd2-8354-4299-aa39-59a95a2d89f6,20251128,99991231,0.332929031889368,888,2,,423897,<20190405,143+801,143+801,174,6358003,Gnosjö,Öppen,dp,Driftplats,1110,Gnö
2785,74b41a97-b7a6-4300-bd8e-32cff065d9ed,20251128,99991231,0.513095108250898,888,2,,423897,<20190405,143+801,143+801,174,6358003,Gnosjö,Öppen,dp,Driftplats,1110,Gnö
2786,dc75f90c-854a-4e00-aaf8-09b6dd51f755,20251128,99991231,0.999498630987883,482,2,,565308,<20190405,187+140,187+140,29,6496625,Fiskeby,Öppen,dp,Driftplats,883,Fi
2787,2f7463bc-9f36-44f7-94f6-e02fd678ce25,20251128,99991231,0.328255699230897,98,2,,540106,<20190405,208+487,208+487,139,6641390,Dagarn,Öppen,dp,Driftplats,10074,Dn
2788,81de3689-97ab-4617-87a1-976e3780aebc,20251128,99991231,0.314311863953347,98,2,,540106,<20190405,208+487,208+487,139,6641390,Dagarn,Öppen,dp,Driftplats,10074,Dn
2789,fefd34aa-d410-4451-bce1-6fe5bebb56e1,20251128,99991231,0.314294416025996,98,2,,540106,<20190405,208+487,208+487,139,6641390,Dagarn,Öppen,dp,Driftplats,10074,Dn
2790,88c8599f-515b-48db-9e0b-57df7e0d235d,20251128,99991231,0.421189855133971,88,2,,559793,<20190405,177+66,177+66,94,6655999,Karbenning,Öppen,dp,Driftplats,1928,Kbn
2791,9731f143-4684-40d0-9923-9efb6d5eba9f,20251128,99991231,0.70491236579103,91,2,Stor,545497,<20190405,163+639,195+565,89,6650639,Fagersta central,Öppen,dp,Driftplats,835,Fgc
2792,cad8b68c-ee54-45c5-bf47-3098d4f806ae,20251128,99991231,0.715008430428181,91,2,Stor,545497,<20190405,163+639,195+565,89,6650639,Fagersta central,Öppen,dp,Driftplats,835,Fgc
2793,1fa7994e-14e5-4fe1-b5ef-ea909e632b75,20251128,99991231,0.537205971177059,89,2,,557116,<20190405,4+62,183+63,92,6650923,Snyten,Öppen,dp,Driftplats,10479,Snt
2794,881838ba-e10f-4b2f-9906-12eda76de15f,20251128,99991231,0.996362188696412,87,2,,564428,<20190405,171+165,171+165,106,6658894,Hökmora,Öppen,dp,Driftplats,10230,Hma
2795,4666b577-5791-48e2-863e-b8ac720cb8a7,20251128,99991231,0.537982296549246,87,2,,564428,<20190405,171+165,171+165,106,6658894,Hökmora,Öppen,dp,Driftplats,10230,Hma
2796,8c488ef0-e495-483d-bab8-309da322aab4,20251128,99991231,0.318127303218529,716,2,Stor,383288,<20190405,377+536,377+536,108,6439223,Herrljunga central,Öppen,dpd,Driftplatsdel,1476,Hrc
2797,472e7abf-c798-4e80-9ba7-0bc0fdb6abc7,20251128,99991231,0.523151913575597,1502,2,,606574,<20190405,238+750,238+750,29,6830204,Boda,Öppen,dp,Driftplats,10042,Boda
2798,"06d88652-f11a-4d70-8c66-de8b43d83fe0",20251128,99991231,0.301290756016878,1502,2,,606574,<20190405,238+750,238+750,29,6830204,Boda,Öppen,dp,Driftplats,10042,Boda
2799,7d8a7121-b81a-4562-b079-2babbe1113ac,20251128,99991231,0.550137805799512,606,2,Stor,477851,<20190405,229+529,229+529,94,6538882,Laxå,Öppen,dp,Driftplats,2318,Lå
2800,25846742-7f57-4387-93fe-e53771d511b4,20251128,99991231,0.605775969646719,1169,2,,412680,<20190405,125+184,125+184,211,6372024,Grimsås,Öppen,lp,linjeplats,4999,Grm
2801,1e1ebdb9-90ca-4b64-90c1-8010a91a7df1,20260304,99991231,0.512813552834639,925,2,,374692,<20190405,50+903,50+903,23,6223310,Kärreberga,Öppen,dp,Driftplats,10302,Käb
2802,94ef7b3d-9ec7-4a63-90dc-30a280ff72f3,20260304,99991231,0.512861196726785,925,2,,374692,<20190405,50+903,50+903,23,6223310,Kärreberga,Öppen,dp,Driftplats,10302,Käb
2803,f89fd5be-4692-48fa-80c8-a03f2731fd0f,20251128,99991231,0.776295956957026,536,2,,674467,<20190405,28+371,28+371,31,6555486,Tungelsta,Öppen,dp,Driftplats,4245,Ts
2804,d7d56a55-243b-470c-8b68-14407a2e2d03,20260305,99991231,0.999997950020295,779,2,,492021,<20190405,306+788,306+788,166,6428562,Gripenberg,Öppen,dp,Driftplats,10151,Gp
2805,"0237ce31-7fe9-4176-9e4b-674deb72a18c",20251128,99991231,0.352881801479141,438,2,,660733,<20190405,17+494,17+494,18,6590667,Jakobsberg,Öppen,dp,Driftplats,1820,Jkb
2806,5486ad75-4d8d-4d61-83ba-32e3d25a4a4c,20251128,99991231,0.611130231397166,198,2,,524435,<20190405,464+470,464+470,243,6922096,Östavall,Öppen,dp,Driftplats,4918,Öv
2807,1542a88a-22dc-47c3-b01f-7bbb9dc97ba6,20251128,99991231,0.563570239244172,199,2,,524463,<20190405,472+911,472+911,219,6928875,Alby,Öppen,dp,Driftplats,116,Ay
2808,c35ba99e-2673-43b5-8f4d-88b8b172a685,20251128,99991231,0.999341010868674,195,2,,534206,<20190405,438+30,438+30,303,6901003,Norrhög,Öppen,dp,Driftplats,10387,Ng
2809,6781d057-6923-4d2f-b8e7-7377fef718b1,20251128,99991231,0.489831614781548,439,2,,659134,<20190405,21+30,21+30,20,6593781,Kallhäll,Öppen,dp,Driftplats,1914,Khä
2810,c3e2398e-ab1d-420b-a560-6842184fe44a,20251128,99991231,0.824348218634612,196,2,,535372,<20190405,446+487,446+487,318,6908658,Mellansjö,Öppen,dp,Driftplats,10357,Msö
2811,2ab603b9-8992-41fc-b74e-745e2f039554,20251128,99991231,0.235180878138966,196,2,,535372,<20190405,446+487,446+487,318,6908658,Mellansjö,Öppen,dp,Driftplats,10357,Msö
2812,f905a726-03c1-430c-a2b2-a9ce956f02ea,20251128,99991231,0.378457995107672,437,2,,662554,<20190405,14+500,14+500,12,6588698,Barkarby,Öppen,dp,Driftplats,250,Bkb
2813,3c318157-090a-4b0c-88cb-1bf847520647,20251128,99991231,0.377796022038574,437,2,,662554,<20190405,14+500,14+500,12,6588698,Barkarby,Öppen,dp,Driftplats,250,Bkb
2814,34d42b45-a404-49ae-b527-fc4b8fd40bf4,20251128,99991231,0.000481191939775,200,2,,530571,<20190405,480+830,480+830,164,6931934,Ovansjö,Öppen,dp,Driftplats,10406,Osö
2815,ca033093-679a-4989-8acf-0acf396ef316,20251128,99991231,0.333902548229431,436,2,,664563,<20190405,11+415,11+415,8,6586405,Spånga,Öppen,dp,Driftplats,3681,Spå
2816,53763e25-52f3-407a-bf5c-38fea41343b4,20251128,99991231,0.494661887142073,197,2,,529093,<20190405,456+16,456+16,291,6915442,Juån,Öppen,dp,Driftplats,10242,Jå
2817,d6206b7a-0a0a-428e-a6ea-c8a361e5df67,20260307,99991231,0.997028976236346,1946,2,,749007,<20190405,1302+433,1302+433,379,7449300,Koijuvaara,Öppen,dpd,Driftplatsdel,10277,Kaa
2818,7055e2d7-2f99-4fba-abc2-657e0541276c,20251128,99991231,0.879081320223161,906,2,Stor,372666,<20190405,"0+57",231+95,39,6222807,Åstorp,Öppen,dp,Driftplats,4777,Åp
2819,153bfc66-e89c-43fd-a1e3-6afa5a07a58c,20251128,99991231,0.528386326560294,906,2,Stor,372666,<20190405,"0+57",231+95,39,6222807,Åstorp,Öppen,dp,Driftplats,4777,Åp
2820,f0290a0a-78c4-470b-82eb-a125b481e1b6,20251128,99991231,0.250801656648994,906,2,Stor,372666,<20190405,"0+57",231+95,39,6222807,Åstorp,Öppen,dp,Driftplats,4777,Åp
2821,8dac0e99-5efa-418b-a7b8-0557b3d73fac,20251128,99991231,0.52913596205499,1487,2,,591246,<20190405,268+800,268+800,134,6763294,Döljebro,Öppen,dp,Driftplats,10090,Döl
2822,bfe4c45f-3bbd-44e0-86f8-1dbd52904e28,20251128,99991231,0.308435130335963,1487,2,,591246,<20190405,268+800,268+800,134,6763294,Döljebro,Öppen,dp,Driftplats,10090,Döl
2823,78728697-5863-403d-8447-861a41a9d464,20251128,99991231,0.128597457897568,854,2,,474176,<20190405,103+700,103+808,304,6394542,Äng,Öppen,dp,Driftplats,4823,Äng
2824,fdabfa9a-7b1d-43ea-9106-67288058a758,20251128,99991231,0.448814643731941,1015,2,Stor,568681,<20190405,182+292,182+292,2,6495702,Norrköpings central,Öppen,dp,Driftplats,2930,Nr
2825,1b1eb1fb-090e-4e5a-91c5-c192ed53ef56,20251128,99991231,0.512759642127249,1015,2,Stor,568681,<20190405,182+292,182+292,2,6495702,Norrköpings central,Öppen,dp,Driftplats,2930,Nr
2826,497962a4-15d1-4e61-a3d6-7fbda7bf4a20,20251128,99991231,0.328895974198049,1015,2,Stor,568681,<20190405,182+292,182+292,2,6495702,Norrköpings central,Öppen,dp,Driftplats,2930,Nr
2827,5b7d25d1-115b-41f9-bdd9-e19d98e9f78c,20251128,99991231,0.360294512656718,1015,2,Stor,568681,<20190405,182+292,182+292,2,6495702,Norrköpings central,Öppen,dp,Driftplats,2930,Nr
2828,d873928e-6e02-4c5d-b057-698b3b20029c,20251128,99991231,0.493747596429807,753,2,,383213,<20190405,156+635,156+635,88,6314309,Torup,Öppen,dp,Driftplats,4176,Tou
2829,2951e71c-89fb-411d-8604-5a6b8bb35d16,20260310,99991231,0.705793754921674,921,2,,400480,<20190405,24+793,24+862,93,6222416,Perstorp,Öppen,dp,Driftplats,3114,Pt
2830,3b78d989-03e2-4668-bba1-eac274b0e57a,20260310,99991231,0.462157240656348,921,2,,400480,<20190405,24+793,24+862,93,6222416,Perstorp,Öppen,dp,Driftplats,3114,Pt
2831,94a17f1f-9e2a-4979-991f-b105e6025351,20251128,99991231,0.671574161699524,166,2,,354763,<20190405,748+83,748+83,592,7024076,Storlien,Öppen,dp,Driftplats,3787,Str
2832,1af3953e-fc11-471b-8426-3b5321f6a79a,20251128,99991231,0.343177876643904,248,2,,617248,<20190405,303+527,303+527,56,6882374,Gnarp,Öppen,dp,Driftplats,1105,Gnp
2833,86d080b1-00ce-483b-8d60-4e1c985358c8,20251128,99991231,0.283773809537273,1209,2,,634000,<20190405,391+300,391+300,100,6937877,Hussjöby,Öppen,dp,Driftplats,10210,Hsy
2834,ebfee84d-9d65-4141-a248-e1926543a5b4,20251128,99991231,0.49763249483689,518,2,,604819,<20190405,95+990,95+990,27,6549930,Sparreholm,Öppen,dp,Driftplats,10485,Sp
2835,aa4f211b-4073-41c1-a150-87ab65cdd2c1,20251128,99991231,0.476425780002949,347,2,,730899,<20190405,931+34,931+34,257,7161058,Ekträsk,Öppen,dp,Driftplats,10096,Etk
2836,7210ea32-3767-47a6-aa5e-5eaa28ccea55,20251128,99991231,0.652484524947682,439,2,,659134,<20190405,21+30,21+30,20,6593781,Kallhäll,Öppen,dp,Driftplats,1914,Khä
2837,b947895b-7360-4b4c-8d41-d6e560c9065e,20251128,99991231,0.427393343211917,532,2,,651279,<20190405,36+351,36+351,23,6562834,Södertälje hamn,Öppen,dpd,Driftplatsdel,3976,Söd
2838,4658b396-c907-4f6c-b85d-4e399694932d,20251128,99991231,0.449569432725615,213,2,,532519,<20190405,544+524,544+524,341,6979213,Karlsberg,Öppen,dp,Driftplats,10252,Ksg
2839,cf7ede70-d527-46f2-8264-6439a0a66d47,20251128,99991231,0.486922681529444,348,2,,736093,<20190405,940+649,940+649,280,7168498,Lubboträsk,Öppen,dp,Driftplats,10330,Luä
2840,bd3defea-d2df-42e5-a38d-03001c9df4b9,20251128,99991231,0.456649862042127,89,2,,557116,<20190405,4+62,183+63,92,6650923,Snyten,Öppen,dp,Driftplats,10479,Snt
2841,bd5da717-0654-4671-8d0d-b76c53789325,20251128,99991231,0.477145516428508,78,2,,581824,<20190405,209+576,209+576,70,6709648,Torsåker,Öppen,dp,Driftplats,4171,Tså
2842,b11341db-0c5f-4ea0-bd16-cd7c327b8cc8,20251128,99991231,0.757193681918877,436,2,,664563,<20190405,11+415,11+415,8,6586405,Spånga,Öppen,dp,Driftplats,3681,Spå
2843,c9abf6dc-993d-40fe-9940-51a5478d6a12,20251128,99991231,0.588545600261758,214,2,,537491,<20190405,550+242,550+242,351,6980748,Dockmyr,Öppen,dp,Driftplats,10084,Dk
2844,4b16d583-a88b-465d-9a6d-db85c71aa85f,20251128,99991231,0.335528755318941,919,2,,412950,<20190405,11+792,11+792,79,6224732,Tyringe,Öppen,dp,Driftplats,4266,Ty
2845,3168e758-9341-4ec2-bf9f-5e8160419706,20251128,99991231,0.541714944477734,815,2,,484046,<20190405,52+839,52+839,11,6226906,Mörrum,Öppen,dp,Driftplats,2832,Mru
2846,65d18659-8c81-4c2c-8ca9-73c2f2d6cbc8,20251128,99991231,0.526702818115286,1509,2,,532160,<20190405,14+831,14+831,42,6582393,Alväng,Öppen,dp,Driftplats,10006,Aä
2847,27e14b25-f44d-4ec8-b808-40819cb1b123,20251128,99991231,0.673027079600565,1509,2,,532160,<20190405,14+831,14+831,42,6582393,Alväng,Öppen,dp,Driftplats,10006,Aä
2848,"0d3daa64-6156-4188-90bf-1f03da137aef",20251128,99991231,0.786423008931265,547,2,,553946,<20190405,336+860,336+860,15,6589829,Valskog,Öppen,dp,Driftplats,10565,Vsg
2849,3b4a5e6a-2c3a-4891-bbcd-d7d2847dc72f,20251128,99991231,0.538617643218871,283,2,,748528,<20190405,1299+652,1299+652,400,7446533,Harrträsk,Öppen,dp,Driftplats,10188,Hrt
2850,6c6f61a4-14e2-4cf9-a0bd-a00492dd1ea1,20251128,99991231,0.642005614375076,733,2,,332911,<20190405,443+129,443+129,16,6404476,Jonsered östra,Öppen,dp,Driftplats,10239,J
2851,5a4ce2b5-fd9c-4a40-ace2-4a44ae051dba,20251128,99991231,0.50021273781476,355,2,Stor,783111,<20190405,47+632,47+632,20,7194307,Skellefteå,Öppen,dp,Driftplats,3510,Skl
2852,fc7a96fb-e96e-4696-b31d-dcf8419f2e25,20251128,99991231,0.480716628918022,355,2,Stor,783111,<20190405,47+632,47+632,20,7194307,Skellefteå,Öppen,dp,Driftplats,3510,Skl
2853,20908f3f-64fa-410f-989f-71a4f595797f,20260203,99991231,0.499760948330279,290,2,,717148,<20190405,1370+754,1370+754,506,7498205,Fjällåsen,Öppen,dp,Driftplats,892,Fjå
2854,69d34c37-dbb8-4910-9a1c-f68314cde92f,20251128,99991231,0.464125553324937,70,2,,612999,<20190405,5+724,5+724,34,6727856,Hagaström,Öppen,dp,Driftplats,10178,Hg
2855,835810eb-5a73-4279-9676-2d6cb6363e15,20251128,99991231,0.443947952904417,70,2,,612999,<20190405,5+724,5+724,34,6727856,Hagaström,Öppen,dp,Driftplats,10178,Hg
2856,84c5240e-00e7-4fd5-8967-748c48366a11,20251128,99991231,0.44375872512151,70,2,,612999,<20190405,5+724,5+724,34,6727856,Hagaström,Öppen,dp,Driftplats,10178,Hg
2857,cfb7a2ac-dd36-4585-bee1-0ff8ae382b5b,20260314,99991231,0.487922643634693,838,2,,443473,<20190405,494+701,494+701,124,6257393,Tunneby,Öppen,dp,Driftplats,10546,Tun
2858,"05b81d8e-eeb2-46b3-9afb-58d83d5add7d",20260314,99991231,0.136014297362623,838,2,,443473,<20190405,494+701,494+701,124,6257393,Tunneby,Öppen,dp,Driftplats,10546,Tun
2859,b7495bc6-37b3-4061-9854-0c1d95e81933,20251128,99991231,0.499547540176365,124,2,,539048,<20190405,87+94,87+94,113,6716898,Korsnäs,Öppen,dp,Driftplats,10281,Koä
2860,fb37f1b8-870c-45fa-9fdd-d69b494b8650,20251128,99991231,0.767022944181454,945,2,,345779,<20190405,372+308,372+308,67,6494109,Brålanda,Öppen,dp,Driftplats,10061,Brl
2861,bed33288-2ef0-4fc5-b6ab-65d4b2e483ba,20251128,99991231,0.438806170269032,945,2,,345779,<20190405,372+308,372+308,67,6494109,Brålanda,Öppen,dp,Driftplats,10061,Brl
2862,604fc6e6-7a78-433c-899f-a93f2cf0e078,20251128,99991231,0.569280045369454,1416,2,,348550,<20190405,100+119,366+524,60,6499243,Skälebol,Öppen,dp,Driftplats,10472,Skbl
2863,"0efe5498-65a1-4769-b7d3-2ef49dc2f855",20251128,99991231,0.760218131118327,1416,2,,348550,<20190405,100+119,366+524,60,6499243,Skälebol,Öppen,dp,Driftplats,10472,Skbl
2864,cb85e8a3-aa10-4a45-89ed-50586900a74a,20251128,99991231,0.495650120063449,550,2,,533756,<20190405,313+779,313+779,26,6588400,Fellingsbro,Öppen,dp,Driftplats,858,Feb
2865,89794657-0113-4737-b4ec-9ca8a5a85f05,20251128,99991231,0.484845429052866,71,2,,610048,<20190405,8+941,8+941,46,6726768,Norra Valbo,Öppen,dp,Driftplats,2906,Nvl
2866,6de4edd5-4a3d-4c5e-933a-8565cc5a87b3,20251128,99991231,0.406015350826718,71,2,,610048,<20190405,8+941,8+941,46,6726768,Norra Valbo,Öppen,dp,Driftplats,2906,Nvl
2867,5b2b729f-f04d-412d-a8e3-fb83f8759332,20260318,99991231,0.502960583163752,157,2,,463174,<20190405,618+164,618+164,305,7024150,Faxån,Avstängd,lp,linjeplats,10706,Fax
2868,3548ff8b-162f-4e37-96bd-9b52915e4c0d,20260319,99991231,0.496359111349893,2003,2,,342903,<20190405,413+866,413+866,66,6456115,Velanda södra,Öppen,dp,Driftplats,10574,Veas
2869,80cdaaf1-0976-48d0-bcf6-88f4d598853c,20260319,99991231,0.487747115538218,2003,2,,342903,<20190405,413+866,413+866,66,6456115,Velanda södra,Öppen,dp,Driftplats,10574,Veas
2870,10f8ecc6-3a26-4d6e-a353-976db266522a,20260321,99991231,0.431969347056232,400,2,,510233,<20190405,79+941,79+941,321,7055378,Jämtlands Sikås,Öppen,dp,Driftplats,1858,Js
2871,c95654c8-7976-4653-94c4-21d42bf00f8a,20260321,99991231,0.148255917900044,400,2,,510233,<20190405,79+941,79+941,321,7055378,Jämtlands Sikås,Öppen,dp,Driftplats,1858,Js
2872,626d7c13-a2fc-473c-96aa-648195899faf,20260321,99991231,0.587126781814527,614,2,Stor,432874,<20190405,313+173,313+173,140,6472597,Skövde central,Öppen,dp,Driftplats,3592,Sk
2873,6a4e4be3-3198-48eb-a1fd-6526d78c24df,20260321,99991231,0.789364012598328,614,2,Stor,432874,<20190405,313+173,313+173,140,6472597,Skövde central,Öppen,dp,Driftplats,3592,Sk
2874,8e59daf3-3ebf-4c50-beb5-15dd0b2729c8,20260321,99991231,0.542077397354141,614,2,Stor,432874,<20190405,313+173,313+173,140,6472597,Skövde central,Öppen,dp,Driftplats,3592,Sk
2875,5e16391c-3360-4b56-93d7-3dadcfdcafb0,20260321,99991231,0.495431271224151,614,2,Stor,432874,<20190405,313+173,313+173,140,6472597,Skövde central,Öppen,dp,Driftplats,3592,Sk
2876,c8fc625c-8ebd-4858-99ea-21b22c404760,20260321,99991231,0.402501778869955,868,2,,550787,<20190405,83+386,122+591,101,6371794,Hultsfred,Öppen,dp,Driftplats,1598,Hf
2877,75230f9b-b4c8-4552-b878-5df053f79ef5,20260321,99991231,0.709277900053448,868,2,,550787,<20190405,83+386,122+591,101,6371794,Hultsfred,Öppen,dp,Driftplats,1598,Hf
2878,21b2c97a-8cb8-4f7a-8686-a6087adbe1f0,20260321,99991231,0.500169561916784,868,2,,550787,<20190405,83+386,122+591,101,6371794,Hultsfred,Öppen,dp,Driftplats,1598,Hf
2879,127cba99-ba8a-4e93-a676-e3c62d65a959,20260321,99991231,0.490625779371314,868,2,,550787,<20190405,83+386,122+591,101,6371794,Hultsfred,Öppen,dp,Driftplats,1598,Hf
2880,3b6256b0-1ed6-4f0a-8e63-18a6f616a641,20260321,99991231,0.655569990742249,868,2,,550787,<20190405,83+386,122+591,101,6371794,Hultsfred,Öppen,dp,Driftplats,1598,Hf
2881,f3ca433b-64ef-48b5-84ed-827f56bd516f,20260321,99991231,0.484266135041432,1037,2,,497465,<20190405,62+169,62+169,450,7047996,Munkflohögen,Öppen,lp,linjeplats,2770,Mfn
2882,45a6ac94-2532-4d38-b078-5459991e3339,20260321,99991231,0.307741950666828,1037,2,,497465,<20190405,62+169,62+169,450,7047996,Munkflohögen,Öppen,lp,linjeplats,2770,Mfn
2883,81a4789b-6c6b-4ca1-ab3a-fb9e3e3b63f1,20260210,99991231,0.424355821733024,732,2,,337789,<20190405,437+650,437+650,23,6406304,Lerum,Öppen,dp,Driftplats,2336,Lr
2884,bb9a077f-9d74-422f-954b-3940703666b8,20260324,99991231,0.502313002433608,2488,2,,338338,"20260323",436+687,436+691,0,6406870,Lerums kyrka,Öppen,lp,linjeplats,10737,Lrk
2885,dceed9f7-b3f3-4a9b-a47e-1e7da75574a5,20260324,99991231,0.373195637199551,2488,2,,338338,"20260323",436+687,436+691,0,6406870,Lerums kyrka,Öppen,lp,linjeplats,10737,Lrk
2886,af59f000-2164-4f21-92e2-4ff7b32c4e6f,20260324,99991231,0.540435964573312,2488,2,,338338,"20260323",436+687,436+691,0,6406870,Lerums kyrka,Öppen,lp,linjeplats,10737,Lrk
2887,3b54b1d4-6c15-4cc9-b20c-c731eb169aa5,20251128,99991231,0.99082017559271,139,2,,506280,<20190405,128+423,128+423,166,6749950,Rättvik,Öppen,dp,Driftplats,3306,Rv
2888,6a4adcf1-2dbc-4cbb-ac26-4b4a32cd422f,20251128,99991231,0.959867852386687,130,2,,505158,<20190405,99+491,99+491,183,6726649,Insjön,Öppen,dp,Driftplats,1807,In
2889,a276d555-09ed-47a8-8cb7-ff97c461d455,20251128,99991231,0.942758863679122,130,2,,505158,<20190405,99+491,99+491,183,6726649,Insjön,Öppen,dp,Driftplats,1807,In
2890,b05f69b5-40fd-4815-98a8-b52bf30ccf5a,20260222,99991231,0.500382685246451,321,2,,682899,<20190405,773+170,773+170,206,7061453,Långviksmon,Öppen,dp,Driftplats,10340,Lmn
2891,d67776b6-8718-4b2a-be83-2929743c8ec3,20260222,99991231,0.421286429950178,321,2,,682899,<20190405,773+170,773+170,206,7061453,Långviksmon,Öppen,dp,Driftplats,10340,Lmn
2892,"0df95c32-a442-45c8-9814-202488d95bf7",20260222,99991231,0.837919687927699,319,2,,672160,<20190405,751+916,751+916,166,7046809,Björnsjö,Öppen,dp,Driftplats,10039,Bjö
2893,b0190c19-2c3a-45ae-a29c-685f58c9ab2b,20260222,99991231,0.499500088002136,319,2,,672160,<20190405,751+916,751+916,166,7046809,Björnsjö,Öppen,dp,Driftplats,10039,Bjö
2894,e067fadb-b5f0-4b23-91a1-2956c3c982a5,20251128,99991231,0.352003261183188,131,2,,500164,<20190405,107+815,107+815,168,6733163,Leksand,Öppen,dp,Driftplats,2325,Lsd
2895,266c8360-f086-4aa2-935b-2e2d7a52cb5e,20251128,99991231,0.621163693979261,131,2,,500164,<20190405,107+815,107+815,168,6733163,Leksand,Öppen,dp,Driftplats,2325,Lsd
2896,72d11cfb-4ff6-4ae1-ab82-87c6c8e1eca1,20251128,99991231,0.828530636524383,131,2,,500164,<20190405,107+815,107+815,168,6733163,Leksand,Öppen,dp,Driftplats,2325,Lsd
2897,51637db2-315c-4750-8dd7-80b0b74b88ff,20260222,99991231,0.500425886742877,1100,2,,684688,<20190405,777+846,777+846,182,7063724,Långvattnet,Öppen,dp,Driftplats,10339,Lnv
2898,973c824d-99bd-4bd9-86ef-9b1d032abc38,20251128,99991231,0.015841555114899,1828,2,,501101,<20190405,112+945,112+945,187,6737903,Leksboda,Öppen,dp,Driftplats,10311,Lea
2899,399c4e48-624c-4c5f-8f0c-88cea5351213,20251128,99991231,0.781571413772129,12,2,,558581,<20190405,11+572,11+572,91,6673165,Snickarbo,Öppen,dp,Driftplats,10478,Snb
2900,1f9a18ba-c69c-40ca-abe8-8be2d620c527,20251128,99991231,0.255962762173211,582,2,,566295,<20190405,129+239,129+239,74,6628396,Brattheden,Öppen,dp,Driftplats,3157,Brh
2901,41ada50e-81a5-4292-8f90-355a082f0ecb,20251128,99991231,0.292324352961443,138,2,,501110,<20190405,118+37,118+37,242,6742600,Tällberg,Öppen,dp,Driftplats,4284,Tlg
2902,9d5e6f78-d854-43b7-9907-c03e45e76859,20251128,99991231,0.293044996859667,138,2,,501110,<20190405,118+37,118+37,242,6742600,Tällberg,Öppen,dp,Driftplats,4284,Tlg
2903,177665fe-55f4-4916-8883-b70f30960ad7,20260222,99991231,0.50695424620022,322,2,,691068,<20190405,787+17,787+17,181,7068409,Trehörningsjö,Öppen,dp,Driftplats,10541,Thö
2904,6567da00-296f-46fe-9d5d-7eca7d8b957c,20260222,99991231,0.489377552648637,322,2,,691068,<20190405,787+17,787+17,181,7068409,Trehörningsjö,Öppen,dp,Driftplats,10541,Thö
2905,1013b86f-b076-44cd-8b52-8911a88a09f3,20260222,99991231,0.454033446540137,322,2,,691068,<20190405,787+17,787+17,181,7068409,Trehörningsjö,Öppen,dp,Driftplats,10541,Thö
2906,8db922d7-b94b-4e9d-be53-95180c3254f3,20251128,99991231,0.808219045878995,289,2,,718567,<20190405,1357+394,1357+465,537,7485657,Harrå,Öppen,dp,Driftplats,1423,Har
2907,482d8440-26ae-4fd6-95ef-6633a3058952,20251128,99991231,0.275765645921462,289,2,,718567,<20190405,1357+394,1357+465,537,7485657,Harrå,Öppen,dp,Driftplats,1423,Har
2908,6d26ed2d-237d-4595-9fac-2b2b3d20e6c9,20251128,99991231,0.578122544301362,99,2,,538770,<20190405,217+727,217+727,114,6632973,Skinnskatteberg,Öppen,dp,Driftplats,3520,Skb
2909,6e61c289-12ab-4fc1-811e-688056cb80cf,20260222,99991231,0.504880234980302,320,2,,678675,<20190405,761+294,761+294,143,7052051,Björna,Öppen,dp,Driftplats,10033,Bj
2910,1f1443f0-2de1-4aad-888f-a87dc37cd21a,20251128,99991231,0.687140450175143,140,2,,490198,<20190405,163+482,163+482,188,6753144,Garsås,Öppen,dp,Driftplats,10131,Gså
2911,d9a85af8-3b6e-4a97-855f-beca5b13f335,20260222,99991231,0.493963433514455,418,2,,669123,<20190405,741+206,741+206,89,7038615,Gottne,Öppen,dp,Driftplats,10143,Ge
2912,f120f33d-0dd6-4ce1-93e7-5d88d75c9982,20251128,99991231,0.658387624832561,477,2,Stor,536474,<20190405,228+776,228+776,41,6475311,Linköpings central,Öppen,dp,Driftplats,2421,Lp
2913,5d90b7d5-3724-46f2-a5c4-b59b673e8d36,20251128,99991231,0.509200833174669,183,2,,570456,<20190405,343+797,343+797,119,6827210,Simeå,Öppen,dp,Driftplats,10457,Små
2914,4d9d34fd-f8e6-4ec3-955d-902667cbf62a,20251128,99991231,0.900937602847895,473,2,Stor,507738,<20190405,260+971,260+972,116,6464651,Mjölby,Öppen,dp,Driftplats,2693,My
2915,bb5c0da9-a453-4e5c-845a-d21da89d53f3,20260402,99991231,0.301923139945105,333,2,Stor,765105,<20190405,903+773,903+773,10,7075677,Holmsund,Öppen,dp,Driftplats,1542,Hod
2916,952640b5-4fae-4926-9ce2-ad32cefb29ea,20260402,99991231,0.560752882818407,791,2,,389783,<20190405,591+688,591+840,21,6182822,Örtofta,Öppen,dp,Driftplats,4900,Ö
2917,df547a82-3b60-448a-a64b-6a9881ad19f0,20260402,99991231,0.768289341323521,791,2,,389783,<20190405,591+688,591+840,21,6182822,Örtofta,Öppen,dp,Driftplats,4900,Ö
2918,7d203d5e-39a0-4705-8818-d76606d5e270,20260402,99991231,0.473378983667169,791,2,,389783,<20190405,591+688,591+840,21,6182822,Örtofta,Öppen,dp,Driftplats,4900,Ö
2919,a8732eb5-7dc1-4cb4-b84c-abae454c1dc2,20260402,99991231,0.604651219390998,1931,2,,761757,<20190405,893+660,893+660,6,7084219,Gimonäs,Öppen,dp,Driftplats,1077,Gim
2920,b1329227-ae4c-41ef-a076-628bf53178d5,20260402,99991231,0.593948606669696,1931,2,,761757,<20190405,893+660,893+660,6,7084219,Gimonäs,Öppen,dp,Driftplats,1077,Gim
2921,b6e002d2-0e99-4141-9496-937cfcc62876,20260403,99991231,0.277407789604794,640,2,,364238,<20190405,397+921,397+921,49,6615302,Arvika,Öppen,dp,Driftplats,186,Ar
2922,2b80ab41-4a20-4557-96fb-562a4376bf81,20260403,99991231,0.344375272447847,640,2,,364238,<20190405,397+921,397+921,49,6615302,Arvika,Öppen,dp,Driftplats,186,Ar
2923,395d9a10-d60d-4c2f-af85-31dc690b9dee,20260403,99991231,0.342934485605739,640,2,,364238,<20190405,397+921,397+921,49,6615302,Arvika,Öppen,dp,Driftplats,186,Ar
2924,"0e67815d-0264-45f6-bca6-bd5fa3c4040f",20260403,99991231,0.365841627698234,642,2,,352103,<20190405,417+780,417+780,87,6628557,Åmotfors,Öppen,dp,Driftplats,4712,Åt
2925,363bb1cb-7d6e-4cc2-985e-5dcb78beef1d,20260403,99991231,0.596788676093808,642,2,,352103,<20190405,417+780,417+780,87,6628557,Åmotfors,Öppen,dp,Driftplats,4712,Åt
2926,"0dca53c0-cebb-4cbe-bce8-484a59931881",20260403,99991231,0.488290892376422,1465,2,,357148,<20190405,407+518,407+518,76,6620509,Ottebol,Öppen,lp,linjeplats,3082,Ot
2927,70a60690-5f1e-4d32-b630-d54064f0936b,20251128,99991231,0.507478284964837,491,2,,615777,<20190405,12+302,12+302,4,6513679,Nyköping södra,Öppen,dp,Driftplats,10398,Nks
2928,7eb7c6f2-8f1d-429c-8f3f-6a059dd5509a,20251128,99991231,0.507659619038213,491,2,,615777,<20190405,12+302,12+302,4,6513679,Nyköping södra,Öppen,dp,Driftplats,10398,Nks
2929,eadcf0ae-87fa-4b77-a02e-17959d6d6b76,20251128,99991231,0.500046201143735,498,2,,598299,<20190405,35+443,35+443,23,6525983,Vrena,Öppen,dp,Driftplats,10591,Vre
2930,e936f1a3-b36b-4b8f-aebd-6c6746f784de,20251128,99991231,0.499731215492779,498,2,,598299,<20190405,35+443,35+443,23,6525983,Vrena,Öppen,dp,Driftplats,10591,Vre
2931,d44067f0-6c4f-4a42-a3f3-471b6558b16c,20260406,99991231,0.459296679963997,1016,2,Stor,615535,<20190405,56+639,56+639,15,6514673,Nyköpings central,Öppen,dp,Driftplats,2976,Nk
2932,4d3d57c2-e832-4b16-91f4-d50943692376,20260402,99991231,0.529549388360371,1931,2,,761757,<20190405,893+660,893+660,6,7084219,Gimonäs,Öppen,dp,Driftplats,1077,Gim
2933,aa326f38-bbaf-487b-9873-6a567cdc80af,20251128,99991231,0.494083929119174,781,2,,380367,<20190405,634+367,634+367,37,6151119,Västra Ingelstad,Öppen,dp,Driftplats,10669,Vid
2934,3dbbaa29-7091-47b2-b983-d00c54f2b711,20251128,99991231,0.492386439716221,781,2,,380367,<20190405,634+367,634+367,37,6151119,Västra Ingelstad,Öppen,dp,Driftplats,10669,Vid
2935,f3b3a82f-3beb-4ebf-9554-06353a3d3594,20251128,99991231,0.499999984732089,1499,2,,376395,<20190405,7+559,626+915,38,6157429,Lockarp,Öppen,dpd,Driftplatsdel,10324,Lrp
2936,a4b73f22-b80f-410e-a8d9-9a3297b8400a,20251128,99991231,0.000237534040408,1499,2,,376395,<20190405,7+559,626+915,38,6157429,Lockarp,Öppen,dpd,Driftplatsdel,10324,Lrp
2937,bf3163d4-67b3-4030-a26b-0dcdbe669d95,20251128,99991231,0.500108155433244,1499,2,,376395,<20190405,7+559,626+915,38,6157429,Lockarp,Öppen,dpd,Driftplatsdel,10324,Lrp
2938,d0bd217d-644f-41bf-a748-d8571ac9d8d9,20251128,99991231,0.496853954445821,1499,2,,376395,<20190405,7+559,626+915,38,6157429,Lockarp,Öppen,dpd,Driftplatsdel,10324,Lrp
2939,94ae71bb-a68a-463a-b98a-246e89f7ec69,20251128,99991231,0.503259921247511,991,2,,382054,<20190405,637+298,637+298,41,6148054,Östra Grevie,Öppen,dp,Driftplats,10634,Ög
2940,f7bbfffa-785a-4e8f-b9a5-463d0e1111c1,20251128,99991231,0.50305055849964,991,2,,382054,<20190405,637+298,637+298,41,6148054,Östra Grevie,Öppen,dp,Driftplats,10634,Ög
2941,5342f245-4712-47d5-ab06-5f5d935ee511,20260412,99991231,0.834264675159986,782,2,,383138,<20190405,644+72,644+72,34,6141983,Skytts Vemmerlöv,Öppen,dp,Driftplats,10469,Svö
2942,bc72221b-ccbc-41fe-b996-0f5947018ef0,20260412,99991231,0.499587620954736,782,2,,383138,<20190405,644+72,644+72,34,6141983,Skytts Vemmerlöv,Öppen,dp,Driftplats,10469,Svö
2943,cf92c9bb-5f9a-408a-9330-d345d70de4c1,20251128,99991231,0.400396394965252,76,2,,587475,<20190405,234+842,234+842,107,6732106,Järbo,Öppen,dp,Driftplats,10244,Jb
2944,cfacc6e8-2534-4e62-813e-cea90345f808,20251128,99991231,0.755404709075908,893,2,,404136,<20190405,123+289,123+289,146,6336471,Smålandsstenar,Öppen,dp,Driftplats,3638,Sdr
2945,b0648bb5-9829-430d-a90f-a696c6287567,20251128,99991231,0.093224556031958,893,2,,404136,<20190405,123+289,123+289,146,6336471,Smålandsstenar,Öppen,dp,Driftplats,3638,Sdr
2946,60fadc3f-533c-4851-9a7d-85af21f43ecf,20260305,99991231,0.531643694839526,779,2,,492021,<20190405,306+788,306+788,166,6428562,Gripenberg,Öppen,dp,Driftplats,10151,Gp
2947,ce7e0c11-cac2-4353-96ed-88a5ef834c99,20251128,99991231,0.497668075450644,892,2,,414965,<20190405,111+734,111+734,152,6337846,Reftele,Öppen,dp,Driftplats,3176,Rft
2948,"01ecb131-06ec-4954-999b-a6b7603db1d6",20260501,99991231,0.942095011697905,2,2,Stor,523385,<20190405,23+832,64+809,134,6705273,Borlänge central,Öppen,dpd,Driftplatsdel,427,Blgc
2949,ac98ea98-ed94-4d44-abc5-e21227de661d,20260501,99991231,0.985397719693863,2,2,Stor,523385,<20190405,23+832,64+809,134,6705273,Borlänge central,Öppen,dpd,Driftplatsdel,427,Blgc
2950,5a6b66a8-76b0-4f25-afb7-f4df61f16baa,20260501,99991231,0.748684642707985,2,2,Stor,523385,<20190405,23+832,64+809,134,6705273,Borlänge central,Öppen,dpd,Driftplatsdel,427,Blgc
2951,6253904c-8421-4121-bbc5-9da88b04eeca,20260501,99991231,0.731444074638738,2,2,Stor,523385,<20190405,23+832,64+809,134,6705273,Borlänge central,Öppen,dpd,Driftplatsdel,427,Blgc
2952,201159c1-6505-4e20-b63e-1fd2e6347dcd,20260501,99991231,0.363848120246481,2,2,Stor,523385,<20190405,23+832,64+809,134,6705273,Borlänge central,Öppen,dpd,Driftplatsdel,427,Blgc
2953,be20bbbd-7610-4e79-b87c-d6e00cae987c,20260501,99991231,0.367613604695985,2,2,Stor,523385,<20190405,23+832,64+809,134,6705273,Borlänge central,Öppen,dpd,Driftplatsdel,427,Blgc
2954,4c63b995-7374-49e5-9941-54ce9ae2367c,20260501,99991231,0.780546968715156,2,2,Stor,523385,<20190405,23+832,64+809,134,6705273,Borlänge central,Öppen,dpd,Driftplatsdel,427,Blgc
2955,"04d8f475-d551-4f7a-b6ac-b723553b2b8b",20260501,99991231,0.881392480422844,2,2,Stor,523385,<20190405,23+832,64+809,134,6705273,Borlänge central,Öppen,dpd,Driftplatsdel,427,Blgc
2956,c95d2032-56e0-415b-9d48-332e039b7ccc,20260501,99991231,0.108134837071243,2,2,Stor,523385,<20190405,23+832,64+809,134,6705273,Borlänge central,Öppen,dpd,Driftplatsdel,427,Blgc
2957,ead02f6b-0c57-43b0-bb45-4b4641158895,20260511,99991231,0.620182661062032,68,2,Stor,617548,<20190405,"0+575",114+324,2,6728634,Gävle central,Öppen,dpd,Driftplatsdel,1296,Gä
2958,e7836405-75fb-4de0-87fa-064dd249db23,20260511,99991231,0.700402716725402,68,2,Stor,617548,<20190405,"0+575",114+324,2,6728634,Gävle central,Öppen,dpd,Driftplatsdel,1296,Gä
2959,9e6d0283-c82a-484e-84e9-ccac7bc3c320,20260511,99991231,0.913207360565862,68,2,Stor,617548,<20190405,"0+575",114+324,2,6728634,Gävle central,Öppen,dpd,Driftplatsdel,1296,Gä
2960,bd0cda37-e1e2-4daa-8e41-c881ee6e3515,20260511,99991231,0.020045067781146,68,2,Stor,617548,<20190405,"0+575",114+324,2,6728634,Gävle central,Öppen,dpd,Driftplatsdel,1296,Gä
2961,ba53e566-9875-4a53-8e39-906dca8192e7,20251128,99991231,0.449470613795416,213,2,,532519,<20190405,544+524,544+524,341,6979213,Karlsberg,Öppen,dp,Driftplats,10252,Ksg
2962,e19747fd-f46e-4e90-800a-e99e9b68daea,20260521,99991231,0.960349424986913,804,2,Stor,423181,<20190405,534+437,534+725,53,6224343,Hässleholm,Öppen,dp,Driftplats,1707,Hm
2963,afcf4046-fe3e-44a2-ab34-bbce5fcc266e,20260521,99991231,0.930662151295979,804,2,Stor,423181,<20190405,534+437,534+725,53,6224343,Hässleholm,Öppen,dp,Driftplats,1707,Hm
2964,91008cc6-30fb-434d-b93c-ba92901103f9,20260521,99991231,0.99447548376947,804,2,Stor,423181,<20190405,534+437,534+725,53,6224343,Hässleholm,Öppen,dp,Driftplats,1707,Hm
2965,5539c4c0-0ed4-4f52-9c89-246c8c9f2a66,20260521,99991231,0.988981308441748,804,2,Stor,423181,<20190405,534+437,534+725,53,6224343,Hässleholm,Öppen,dp,Driftplats,1707,Hm
2966,fd5f37c0-e7d4-4cf5-98ac-9ba37dc5c141,20260521,99991231,0.488532455337133,804,2,Stor,423181,<20190405,534+437,534+725,53,6224343,Hässleholm,Öppen,dp,Driftplats,1707,Hm
2967,2636b228-06f6-42b9-9274-c14f9ab6742e,20260521,99991231,0.507865499724994,804,2,Stor,423181,<20190405,534+437,534+725,53,6224343,Hässleholm,Öppen,dp,Driftplats,1707,Hm
2968,874649a4-0977-4246-beef-650a829da3ce,20260521,99991231,0.725808325071859,804,2,Stor,423181,<20190405,534+437,534+725,53,6224343,Hässleholm,Öppen,dp,Driftplats,1707,Hm
2969,c474b4be-abea-4a0f-a6b7-1e9bd9fa0e0d,20260521,99991231,0.361038061036508,804,2,Stor,423181,<20190405,534+437,534+725,53,6224343,Hässleholm,Öppen,dp,Driftplats,1707,Hm
2970,d58dbb4a-9389-49fe-8d75-ae964ec0eb06,20260521,99991231,0.458080642380479,804,2,Stor,423181,<20190405,534+437,534+725,53,6224343,Hässleholm,Öppen,dp,Driftplats,1707,Hm
2971,3dd764e8-6857-4c0d-b290-34c1829e30ba,20260521,99991231,0.420944649004919,804,2,Stor,423181,<20190405,534+437,534+725,53,6224343,Hässleholm,Öppen,dp,Driftplats,1707,Hm
2972,3c5b73e0-49f2-4a50-81a8-c923b794188c,20260521,99991231,0.522485929762164,881,2,,449655,<20190405,183+762,183+762,166,6330620,Bor,Öppen,dp,Driftplats,417,Bor
2973,f0c61dcd-27b0-43e0-aa31-38f02c164af5,20260521,99991231,0.161036649563473,881,2,,449655,<20190405,183+762,183+762,166,6330620,Bor,Öppen,dp,Driftplats,417,Bor
2974,cdf136a8-656f-4785-84a8-678353821f6a,20260521,99991231,0.498105941692304,2474,2,,443429,"20241018",174+793,174+793,0,6336944,Rörstorp,Öppen,dpd,Driftplatsdel,5005,Röp
2975,ca08fd4e-8c0c-407d-aa16-900e08af10c4,20260525,99991231,0.490775816198992,834,2,Stor,472966,<20190405,436+535,436+588,145,6306122,Alvesta,Öppen,dp,Driftplats,144,Av
2976,387a4544-2a9c-4a73-9ac4-874d477b69d0,20260525,99991231,0.245616428016721,834,2,Stor,472966,<20190405,436+535,436+588,145,6306122,Alvesta,Öppen,dp,Driftplats,144,Av
2977,63d2cc3a-4505-4b4b-bf02-a2fa33e52a87,20260525,99991231,0.142109965580142,834,2,Stor,472966,<20190405,436+535,436+588,145,6306122,Alvesta,Öppen,dp,Driftplats,144,Av
2978,c0ab8bfe-e7c6-45d0-97a6-ad8b075ffccb,20260525,99991231,0.145303678411692,834,2,Stor,472966,<20190405,436+535,436+588,145,6306122,Alvesta,Öppen,dp,Driftplats,144,Av
2979,b7644905-0b28-4356-a59d-a8c925610b2c,20260525,99991231,0.284809638211743,834,2,Stor,472966,<20190405,436+535,436+588,145,6306122,Alvesta,Öppen,dp,Driftplats,144,Av
2980,1adc39ca-75fb-4b54-aeb1-c7753e9e1cf4,20260525,99991231,0.022138514453757,834,2,Stor,472966,<20190405,436+535,436+588,145,6306122,Alvesta,Öppen,dp,Driftplats,144,Av
2981,d83e2107-0158-4c6a-b369-3ff19f3be548,20260528,99991231,0.347374801396426,2175,2,,714967,<20190405,31+985,31+985,363,7246135,Glommersträsk,Avstängd,dp,Driftplats,0,Glk
2982,789246aa-e36b-4747-82f6-4aaacf00fa23,20260528,99991231,0.868473157894737,2175,2,,714967,<20190405,31+985,31+985,363,7246135,Glommersträsk,Avstängd,dp,Driftplats,0,Glk
2983,fed0292c-c3d7-4150-a6a7-3474efce5fcd,20260528,99991231,0.354645882656924,2176,2,,704378,<20190405,55+527,55+527,375,7265372,Abborrträsk,Avstängd,dp,Driftplats,0,Abb
2984,7bb7131f-5f78-4151-aa8d-1c7fd61a9332,20260528,99991231,0.882103929286859,2176,2,,704378,<20190405,55+527,55+527,375,7265372,Abborrträsk,Avstängd,dp,Driftplats,0,Abb
2985,44857227-2988-4431-9ee2-5da4c3ceadac,20260528,99991231,0.420783187321816,2394,2,,710152,"20191025",44+850,44+850,390,7257104,Hålbergsliden,Avstängd,dp,Driftplats,0,Håb
2986,4532bb8b-303e-49bf-9a60-0de283aa65e7,20260528,99991231,0.420783187321816,2394,2,,710152,"20191025",44+850,44+850,390,7257104,Hålbergsliden,Avstängd,dp,Driftplats,0,Håb
2987,d0f58da1-8868-4186-ae71-74c4dff24928,20260529,99991231,0.338130369203812,167,2,,507261,<20190405,85+900,85+900,207,6781697,Furudal,Avstängd,lp,linjeplats,997,Fda
2988,9f6e2929-5636-4b42-bdef-c968230a8c97,20260529,99991231,0.338805178512706,167,2,,507261,<20190405,85+900,85+900,207,6781697,Furudal,Avstängd,lp,linjeplats,997,Fda
2989,78048154-5acc-4d9d-8c0d-3eb2bcf91efa,20260529,99991231,0.732883222837233,168,2,,543881,<20190405,36+685,36+686,171,6804583,Edsbyn,Ejunderh,lp,linjeplats,740,Edn
2990,ec7aae6c-5b45-4174-adb5-f482a1858a66,20260529,99991231,0.469432078036139,168,2,,543881,<20190405,36+685,36+686,171,6804583,Edsbyn,Ejunderh,lp,linjeplats,740,Edn
2991,5fb13a39-40a5-4194-931e-65970e1918f1,20260529,99991231,0.426365089800481,168,2,,543881,<20190405,36+685,36+686,171,6804583,Edsbyn,Ejunderh,lp,linjeplats,740,Edn
2992,811c40b4-65d0-427f-84eb-489b28b93174,20260529,99991231,0.503472436862745,1309,2,,557312,<20190405,21+281,21+281,99,6801747,Alfta,Ejunderh,lp,linjeplats,118,Aft
2993,cc69e5ab-ba7f-46d0-bcb4-26025b35e8cd,20260529,99991231,0.503472436862745,1309,2,,557312,<20190405,21+281,21+281,99,6801747,Alfta,Ejunderh,lp,linjeplats,118,Aft
2994,5d482ffc-9988-442a-a095-c87ce02b7b3a,20260529,99991231,0.394623333240595,1309,2,,557312,<20190405,21+281,21+281,99,6801747,Alfta,Ejunderh,lp,linjeplats,118,Aft
2995,"0677c72a-6f47-4695-b3a4-abb8cc1e4f4d",20260529,99991231,0.373272846800649,1478,2,,530631,<20190405,51+450,51+450,196,6800870,Voxna,Ejunderh,lp,linjeplats,10590,Vna
2996,f24bd25b-7f89-4beb-be07-beedea7e971f,20260529,99991231,0.428191342441349,1618,2,,520043,<20190405,69+740,69+740,255,6788043,Göringen,Ejunderh,lp,linjeplats,10176,Grn
2997,2e0795a7-6707-40aa-a805-03ffb27f863f,20260530,99991231,0.611814190127985,90,2,,552029,<20190405,17+900,17+900,182,6662710,Kärrgruvan,Ejunderh,dp,Driftplats,10303,Kär
2998,ec792f84-3916-4417-a392-05710a0a6662,20260530,99991231,0.582056221075906,1304,2,,379365,<20190405,5+990,5+990,4,6165135,Sege,Ejunderh,lp,linjeplats,10451,Sege
2999,1f64e155-4f1c-448e-a5c6-b9b0665f36bd,20260530,99991231,0.719738401284905,1304,2,,379365,<20190405,5+990,5+990,4,6165135,Sege,Ejunderh,lp,linjeplats,10451,Sege
3000,"049553f0-5cfb-4f6c-b09c-38928fd311cf",20260530,99991231,0.982666957089922,1304,2,,379365,<20190405,5+990,5+990,4,6165135,Sege,Ejunderh,lp,linjeplats,10451,Sege
3001,98cdfa78-2e60-4eec-a78d-82c7955a6819,20260530,99991231,0.627581263086143,1305,2,,385754,<20190405,12+714,12+714,17,6166422,Foodia,Ejunderh,lp,linjeplats,10115,Foo
3002,3501c3e6-b64c-4ea2-9bdc-350b35d351a1,20260530,99991231,0.499837874975613,1333,2,,387687,<20190405,15+561,15+640,16,6167792,Staffanstorp,Ejunderh,lp,linjeplats,10489,Saf
3003,e5b22da8-9a95-4723-a3ea-5b2f460728f4,20260530,99991231,0.500138995834891,1333,2,,387687,<20190405,15+561,15+640,16,6167792,Staffanstorp,Ejunderh,lp,linjeplats,10489,Saf
3004,43dfed24-f8d5-4036-8861-94bd36d3e773,20260530,99991231,0.50901160789099,1333,2,,387687,<20190405,15+561,15+640,16,6167792,Staffanstorp,Ejunderh,lp,linjeplats,10489,Saf
3005,"0702c352-557a-4f31-ae66-a667ef6da0b4",20260530,99991231,0.488887594599077,1394,2,,552630,<20190405,15+112,15+112,141,6660504,Mimer,Ejunderh,lp,linjeplats,10360,Mim
3006,b704926b-a51b-480e-b474-86721ef3622c,20260530,99991231,0.491893960017494,1457,2,,616090,<20190405,5+850,5+850,3,6757107,Norrsundet,Ejunderh,lp,linjeplats,2935,Ndt
3007,6458322a-a9a0-4466-8586-f76eb06bbe40,20260530,99991231,0.733459646545087,1457,2,,616090,<20190405,5+850,5+850,3,6757107,Norrsundet,Ejunderh,lp,linjeplats,2935,Ndt
3008,9d0adc42-7712-4379-89cf-8ce6e0f6492e,20260530,99991231,0.452555392736661,1457,2,,616090,<20190405,5+850,5+850,3,6757107,Norrsundet,Ejunderh,lp,linjeplats,2935,Ndt
3009,a6fafdab-b6ca-406b-b906-64c5d003584c,20251128,99991231,0.769599810770899,9,2,,518857,<20190405,70+850,70+850,167,6708725,Repbäcken,Öppen,dp,Driftplats,10420,Rbä
3010,922c8014-930b-4312-a654-2599a56114ad,20251128,99991231,0.738729288235659,9,2,,518857,<20190405,70+850,70+850,167,6708725,Repbäcken,Öppen,dp,Driftplats,10420,Rbä
3011,fbea7117-e1e6-4211-b52d-6ae79a4717ce,20251128,99991231,0.597256034925872,9,2,,518857,<20190405,70+850,70+850,167,6708725,Repbäcken,Öppen,dp,Driftplats,10420,Rbä
3012,5f672693-9355-4d75-b6c5-344f5defeb71,20260601,99991231,0.484280396373102,11,2,,520968,<20190405,32+451,32+451,143,6697509,Sellnäs,Öppen,dp,Driftplats,10453,Slnä
3013,e25cd2d2-a00c-43d6-abdf-421f98a5d793,20260601,99991231,0.484280046448586,11,2,,520968,<20190405,32+451,32+451,143,6697509,Sellnäs,Öppen,dp,Driftplats,10453,Slnä
3014,b3b2faad-ef5a-41a4-9fba-ce1aefdea724,20260601,99991231,0.521206291433503,14,2,,519703,<20190405,42+982,42+982,205,6688228,Ulvshyttan,Öppen,dp,Driftplats,10557,Uly
3015,b39ab63b-f462-41e1-ab7d-256fed98c93e,20260601,99991231,0.521206323471762,14,2,,519703,<20190405,42+982,42+982,205,6688228,Ulvshyttan,Öppen,dp,Driftplats,10557,Uly
3016,6f815f89-8a34-4e92-9ea1-ffb8b167cffe,20260601,99991231,0.437536088826704,115,2,,512368,<20190405,61+400,61+400,224,6676412,Gräsberg,Öppen,dp,Driftplats,10156,Gäg
3017,fa106921-cec3-40d5-9de6-b0eea388b660,20260601,99991231,0.437535625965642,115,2,,512368,<20190405,61+400,61+400,224,6676412,Gräsberg,Öppen,dp,Driftplats,10156,Gäg
3018,1dd5db4c-8056-464d-943b-78180318054e,20260601,99991231,0.544911280550491,116,2,,512293,<20190405,51+999,51+999,252,6684654,Rämshyttan,Öppen,dp,Driftplats,10442,Rmh
3019,5ca6d812-2f2b-4fdf-a884-4ac12e28e90c,20260601,99991231,0.447352477672972,116,2,,512293,<20190405,51+999,51+999,252,6684654,Rämshyttan,Öppen,dp,Driftplats,10442,Rmh
3020,d57e9ffa-5ff7-415f-8fe6-fde3af4c271f,20260614,99991231,0.689576881259807,1112,2,Stor,447084,<20190405,29+661,29+701,4,6209991,Kristianstads central,Öppen,dpd,Driftplatsdel,2117,Cr
3021,7f1c8fbf-164f-4afd-8321-5093d44f835a,20260614,99991231,0.703092863683759,1112,2,Stor,447084,<20190405,29+661,29+701,4,6209991,Kristianstads central,Öppen,dpd,Driftplatsdel,2117,Cr
3022,b99779b3-5b75-4796-99ff-1324db5ec695,20260614,99991231,0.45406541213389,1112,2,Stor,447084,<20190405,29+661,29+701,4,6209991,Kristianstads central,Öppen,dpd,Driftplatsdel,2117,Cr
3023,a6337577-53e8-4809-b537-0ecadef698d3,20260614,99991231,0.608595774249823,1112,2,Stor,447084,<20190405,29+661,29+701,4,6209991,Kristianstads central,Öppen,dpd,Driftplatsdel,2117,Cr
3024,41d66b5e-fc38-4b53-be8e-0dd232f21805,20260617,99991231,0.432019551248836,1951,2,Stor,716325,<20190405,1416+438,1416+438,505,7537761,Peuravaara,Öppen,dpd,Driftplatsdel,10409,Pea
3025,d1eabe2f-98ae-4e2b-8df4-60d979444da9,20260617,99991231,0.401002507631869,1951,2,Stor,716325,<20190405,1416+438,1416+438,505,7537761,Peuravaara,Öppen,dpd,Driftplatsdel,10409,Pea
3026,3da746cb-b826-46bd-915e-79ea6816043d,20260617,99991231,0.60784563952693,2489,2,,716425,"20260615",1415+185,1415+185,505,7536300,Leväjärvi,Öppen,dpd,Driftplatsdel,10727,Lvi
3027,f5e040e6-56d3-4e1e-b142-b43b9b72d3fe,20260618,99991231,0.729769192250015,682,2,,458808,<20190405,27+890,27+890,123,6599633,Storfors,Öppen,dp,Driftplats,3784,Sf
3028,aca73ed3-a136-460f-8534-74a300937c38,20260618,99991231,0.76995341054373,682,2,,458808,<20190405,27+890,27+890,123,6599633,Storfors,Öppen,dp,Driftplats,3784,Sf
3029,aba44bdb-3ec4-4558-9fa1-e581bd580cb5,20260623,99991231,0.409575684497204,2493,2,,916043,"20260622",85+85,85+85,0,7331096,Haaparanta pohjoinen,Öppen,dp,Driftplats,10726,Hpa
3030,ba5d06d1-58c4-4ce1-8b2f-6dca00ffd85d,20260623,99991231,0.411240352062543,2493,2,,916043,"20260622",85+85,85+85,0,7331096,Haaparanta pohjoinen,Öppen,dp,Driftplats,10726,Hpa
3031,3cac5773-00c7-4ab7-98a8-443391ec1742,20260623,99991231,0.770639101475819,397,2,Stor,916042,<20190405,85+783,85+783,13,7331068,Haparanda södra,Öppen,dp,Driftplats,1408,Hp
3032,5770ffef-5962-4bcb-bfa6-4fb3c7bc0ffa,20260623,99991231,0.372581051705301,397,2,Stor,916042,<20190405,85+783,85+783,13,7331068,Haparanda södra,Öppen,dp,Driftplats,1408,Hp
3033,b447e508-ba61-4772-8189-4637eb696643,20260623,99991231,0.861581385058298,397,2,Stor,916042,<20190405,85+783,85+783,13,7331068,Haparanda södra,Öppen,dp,Driftplats,1408,Hp
3034,e714ca54-3672-44b3-80f4-0ca71fe9cbcd,20260623,99991231,0.755107488156703,397,2,Stor,916042,<20190405,85+783,85+783,13,7331068,Haparanda södra,Öppen,dp,Driftplats,1408,Hp
3035,d953159d-66e4-494c-ad7d-94a8a9af507b,20260624,99991231,0.667862045576038,797,2,,380020,<20190405,33+209,265+781,28,6193332,Teckomatorp,Öppen,dp,Driftplats,4078,Tp
3036,7a5f479d-f360-4730-81bd-3f6966863e85,20260624,99991231,0.553606603293344,797,2,,380020,<20190405,33+209,265+781,28,6193332,Teckomatorp,Öppen,dp,Driftplats,4078,Tp
3037,fdaee977-36b8-4e18-af65-b096a46a7636,20260624,99991231,0.665010726320891,797,2,,380020,<20190405,33+209,265+781,28,6193332,Teckomatorp,Öppen,dp,Driftplats,4078,Tp
3038,3e5c84f6-c1cf-4b8e-93a3-93a02d13bee9,20260624,99991231,0.442286905141199,797,2,,380020,<20190405,33+209,265+781,28,6193332,Teckomatorp,Öppen,dp,Driftplats,4078,Tp
3039,133706cc-cfc6-4e81-9bf2-57e71feff7f0,20260624,99991231,0.809073930457818,799,2,,366559,<20190405,14+189,14+441,22,6204117,Vallåkra,Öppen,dp,Driftplats,4403,Våk
3040,dc529c36-edc8-4ba1-a49e-6dbc2459850f,20260624,99991231,0.202720039658261,799,2,,366559,<20190405,14+189,14+441,22,6204117,Vallåkra,Öppen,dp,Driftplats,4403,Våk
3041,b2eff557-fab9-4eb5-9974-13a50ddedd8c,20260624,99991231,0.501206389101291,1246,2,,363326,<20190405,9+618,9+836,18,6207027,Gantofta,Öppen,dp,Driftplats,325,Gan
3042,1ec2b6cd-e54a-4baf-8278-b8ccb5647b03,20260624,99991231,0.221689493516443,1246,2,,363326,<20190405,9+618,9+836,18,6207027,Gantofta,Öppen,dp,Driftplats,325,Gan
3043,dda1ec17-5074-4edf-8a63-05fa60f57e0e,20260624,99991231,0.009008205331014,1289,2,,450996,<20190405,2+391,2+391,76,6576967,Spjutbäcken,Öppen,lp,linjeplats,10486,xSpj
3044,6d2587e7-7709-4b7e-aea1-c96e774af460,20260625,99991231,0.747997764254214,1851,2,,664059,<20190405,34+409,34+409,27,6611304,Blackvreten,Öppen,dpd,Driftplatsdel,10040,Bvr
3045,2c8842f0-f0b1-4722-9c30-423defe97f42,20260625,99991231,0.595945739054166,1851,2,,664059,<20190405,34+409,34+409,27,6611304,Blackvreten,Öppen,dpd,Driftplatsdel,10040,Bvr
3046,7e053e01-ff84-40ce-bc71-910975a97893,20260625,99991231,0.916918069765129,1851,2,,664059,<20190405,34+409,34+409,27,6611304,Blackvreten,Öppen,dpd,Driftplatsdel,10040,Bvr
3047,5bf6f693-26b6-4813-9c8f-50b0953ac3dc,20260625,99991231,0.174746558179884,1852,2,,664813,<20190405,36+870,36+870,40,6614137,Arlanda nedre,Öppen,dpd,Driftplatsdel,10011,Arne
3048,413c11df-b5b8-440f-b1c2-92ecb568be39,20260625,99991231,0.812489945436925,1852,2,,664813,<20190405,36+870,36+870,40,6614137,Arlanda nedre,Öppen,dpd,Driftplatsdel,10011,Arne
3049,47e9b803-16a2-4de2-8dd4-12aefa2a90c6,20260625,99991231,0.706437834346581,1853,2,,665038,<20190405,38+743,38+743,32,6615720,Arlanda södra,Öppen,dpd,Driftplatsdel,10012,Arns
3050,5eb9c8b2-52c5-45e3-ba57-25d619f6cab9,20260625,99991231,0.547617247492378,1853,2,,665038,<20190405,38+743,38+743,32,6615720,Arlanda södra,Öppen,dpd,Driftplatsdel,10012,Arns
3051,ec3bfdfb-ada8-484b-9c80-313cdecefe58,20260625,99991231,0.674113129185783,1854,2,,665100,<20190405,39+310,39+310,31,6616247,Arlanda norra,Öppen,dpd,Driftplatsdel,227,Arnn
3052,bbbb8df3-fb5f-4546-9c51-5467c4eb5037,20260625,99991231,0.676847112116132,1854,2,,665100,<20190405,39+310,39+310,31,6616247,Arlanda norra,Öppen,dpd,Driftplatsdel,227,Arnn
3053,53feea83-765e-4594-bdaf-47055619ceaa,20251128,99991231,0.503501861673699,378,2,,791976,<20190405,1129+159,1129+159,42,7316923,Degerbäcken,Öppen,dp,Driftplats,10079,Dbn
3054,f58aa110-608c-46b2-8def-d408d250a8f1,20251128,99991231,0.521380448627395,366,2,,742990,<20190405,1033+396,1033+396,248,7251890,Myrheden,Öppen,dp,Driftplats,10373,Mhn
3055,c85e84aa-2e09-48a8-983a-13280b52c1ea,20251128,99991231,0.61306891489216,365,2,,737978,<20190405,1022+523,1022+523,317,7243950,Träskholm,Öppen,dp,Driftplats,10542,Thm
3056,77aff276-5dd8-4cd9-95aa-a0e729f1b59a,20251128,99991231,0.615162381106592,365,2,,737978,<20190405,1022+523,1022+523,317,7243950,Träskholm,Öppen,dp,Driftplats,10542,Thm
3057,65059763-a637-4216-ada9-88e4c4ce30f9,20260628,99991231,0.342223882066248,380,2,Stor,806029,<20190405,1144+153,1144+375,11,7317197,Bodens central,Öppen,dpd,Driftplatsdel,389,Bdn
3058,556bfbbf-816c-4ca3-a928-2892188525a1,20260628,99991231,0.392635098110215,380,2,Stor,806029,<20190405,1144+153,1144+375,11,7317197,Bodens central,Öppen,dpd,Driftplatsdel,389,Bdn
3059,"0ccb613c-cdef-44f1-8e40-c21fffffc2c5",20260628,99991231,0.336505192327547,380,2,Stor,806029,<20190405,1144+153,1144+375,11,7317197,Bodens central,Öppen,dpd,Driftplatsdel,389,Bdn
3060,"0aef235d-84df-430a-8014-ec443be8d66d",20260628,99991231,0.718396323425909,380,2,Stor,806029,<20190405,1144+153,1144+375,11,7317197,Bodens central,Öppen,dpd,Driftplatsdel,389,Bdn
3061,301b205a-4e99-4edf-a174-4ede9abfe969,20260628,99991231,0.161018563280466,380,2,Stor,806029,<20190405,1144+153,1144+375,11,7317197,Bodens central,Öppen,dpd,Driftplatsdel,389,Bdn
3062,f8ba51cd-66c4-4b9b-bd8f-b849bb5c30d4,20260628,99991231,0.100849944372254,380,2,Stor,806029,<20190405,1144+153,1144+375,11,7317197,Bodens central,Öppen,dpd,Driftplatsdel,389,Bdn
3063,"043d3c1f-88ab-4b9b-bedc-bf985bd3acb8",20260629,99991231,0.877763683569203,524,2,Stor,647135,<20190405,47+882,47+882,37,6553329,Järna,Öppen,dp,Driftplats,1865,Jn
3064,cdaf528b-895d-472a-bca0-b29c1fd6e34d,20260629,99991231,0.635985925975368,524,2,Stor,647135,<20190405,47+882,47+882,37,6553329,Järna,Öppen,dp,Driftplats,1865,Jn
3065,"0db46d9b-884d-42d9-9503-a831eff42811",20260629,99991231,0.621793435278197,524,2,Stor,647135,<20190405,47+882,47+882,37,6553329,Järna,Öppen,dp,Driftplats,1865,Jn
3066,1103b20b-9e26-4a33-bc1d-4fd48d9266e2,20260629,99991231,0.595672576599966,524,2,Stor,647135,<20190405,47+882,47+882,37,6553329,Järna,Öppen,dp,Driftplats,1865,Jn
3067,ad977525-c965-43eb-8a1d-aebb73dd9809,20260629,99991231,0.587196185396941,524,2,Stor,647135,<20190405,47+882,47+882,37,6553329,Järna,Öppen,dp,Driftplats,1865,Jn
3068,67d79b01-f6f6-4972-94f8-d3f1617d6df4,20260720,99991231,0.32076216244545,422,2,,671567,<20190405,8+380,8+380,28,6574951,Älvsjö,Öppen,dpd,Driftplatsdel,4816,Äs
3069,63341a68-959c-476e-9ea7-8d0e867d4e7d,20260720,99991231,0.348879247444803,422,2,,671567,<20190405,8+380,8+380,28,6574951,Älvsjö,Öppen,dpd,Driftplatsdel,4816,Äs
3070,b298fd62-00f8-4e2a-b9f8-07095ec014cc,20260720,99991231,0.578940125038826,422,2,,671567,<20190405,8+380,8+380,28,6574951,Älvsjö,Öppen,dpd,Driftplatsdel,4816,Äs
3071,da9c4bd1-3d5b-4a69-a6ff-4fa0f347f0fe,20260720,99991231,0.184373815288798,422,2,,671567,<20190405,8+380,8+380,28,6574951,Älvsjö,Öppen,dpd,Driftplatsdel,4816,Äs
3072,37a93c58-99ac-401f-9e17-46c6d471fcf8,20260720,99991231,0.377158126823896,422,2,,671567,<20190405,8+380,8+380,28,6574951,Älvsjö,Öppen,dpd,Driftplatsdel,4816,Äs
3073,f983fab6-d324-433d-ab19-c836851684d4,20260720,99991231,0.599979059429065,422,2,,671567,<20190405,8+380,8+380,28,6574951,Älvsjö,Öppen,dpd,Driftplatsdel,4816,Äs
3074,5117cf84-9aa2-4583-944e-59532a8d6341,20260720,99991231,0.604301755867346,422,2,,671567,<20190405,8+380,8+380,28,6574951,Älvsjö,Öppen,dpd,Driftplatsdel,4816,Äs
3075,"063513da-16f8-452a-b39f-5275a5a5dd4b",20260720,99991231,0.619698982627397,422,2,,671567,<20190405,8+380,8+380,28,6574951,Älvsjö,Öppen,dpd,Driftplatsdel,4816,Äs
3076,f5f91ff8-eb7f-4fb5-ab8e-ccab2de196fd,20260720,99991231,0.424911994217927,426,2,,674193,<20190405,2+474,2+482,24,6578955,Stockholms södra,Öppen,dpd,Driftplatsdel,3755,Sst
3077,d17041bd-24f0-4974-8d95-bdb538646dc1,20260720,99991231,0.42573086405141,426,2,,674193,<20190405,2+474,2+482,24,6578955,Stockholms södra,Öppen,dpd,Driftplatsdel,3755,Sst
3078,ea3ef8f3-d558-45ae-a894-3c48c62a5c9c,20260720,99991231,0.659180246212901,426,2,,674193,<20190405,2+474,2+482,24,6578955,Stockholms södra,Öppen,dpd,Driftplatsdel,3755,Sst
3079,"0912ea94-9538-4f5f-a702-fc734a4175b8",20260720,99991231,0.655753022067585,426,2,,674193,<20190405,2+474,2+482,24,6578955,Stockholms södra,Öppen,dpd,Driftplatsdel,3755,Sst
3080,"06722ecf-ae6a-43dd-8aee-44e0c0998012",20260720,99991231,0.266582038719452,426,2,,674193,<20190405,2+474,2+482,24,6578955,Stockholms södra,Öppen,dpd,Driftplatsdel,3755,Sst
3081,48e9da3b-07a9-4e1b-91b1-12e5a329a6c4,20260720,99991231,0.278452054678605,426,2,,674193,<20190405,2+474,2+482,24,6578955,Stockholms södra,Öppen,dpd,Driftplatsdel,3755,Sst
3082,c4f8360d-9e96-4db2-8f6d-9ce2a64ffdec,20260720,99991231,0.152647318129384,454,2,,669888,<20190405,13+750,13+750,28,6570098,Huddinge,Öppen,dp,Driftplats,1578,Hu
3083,fea88a3e-80be-428b-b138-0102ef0a9043,20260720,99991231,0.441554511274254,454,2,,669888,<20190405,13+750,13+750,28,6570098,Huddinge,Öppen,dp,Driftplats,1578,Hu
3084,77cb250a-e78a-420b-bc23-0e85fd6b7bdc,20260720,99991231,0.420390968996714,454,2,,669888,<20190405,13+750,13+750,28,6570098,Huddinge,Öppen,dp,Driftplats,1578,Hu
3085,a972d4bd-e4b8-4962-ba58-40af9f05b63d,20260720,99991231,0.305186386714564,454,2,,669888,<20190405,13+750,13+750,28,6570098,Huddinge,Öppen,dp,Driftplats,1578,Hu
3086,"0066460c-8964-4bea-8c59-292ae6268baa",20260801,99991231,0.170833340889065,1337,2,,574372,<20190405,320+742,320+742,79,6805926,f.d. lp Röste,Nedlagd,lp,linjeplats,3339,zRte
3087,fc780e87-e82d-480d-88d1-12dfbc4ef11b,20260531,99991231,0.897248116293032,111,2,,498981,<20190405,478+894,478+894,286,6658496,Grängesbergs malmbangård,Öppen,lp,linjeplats,1192,Ggm
3088,d304a83d-1955-4210-91f9-04668b22e0a6,20260531,99991231,0.188914450017687,109,2,Stor,496743,<20190405,105+510,463+123,174,6644109,Ställdalen,Öppen,dp,Driftplats,3849,Stl
3089,188d52dd-6de5-4811-a73a-3e65c3b69215,20260531,99991231,0.226859668192487,109,2,Stor,496743,<20190405,105+510,463+123,174,6644109,Ställdalen,Öppen,dp,Driftplats,3849,Stl
3090,ff06faef-fbee-4c4a-8fde-e8a8ec7f26e0,20260531,99991231,0.911758024346624,109,2,Stor,496743,<20190405,105+510,463+123,174,6644109,Ställdalen,Öppen,dp,Driftplats,3849,Stl
3091,8d2c4a6a-d49c-4a09-9cbf-c98f211eee85,20260806,99991231,0.310923826208934,113,2,,500191,<20190405,85+480,480+725,274,6659768,Grängesberg,Öppen,dp,Driftplats,1191,Gg
3092,37989e71-7f03-4ee2-ad21-b1ae2116b582,20260806,99991231,0.713586775426924,113,2,,500191,<20190405,85+480,480+725,274,6659768,Grängesberg,Öppen,dp,Driftplats,1191,Gg
