era_SectionOfLine;era_SectionOfLine_era_opStart;era_SectionOfLine_era_opStart__label;era_SectionOfLine_era_nationalLine_rdfs_label;era_SectionOfLine_era_lengthOfSectionOfLine;era_SectionOfLine_era_opEnd;era_SectionOfLine_era_opEnd__label;CUSTOM_VAR_IN_COUNTRY;CUSTOM_VAR_IN_COUNTRY__label;__type;__label
http://data.europa.eu/949/sectionOfLine/a10bfd42c5;http://data.europa.eu/949/operationalPoint/f77033cc06;Arlanda nedre;30;1.85;http://data.europa.eu/949/operationalPoint/39d202fe41;Arlanda central;http://publications.europa.eu/resource/authority/country/SWE;Sweden;;
http://data.europa.eu/949/sectionOfLine/eb71184212;http://data.europa.eu/949/operationalPoint/39d202fe41;Arlanda central;30;7.858;http://data.europa.eu/949/operationalPoint/d8fa27042a;TRV-Atrain border Myrbacken;http://publications.europa.eu/resource/authority/country/SWE;Sweden;;
http://data.europa.eu/949/sectionOfLine/185243d4a4;http://data.europa.eu/949/operationalPoint/f81c7a49a9;Arlanda södra;30;0.64;http://data.europa.eu/949/operationalPoint/b2fdcc6606;Arlanda norra;http://publications.europa.eu/resource/authority/country/SWE;Sweden;;
http://data.europa.eu/949/sectionOfLine/179a624892;http://data.europa.eu/949/operationalPoint/f77033cc06;Arlanda nedre;30;1.26;http://data.europa.eu/949/operationalPoint/f81c7a49a9;Arlanda södra;http://publications.europa.eu/resource/authority/country/SWE;Sweden;;
http://data.europa.eu/949/sectionOfLine/2258bac426;http://data.europa.eu/949/operationalPoint/54ec9a6dda;TRV-Atrain border Skavstaby;30;4.889;http://data.europa.eu/949/operationalPoint/587cd2ddb5;Blackvreten;http://publications.europa.eu/resource/authority/country/SWE;Sweden;;
http://data.europa.eu/949/sectionOfLine/3d51a89d48;http://data.europa.eu/949/operationalPoint/587cd2ddb5;Blackvreten;30;3.002;http://data.europa.eu/949/operationalPoint/f77033cc06;Arlanda nedre;http://publications.europa.eu/resource/authority/country/SWE;Sweden;;
http://data.europa.eu/949/sectionOfLine/a78ae3c48e;http://data.europa.eu/949/operationalPoint/5c6f54f84a;Peberholm;98;11.455;http://data.europa.eu/949/operationalPoint/23158b1c78;Öresundsbro Konsortiet - Trafikverket km 281+810;http://publications.europa.eu/resource/authority/country/SWE;Sweden;;
http://data.europa.eu/949/sectionOfLine/fa9ef33ec6;http://data.europa.eu/949/operationalPoint/6d6ea5596a;Peberholm gränsen;98;0.106;http://data.europa.eu/949/operationalPoint/5c6f54f84a;Peberholm;http://publications.europa.eu/resource/authority/country/SWE;Sweden;;
http://data.europa.eu/949/sectionOfLine/e301fb7e27;http://data.europa.eu/949/operationalPoint/a98b5f90ed;Malmö godsbangård;24;2.811;http://data.europa.eu/949/operationalPoint/3c12983d7c;Malmö central;http://publications.europa.eu/resource/authority/country/SWE;Sweden;;
http://data.europa.eu/949/sectionOfLine/9d50e5f683;http://data.europa.eu/949/operationalPoint/da7d4d0567;Trollhättan;11;8.216;http://data.europa.eu/949/operationalPoint/075e6ad447;Velanda södra;http://publications.europa.eu/resource/authority/country/SWE;Sweden;;
http://data.europa.eu/949/sectionOfLine/558ca03d7d;http://data.europa.eu/949/operationalPoint/7d805f661f;Kolbäck;16;6.642;http://data.europa.eu/949/operationalPoint/1f2d296423;Munktorp;http://publications.europa.eu/resource/authority/country/SWE;Sweden;;
http://data.europa.eu/949/sectionOfLine/73e761f660;http://data.europa.eu/949/operationalPoint/6da9797e83;Krokvik;21;10.396;http://data.europa.eu/949/operationalPoint/9b3475eca8;Rautas;http://publications.europa.eu/resource/authority/country/SWE;Sweden;;
http://data.europa.eu/949/sectionOfLine/3f2544d37a;http://data.europa.eu/949/operationalPoint/08ace0fb01;Jörn;7;11.878;http://data.europa.eu/949/operationalPoint/9f5d1fd81c;Storträsk;http://publications.europa.eu/resource/authority/country/SWE;Sweden;;
http://data.europa.eu/949/sectionOfLine/08a68e9112;http://data.europa.eu/949/operationalPoint/6cb35b842d;Duved;20;23.747;http://data.europa.eu/949/operationalPoint/d88d9cc641;Ånn;http://publications.europa.eu/resource/authority/country/SWE;Sweden;;
http://data.europa.eu/949/sectionOfLine/59d8e52749;http://data.europa.eu/949/operationalPoint/cce9563a18;Söderby;1;1.349;http://data.europa.eu/949/operationalPoint/9ceae2d9cd;Garnudden;http://publications.europa.eu/resource/authority/country/SWE;Sweden;;
http://data.europa.eu/949/sectionOfLine/3fe4c64796;http://data.europa.eu/949/operationalPoint/7c8b920e12;Älmhult;2;10.992;http://data.europa.eu/949/operationalPoint/dbec299d0b;Tunneby;http://publications.europa.eu/resource/authority/country/SWE;Sweden;;
http://data.europa.eu/949/sectionOfLine/6a4382a3b4;http://data.europa.eu/949/operationalPoint/4c3d11aa06;Kistinge;3;7.401;http://data.europa.eu/949/operationalPoint/b1b0a5f402;Eldsberga;http://publications.europa.eu/resource/authority/country/SWE;Sweden;;
http://data.europa.eu/949/sectionOfLine/df4d4e9e5e;http://data.europa.eu/949/operationalPoint/e48e0db7dc;Öxnered;11;8.805;http://data.europa.eu/949/operationalPoint/da7d4d0567;Trollhättan;http://publications.europa.eu/resource/authority/country/SWE;Sweden;;
http://data.europa.eu/949/sectionOfLine/f9e02af020;http://data.europa.eu/949/operationalPoint/31dec8629a;Dingle;73;11.907;http://data.europa.eu/949/operationalPoint/b4771d9622;Rabbalshede;http://publications.europa.eu/resource/authority/country/SWE;Sweden;;
http://data.europa.eu/949/sectionOfLine/f64ffac7ba;http://data.europa.eu/949/operationalPoint/dc2ad57fc3;Bensjöbacken;8;5.604;http://data.europa.eu/949/operationalPoint/4db573d51e;Bräcke;http://publications.europa.eu/resource/authority/country/SWE;Sweden;;
http://data.europa.eu/949/sectionOfLine/d9e09936f8;http://data.europa.eu/949/operationalPoint/b923548426;Stockholms norra;27;3.829;http://data.europa.eu/949/operationalPoint/3190bb5f0b;Värtan;http://publications.europa.eu/resource/authority/country/SWE;Sweden;;
http://data.europa.eu/949/sectionOfLine/f19b04c8c8;http://data.europa.eu/949/operationalPoint/b9cb3763d0;Ängelsberg;63;4.252;http://data.europa.eu/949/operationalPoint/388146562e;Snyten;http://publications.europa.eu/resource/authority/country/SWE;Sweden;;
http://data.europa.eu/949/sectionOfLine/f592903d2d;http://data.europa.eu/949/operationalPoint/27db4bfe7b;Skogås;19;3.581;http://data.europa.eu/949/operationalPoint/916f94c116;Farsta strand;http://publications.europa.eu/resource/authority/country/SWE;Sweden;;
http://data.europa.eu/949/sectionOfLine/80d73f3460;http://data.europa.eu/949/operationalPoint/c92a326216;Rensjön;21;9.363;http://data.europa.eu/949/operationalPoint/53b078da69;Bergfors;http://publications.europa.eu/resource/authority/country/SWE;Sweden;;
http://data.europa.eu/949/sectionOfLine/0e92899c9b;http://data.europa.eu/949/operationalPoint/cb18057fc1;Salsta;5;9.859;http://data.europa.eu/949/operationalPoint/3eb90074c4;Järlebo;http://publications.europa.eu/resource/authority/country/SWE;Sweden;;
http://data.europa.eu/949/sectionOfLine/befc3186b4;http://data.europa.eu/949/operationalPoint/02144cc8e1;Vara;15;10.694;http://data.europa.eu/949/operationalPoint/013a0c9a36;Vedum;http://publications.europa.eu/resource/authority/country/SWE;Sweden;;
http://data.europa.eu/949/sectionOfLine/ea651259db;http://data.europa.eu/949/operationalPoint/2e33c55346;Båramo;84;2.167;http://data.europa.eu/949/operationalPoint/d6fcd80838;Skillingaryd;http://publications.europa.eu/resource/authority/country/SWE;Sweden;;
http://data.europa.eu/949/sectionOfLine/e98a1d0f1e;http://data.europa.eu/949/operationalPoint/4080014b61;Kristianstads central;13;1.419;http://data.europa.eu/949/operationalPoint/6ed579922c;Kristianstads södra;http://publications.europa.eu/resource/authority/country/SWE;Sweden;;
http://data.europa.eu/949/sectionOfLine/060caca8dc;http://data.europa.eu/949/operationalPoint/7b07602d9e;Östervärn;24;5.105;http://data.europa.eu/949/operationalPoint/ecb6dc7c4c;Fosieby;http://publications.europa.eu/resource/authority/country/SWE;Sweden;;
http://data.europa.eu/949/sectionOfLine/7756e5ec56;http://data.europa.eu/949/operationalPoint/9ffbc67936;Långvattnet;7;9.166;http://data.europa.eu/949/operationalPoint/aff2c15cf7;Trehörningsjö;http://publications.europa.eu/resource/authority/country/SWE;Sweden;;
http://data.europa.eu/949/sectionOfLine/4b05ba4eb8;http://data.europa.eu/949/operationalPoint/bce68f4cc8;Stockholms central;22;2.326;http://data.europa.eu/949/operationalPoint/0825ede7e3;Stockholms södra;http://publications.europa.eu/resource/authority/country/SWE;Sweden;;
http://data.europa.eu/949/sectionOfLine/d9c20545f4;http://data.europa.eu/949/operationalPoint/2c35cb6b89;Järneträsk;7;7.256;http://data.europa.eu/949/operationalPoint/204a1232a3;Korsträsk;http://publications.europa.eu/resource/authority/country/SWE;Sweden;;
http://data.europa.eu/949/sectionOfLine/bcfef82c82;http://data.europa.eu/949/operationalPoint/eb018a18c8;Bodens central;7;3.8;http://data.europa.eu/949/operationalPoint/8f71f1ef9f;Buddbyn;http://publications.europa.eu/resource/authority/country/SWE;Sweden;;
http://data.europa.eu/949/sectionOfLine/201462eda2;http://data.europa.eu/949/operationalPoint/d1528fd82a;Gimonäs;43;10.056;http://data.europa.eu/949/operationalPoint/889cdef3b7;Holmsund;http://publications.europa.eu/resource/authority/country/SWE;Sweden;;
http://data.europa.eu/949/sectionOfLine/d17d841fc3;http://data.europa.eu/949/operationalPoint/adb50df251;Floda;1;3.512;http://data.europa.eu/949/operationalPoint/01aa5de7e7;Stenkullen;http://publications.europa.eu/resource/authority/country/SWE;Sweden;;
http://data.europa.eu/949/sectionOfLine/f442cb22b7;http://data.europa.eu/949/operationalPoint/f62dbb4620;Göteborg Marieholm;23;2.185;http://data.europa.eu/949/operationalPoint/dd74a34278;Gamlestaden;http://publications.europa.eu/resource/authority/country/SWE;Sweden;;
http://data.europa.eu/949/sectionOfLine/55d76611cf;http://data.europa.eu/949/operationalPoint/39fd70581f;Lubboträsk;7;7.423;http://data.europa.eu/949/operationalPoint/0d6fc80ca9;Åsträsk;http://publications.europa.eu/resource/authority/country/SWE;Sweden;;
http://data.europa.eu/949/sectionOfLine/ea8be88735;http://data.europa.eu/949/operationalPoint/ecb6dc7c4c;Fosieby;24;1.528;http://data.europa.eu/949/operationalPoint/2607fc1637;Lockarp;http://publications.europa.eu/resource/authority/country/SWE;Sweden;;
http://data.europa.eu/949/sectionOfLine/86205c68a8;http://data.europa.eu/949/operationalPoint/f387e14cd9;Hässleholm;13;6.315;http://data.europa.eu/949/operationalPoint/a4d3562a20;Attarp;http://publications.europa.eu/resource/authority/country/SWE;Sweden;;
http://data.europa.eu/949/sectionOfLine/fc031a1184;http://data.europa.eu/949/operationalPoint/fe38eea532;Gällö;20;14.603;http://data.europa.eu/949/operationalPoint/a0259727e5;Pilgrimstad;http://publications.europa.eu/resource/authority/country/SWE;Sweden;;
http://data.europa.eu/949/sectionOfLine/aeffae3c4e;http://data.europa.eu/949/operationalPoint/3eb90074c4;Järlebo;5;11.081;http://data.europa.eu/949/operationalPoint/5a50ad78f4;Örbyhus;http://publications.europa.eu/resource/authority/country/SWE;Sweden;;
http://data.europa.eu/949/sectionOfLine/02c9349860;http://data.europa.eu/949/operationalPoint/70490b39ef;Löcknamon;9;13.845;http://data.europa.eu/949/operationalPoint/4d02a4c28c;Jakobshyttan;http://publications.europa.eu/resource/authority/country/SWE;Sweden;;
http://data.europa.eu/949/sectionOfLine/b0ec506cba;http://data.europa.eu/949/operationalPoint/a7c46726cb;Rällså;10;11.23;http://data.europa.eu/949/operationalPoint/7c80e75b65;Kopparberg;http://publications.europa.eu/resource/authority/country/SWE;Sweden;;
http://data.europa.eu/949/sectionOfLine/3957cd9a4d;http://data.europa.eu/949/operationalPoint/aa27f118f0;Gistad;2;9.045;http://data.europa.eu/949/operationalPoint/4d4db59882;Linghem;http://publications.europa.eu/resource/authority/country/SWE;Sweden;;
http://data.europa.eu/949/sectionOfLine/b80bea58ac;http://data.europa.eu/949/operationalPoint/eda3fbbb37;Vallvik;5;2.987;http://data.europa.eu/949/operationalPoint/ad88a47d63;Ljusne bruk;http://publications.europa.eu/resource/authority/country/SWE;Sweden;;
http://data.europa.eu/949/sectionOfLine/e35e390048;http://data.europa.eu/949/operationalPoint/66bc1c4e54;Rörvik;2;9.011;http://data.europa.eu/949/operationalPoint/3ba9bea0db;Grevaryd;http://publications.europa.eu/resource/authority/country/SWE;Sweden;;
http://data.europa.eu/949/sectionOfLine/e729af12fa;http://data.europa.eu/949/operationalPoint/ecde6f7570;Sävastklinten;7;1.738;http://data.europa.eu/949/operationalPoint/31bea9157f;Sävast;http://publications.europa.eu/resource/authority/country/SWE;Sweden;;
http://data.europa.eu/949/sectionOfLine/5764ec2d5a;http://data.europa.eu/949/operationalPoint/9349a4af84;Degerfors;12;3.057;http://data.europa.eu/949/operationalPoint/a7af6eb548;Strömtorp;http://publications.europa.eu/resource/authority/country/SWE;Sweden;;
http://data.europa.eu/949/sectionOfLine/2748742e20;http://data.europa.eu/949/operationalPoint/eca81cd7b8;Helsingborgs godsbangård;3;18.638;http://data.europa.eu/949/operationalPoint/b9cc445180;Landskrona Östra;http://publications.europa.eu/resource/authority/country/SWE;Sweden;;
http://data.europa.eu/949/sectionOfLine/5018fa086b;http://data.europa.eu/949/operationalPoint/cbf411cede;Karlstads östra;12;1.178;http://data.europa.eu/949/operationalPoint/0a0acb8af0;Karlstads central;http://publications.europa.eu/resource/authority/country/SWE;Sweden;;
http://data.europa.eu/949/sectionOfLine/5c3bf5b287;http://data.europa.eu/949/operationalPoint/f514b433fd;Håmojåkk;21;11.754;http://data.europa.eu/949/operationalPoint/14bf3cb2a6;Harrå;http://publications.europa.eu/resource/authority/country/SWE;Sweden;;
http://data.europa.eu/949/sectionOfLine/86fe4e71d7;http://data.europa.eu/949/operationalPoint/4080014b61;Kristianstads central;13;1.27;http://data.europa.eu/949/operationalPoint/766aa4411a;Kristianstad GBG;http://publications.europa.eu/resource/authority/country/SWE;Sweden;;
http://data.europa.eu/949/sectionOfLine/dae7389805;http://data.europa.eu/949/operationalPoint/fb0c354cda;Vattjom;20;5.804;http://data.europa.eu/949/operationalPoint/76eeb5d1a2;Töva;http://publications.europa.eu/resource/authority/country/SWE;Sweden;;
http://data.europa.eu/949/sectionOfLine/a2090c54d1;http://data.europa.eu/949/operationalPoint/85005464b1;Markaryd;33;20.891;http://data.europa.eu/949/operationalPoint/e5763fdc21;Bjärnum;http://publications.europa.eu/resource/authority/country/SWE;Sweden;;
http://data.europa.eu/949/sectionOfLine/7b4693d04c;http://data.europa.eu/949/operationalPoint/001a3bacf5;Åkarp;24;2.734;http://data.europa.eu/949/operationalPoint/83b92b7e3a;Burlöv;http://publications.europa.eu/resource/authority/country/SWE;Sweden;;
http://data.europa.eu/949/sectionOfLine/71baedaec5;http://data.europa.eu/949/operationalPoint/632130a0c8;Högsjö;1;11.037;http://data.europa.eu/949/operationalPoint/1f833d50ff;Kilsmo;http://publications.europa.eu/resource/authority/country/SWE;Sweden;;
http://data.europa.eu/949/sectionOfLine/b20ce675ad;http://data.europa.eu/949/operationalPoint/adbc3d42da;Svedala;90;8.655;http://data.europa.eu/949/operationalPoint/b7af46604d;Lemmeströ;http://publications.europa.eu/resource/authority/country/SWE;Sweden;;
http://data.europa.eu/949/sectionOfLine/891f2a6fd8;http://data.europa.eu/949/operationalPoint/9123254b0a;Ekträsk;7;9.6;http://data.europa.eu/949/operationalPoint/39fd70581f;Lubboträsk;http://publications.europa.eu/resource/authority/country/SWE;Sweden;;
http://data.europa.eu/949/sectionOfLine/bb11ac0adf;http://data.europa.eu/949/operationalPoint/2aeae4aa75;Huddinge;1;2.518;http://data.europa.eu/949/operationalPoint/6a844ff364;Flemingsberg;http://publications.europa.eu/resource/authority/country/SWE;Sweden;;
http://data.europa.eu/949/sectionOfLine/454f8fece8;http://data.europa.eu/949/operationalPoint/2f3c5500bf;Gällivare central;21;10.685;http://data.europa.eu/949/operationalPoint/5b7a46f88d;Sikträsk;http://publications.europa.eu/resource/authority/country/SWE;Sweden;;
http://data.europa.eu/949/sectionOfLine/6e99c4e899;http://data.europa.eu/949/operationalPoint/c147dd2946;Nuortikon;21;10.817;http://data.europa.eu/949/operationalPoint/9e27ba785c;Ripats;http://publications.europa.eu/resource/authority/country/SWE;Sweden;;
http://data.europa.eu/949/sectionOfLine/753ebb3bcc;http://data.europa.eu/949/operationalPoint/a98b5f90ed;Malmö godsbangård;24;1.931;http://data.europa.eu/949/operationalPoint/7b07602d9e;Östervärn;http://publications.europa.eu/resource/authority/country/SWE;Sweden;;
http://data.europa.eu/949/sectionOfLine/f0a2717a70;http://data.europa.eu/949/operationalPoint/0d032944de;Forsheda;84;15.138;http://data.europa.eu/949/operationalPoint/568ae13b2d;Reftele;http://publications.europa.eu/resource/authority/country/SWE;Sweden;;
http://data.europa.eu/949/sectionOfLine/99465a86bf;http://data.europa.eu/949/operationalPoint/de9c8dc5ce;Katrineholms central;1;10.928;http://data.europa.eu/949/operationalPoint/3b23f68daa;Strångsjö;http://publications.europa.eu/resource/authority/country/SWE;Sweden;;
http://data.europa.eu/949/sectionOfLine/ea0f151e49;http://data.europa.eu/949/operationalPoint/c6e0bdecd8;Heberg;3;11.534;http://data.europa.eu/949/operationalPoint/32bdc256a6;Brännarp;http://publications.europa.eu/resource/authority/country/SWE;Sweden;;
http://data.europa.eu/949/sectionOfLine/22dd96d49e;http://data.europa.eu/949/operationalPoint/990b88fb96;Gussi;5;8.51;http://data.europa.eu/949/operationalPoint/5cdef13d38;Söderhamns västra;http://publications.europa.eu/resource/authority/country/SWE;Sweden;;
http://data.europa.eu/949/sectionOfLine/f174c463ab;http://data.europa.eu/949/operationalPoint/05328aaa1a;Källene;5;8.692;http://data.europa.eu/949/operationalPoint/a1586e27da;Losesjön;http://publications.europa.eu/resource/authority/country/SWE;Sweden;;
http://data.europa.eu/949/sectionOfLine/c285dfde8d;http://data.europa.eu/949/operationalPoint/55e26320d8;Pålsjö;3;2.019;http://data.europa.eu/949/operationalPoint/89411257bf;Helsingborgs central;http://publications.europa.eu/resource/authority/country/SWE;Sweden;;
http://data.europa.eu/949/sectionOfLine/b3ad4137da;http://data.europa.eu/949/operationalPoint/98e568379d;Callans såg;20;2.147;http://data.europa.eu/949/operationalPoint/2e17e205a1;Johannisberg;http://publications.europa.eu/resource/authority/country/SWE;Sweden;;
http://data.europa.eu/949/sectionOfLine/2cc4cdb628;http://data.europa.eu/949/operationalPoint/ace5a2e33f;Vedevåg;10;8.85;http://data.europa.eu/949/operationalPoint/b81b68dd36;Lindesberg;http://publications.europa.eu/resource/authority/country/SWE;Sweden;;
http://data.europa.eu/949/sectionOfLine/da4b1349cb;http://data.europa.eu/949/operationalPoint/12d08c58e7;Hössjön;28;7.863;http://data.europa.eu/949/operationalPoint/67377cbeae;Norrmjöle;http://publications.europa.eu/resource/authority/country/SWE;Sweden;;
http://data.europa.eu/949/sectionOfLine/dafa1cc917;http://data.europa.eu/949/operationalPoint/fa28eff377;Vekerum;88;5.944;http://data.europa.eu/949/operationalPoint/504d09f905;Karlshamn;http://publications.europa.eu/resource/authority/country/SWE;Sweden;;
http://data.europa.eu/949/sectionOfLine/5819fac514;http://data.europa.eu/949/operationalPoint/d0a91c0192;Öreälv;7;5.472;http://data.europa.eu/949/operationalPoint/939669ec47;Högbränna;http://publications.europa.eu/resource/authority/country/SWE;Sweden;;
http://data.europa.eu/949/sectionOfLine/905d573925;http://data.europa.eu/949/operationalPoint/f4d138afe4;Ängelholm;3;6.948;http://data.europa.eu/949/operationalPoint/9ef10c5604;Vegeholm;http://publications.europa.eu/resource/authority/country/SWE;Sweden;;
http://data.europa.eu/949/sectionOfLine/5041acd6e9;http://data.europa.eu/949/operationalPoint/c3706609ed;Mosås;9;9.602;http://data.europa.eu/949/operationalPoint/7a91cda42c;Örebro central;http://publications.europa.eu/resource/authority/country/SWE;Sweden;;
http://data.europa.eu/949/sectionOfLine/498e0f0e47;http://data.europa.eu/949/operationalPoint/a0775f27af;Värmlands Bro;11;7.894;http://data.europa.eu/949/operationalPoint/50f1996db2;Byälven;http://publications.europa.eu/resource/authority/country/SWE;Sweden;;
http://data.europa.eu/949/sectionOfLine/93d8a68542;http://data.europa.eu/949/operationalPoint/e5e27af108;Forshem;75;29.287;http://data.europa.eu/949/operationalPoint/a1ea9ab117;Lidköping;http://publications.europa.eu/resource/authority/country/SWE;Sweden;;
http://data.europa.eu/949/sectionOfLine/0f0cf0ec9e;http://data.europa.eu/949/operationalPoint/1757363e5f;Bro;16;4.144;http://data.europa.eu/949/operationalPoint/a44d36281b;Toresta;http://publications.europa.eu/resource/authority/country/SWE;Sweden;;
http://data.europa.eu/949/sectionOfLine/6f234727bd;http://data.europa.eu/949/operationalPoint/029516b360;Fränsta;20;9.348;http://data.europa.eu/949/operationalPoint/f0ba7e6cab;Torpshammar;http://publications.europa.eu/resource/authority/country/SWE;Sweden;;
http://data.europa.eu/949/sectionOfLine/07521d8694;http://data.europa.eu/949/operationalPoint/20d84bae93;Lerum;1;5.465;http://data.europa.eu/949/operationalPoint/bbaa012da3;Jonsered östra;http://publications.europa.eu/resource/authority/country/SWE;Sweden;;
http://data.europa.eu/949/sectionOfLine/f943cccfd5;http://data.europa.eu/949/operationalPoint/6eae9a5dbe;Sävenäs rangerbangård;23;1.812;http://data.europa.eu/949/operationalPoint/1e0f686470;Göteborg Sävenäs;http://publications.europa.eu/resource/authority/country/SWE;Sweden;;
http://data.europa.eu/949/sectionOfLine/808f16c168;http://data.europa.eu/949/operationalPoint/c5e0e09b8a;Skurup;90;5.763;http://data.europa.eu/949/operationalPoint/62bb68171d;Rydsgård;http://publications.europa.eu/resource/authority/country/SWE;Sweden;;
http://data.europa.eu/949/sectionOfLine/5ed799e70a;http://data.europa.eu/949/operationalPoint/ba9b2f3357;Nyköping södra;18;3.142;http://data.europa.eu/949/operationalPoint/b5a3079011;Nyköpings central;http://publications.europa.eu/resource/authority/country/SWE;Sweden;;
http://data.europa.eu/949/sectionOfLine/69238e5107;http://data.europa.eu/949/operationalPoint/60420f98e0;Östavall;8;8.349;http://data.europa.eu/949/operationalPoint/317fa995ee;Alby;http://publications.europa.eu/resource/authority/country/SWE;Sweden;;
http://data.europa.eu/949/sectionOfLine/4febd9e39c;http://data.europa.eu/949/operationalPoint/c7797ad6b8;Östra Grevie;26;6.776;http://data.europa.eu/949/operationalPoint/aa70ce4856;Skytts Vemmerlöv;http://publications.europa.eu/resource/authority/country/SWE;Sweden;;
http://data.europa.eu/949/sectionOfLine/0a3016e26e;http://data.europa.eu/949/operationalPoint/2dbcfb1a8c;Gamlarp;2;3.231;http://data.europa.eu/949/operationalPoint/95ea2ad491;Nässjö central;http://publications.europa.eu/resource/authority/country/SWE;Sweden;;
http://data.europa.eu/949/sectionOfLine/b7f58462b8;http://data.europa.eu/949/operationalPoint/77a84d1865;Vimnarp;2;3.079;http://data.europa.eu/949/operationalPoint/2dbcfb1a8c;Gamlarp;http://publications.europa.eu/resource/authority/country/SWE;Sweden;;
http://data.europa.eu/949/sectionOfLine/9de1e3dec2;http://data.europa.eu/949/operationalPoint/8a26fdbfd9;Källeryd;1;11.355;http://data.europa.eu/949/operationalPoint/bab7303672;Herrljunga central;http://publications.europa.eu/resource/authority/country/SWE;Sweden;;
http://data.europa.eu/949/sectionOfLine/647a81d289;http://data.europa.eu/949/operationalPoint/632b01ee48;Stavreviken;31;2.09;http://data.europa.eu/949/operationalPoint/2764a7e43b;Söråkers södra;http://publications.europa.eu/resource/authority/country/SWE;Sweden;;
http://data.europa.eu/949/sectionOfLine/899de53cba;http://data.europa.eu/949/operationalPoint/2ead3e343b;Flen;1;0.873;http://data.europa.eu/949/operationalPoint/d948bc81ea;Flens övre;http://publications.europa.eu/resource/authority/country/SWE;Sweden;;
http://data.europa.eu/949/sectionOfLine/0592ea26bd;http://data.europa.eu/949/operationalPoint/c949fea588;Bollebygd;4;3.049;http://data.europa.eu/949/operationalPoint/b50574d4fa;Rödberg;http://publications.europa.eu/resource/authority/country/SWE;Sweden;;
http://data.europa.eu/949/sectionOfLine/89f31bfd9f;http://data.europa.eu/949/operationalPoint/51b2d63062;Bruksberget;29;11.374;http://data.europa.eu/949/operationalPoint/5330522674;Kosjärv;http://publications.europa.eu/resource/authority/country/SWE;Sweden;;
http://data.europa.eu/949/sectionOfLine/1a5a6eaa17;http://data.europa.eu/949/operationalPoint/d1ff5e091d;Rekarne;17;14.529;http://data.europa.eu/949/operationalPoint/2e33ea7f05;Kungsör;http://publications.europa.eu/resource/authority/country/SWE;Sweden;;
http://data.europa.eu/949/sectionOfLine/f48c385951;http://data.europa.eu/949/operationalPoint/e077af4ce3;Smedjebacken;63;6.244;http://data.europa.eu/949/operationalPoint/0d9dd6d739;Hagge;http://publications.europa.eu/resource/authority/country/SWE;Sweden;;
http://data.europa.eu/949/sectionOfLine/5dd0d85338;http://data.europa.eu/949/operationalPoint/0816b12e4b;Dalgränsen;9;7.557;http://data.europa.eu/949/operationalPoint/f466ba479f;Hästbo;http://publications.europa.eu/resource/authority/country/SWE;Sweden;;
http://data.europa.eu/949/sectionOfLine/6eb1ae7e70;http://data.europa.eu/949/operationalPoint/c79db802cd;Fångsjöbacken;7;7.295;http://data.europa.eu/949/operationalPoint/4b6b59d133;Graninge;http://publications.europa.eu/resource/authority/country/SWE;Sweden;;
http://data.europa.eu/949/sectionOfLine/9311c567cd;http://data.europa.eu/949/operationalPoint/b99afe0ba7;Gunsen;45;3.689;http://data.europa.eu/949/operationalPoint/365dcbc177;Ursviken;http://publications.europa.eu/resource/authority/country/SWE;Sweden;;
http://data.europa.eu/949/sectionOfLine/d77bcb8006;http://data.europa.eu/949/operationalPoint/4964f6d2a3;Viskafors;77;21.173;http://data.europa.eu/949/operationalPoint/2d51c2c91d;Skene;http://publications.europa.eu/resource/authority/country/SWE;Sweden;;
http://data.europa.eu/949/sectionOfLine/b55c7e0be2;http://data.europa.eu/949/operationalPoint/dbc1dd9dfa;Nättraby;4;7.939;http://data.europa.eu/949/operationalPoint/61c8131038;Gullberna;http://publications.europa.eu/resource/authority/country/SWE;Sweden;;
http://data.europa.eu/949/sectionOfLine/66e7bf346c;http://data.europa.eu/949/operationalPoint/4eeb3bdb44;Hemfosa;19;5.634;http://data.europa.eu/949/operationalPoint/f1cf7dbf6d;Tungelsta;http://publications.europa.eu/resource/authority/country/SWE;Sweden;;
http://data.europa.eu/949/sectionOfLine/7c531803df;http://data.europa.eu/949/operationalPoint/bce68f4cc8;Stockholms central;22;2.077;http://data.europa.eu/949/operationalPoint/4d7c73e990;Karlberg;http://publications.europa.eu/resource/authority/country/SWE;Sweden;;
http://data.europa.eu/949/sectionOfLine/63811824ce;http://data.europa.eu/949/operationalPoint/14ecc8e877;Betåsen;46;14.439;http://data.europa.eu/949/operationalPoint/a06041db77;Tågsjöberg;http://publications.europa.eu/resource/authority/country/SWE;Sweden;;
http://data.europa.eu/949/sectionOfLine/5c82d21202;http://data.europa.eu/949/operationalPoint/25a8089b7a;Kilafors;8;11.192;http://data.europa.eu/949/operationalPoint/df9bee44ea;Mobodarne;http://publications.europa.eu/resource/authority/country/SWE;Sweden;;
http://data.europa.eu/949/sectionOfLine/ea7abf98d4;http://data.europa.eu/949/operationalPoint/8146e28974;Segersäng;19;5.278;http://data.europa.eu/949/operationalPoint/4eeb3bdb44;Hemfosa;http://publications.europa.eu/resource/authority/country/SWE;Sweden;;
http://data.europa.eu/949/sectionOfLine/d3d339d461;http://data.europa.eu/949/operationalPoint/5ce044aee3;Svalöv;32;5.338;http://data.europa.eu/949/operationalPoint/f09492944b;Teckomatorp;http://publications.europa.eu/resource/authority/country/SWE;Sweden;;
http://data.europa.eu/949/sectionOfLine/81c3a5b1ae;http://data.europa.eu/949/operationalPoint/b90f4d58eb;Stora Höga;73;6.575;http://data.europa.eu/949/operationalPoint/7ae877518a;Stenungsund;http://publications.europa.eu/resource/authority/country/SWE;Sweden;;
http://data.europa.eu/949/sectionOfLine/890571dc45;http://data.europa.eu/949/operationalPoint/28c19f3e72;Brunna;6;13.13;http://data.europa.eu/949/operationalPoint/b933e4854f;Järlåsa;http://publications.europa.eu/resource/authority/country/SWE;Sweden;;
http://data.europa.eu/949/sectionOfLine/de9c95efc6;http://data.europa.eu/949/operationalPoint/9ceae2d9cd;Garnudden;1;3.411;http://data.europa.eu/949/operationalPoint/43132c1058;Dånviken;http://publications.europa.eu/resource/authority/country/SWE;Sweden;;
http://data.europa.eu/949/sectionOfLine/77bbef2bc3;http://data.europa.eu/949/operationalPoint/43cbd6bb1e;Läggesta;17;6.178;http://data.europa.eu/949/operationalPoint/33a42b4ad2;Grundbro;http://publications.europa.eu/resource/authority/country/SWE;Sweden;;
http://data.europa.eu/949/sectionOfLine/c0cd69e56c;http://data.europa.eu/949/operationalPoint/5f3b9fe400;Solna;22;0.839;http://data.europa.eu/949/operationalPoint/1e5e78ed9d;Hagalund;http://publications.europa.eu/resource/authority/country/SWE;Sweden;;
http://data.europa.eu/949/sectionOfLine/f01cbbc96c;http://data.europa.eu/949/operationalPoint/3fa75824dd;Kil;12;5.809;http://data.europa.eu/949/operationalPoint/4c4949fdb0;Fagerås;http://publications.europa.eu/resource/authority/country/SWE;Sweden;;
http://data.europa.eu/949/sectionOfLine/2115c9c4e5;http://data.europa.eu/949/operationalPoint/c3ef21d5d5;Gemla;4;5.764;http://data.europa.eu/949/operationalPoint/3013b474b6;Räppe;http://publications.europa.eu/resource/authority/country/SWE;Sweden;;
http://data.europa.eu/949/sectionOfLine/2cea9d7b38;http://data.europa.eu/949/operationalPoint/972d5a758b;Kaisepakte;21;12.167;http://data.europa.eu/949/operationalPoint/b04c6e8bfb;Stordalen;http://publications.europa.eu/resource/authority/country/SWE;Sweden;;
http://data.europa.eu/949/sectionOfLine/8113becf2d;http://data.europa.eu/949/operationalPoint/9ab78a3c45;Arnäsvall;28;5.248;http://data.europa.eu/949/operationalPoint/1172ec84bb;Högbysjön;http://publications.europa.eu/resource/authority/country/SWE;Sweden;;
http://data.europa.eu/949/sectionOfLine/92a0e91884;http://data.europa.eu/949/operationalPoint/a6a165d644;Njurundabommen;5;2.424;http://data.europa.eu/949/operationalPoint/af87bac660;Nolby;http://publications.europa.eu/resource/authority/country/SWE;Sweden;;
http://data.europa.eu/949/sectionOfLine/e4c0d2ade4;http://data.europa.eu/949/operationalPoint/50209de0c8;Skärblacka;64;16.391;http://data.europa.eu/949/operationalPoint/62bf2eb018;Finspång;http://publications.europa.eu/resource/authority/country/SWE;Sweden;;
http://data.europa.eu/949/sectionOfLine/dea4e80f21;http://data.europa.eu/949/operationalPoint/eaf6c0a511;Skänninge;2;9.068;http://data.europa.eu/949/operationalPoint/f0cdf74c1f;Mjölby;http://publications.europa.eu/resource/authority/country/SWE;Sweden;;
http://data.europa.eu/949/sectionOfLine/482f17e7b7;http://data.europa.eu/949/operationalPoint/32e87fcc99;Järpås;75;9.114;http://data.europa.eu/949/operationalPoint/5ca5ca8c83;Håkantorp;http://publications.europa.eu/resource/authority/country/SWE;Sweden;;
http://data.europa.eu/949/sectionOfLine/0355e4447a;http://data.europa.eu/949/operationalPoint/88e32ca2b0;Hallsbergs personbangård;1;10.78;http://data.europa.eu/949/operationalPoint/44346b477a;Skymossen;http://publications.europa.eu/resource/authority/country/SWE;Sweden;;
http://data.europa.eu/949/sectionOfLine/e9ef7593b4;http://data.europa.eu/949/operationalPoint/fde1b2edbf;Flädie;26;5.966;http://data.europa.eu/949/operationalPoint/90dfcb730b;Lomma;http://publications.europa.eu/resource/authority/country/SWE;Sweden;;
http://data.europa.eu/949/sectionOfLine/15d358dc91;http://data.europa.eu/949/operationalPoint/0624254b20;Duvbo;16;2.501;http://data.europa.eu/949/operationalPoint/b791f2d8ff;Spånga;http://publications.europa.eu/resource/authority/country/SWE;Sweden;;
http://data.europa.eu/949/sectionOfLine/082549375c;http://data.europa.eu/949/operationalPoint/b7cbfb58e6;Falköpings central;1;13.716;http://data.europa.eu/949/operationalPoint/53ce9fe0c6;Floby;http://publications.europa.eu/resource/authority/country/SWE;Sweden;;
http://data.europa.eu/949/sectionOfLine/af1bcdabb2;http://data.europa.eu/949/operationalPoint/95ea2ad491;Nässjö central;2;10.758;http://data.europa.eu/949/operationalPoint/468012cdaf;Grimstorp;http://publications.europa.eu/resource/authority/country/SWE;Sweden;;
http://data.europa.eu/949/sectionOfLine/9275e524cb;http://data.europa.eu/949/operationalPoint/8e81ea8b0b;Karbenning;9;5.996;http://data.europa.eu/949/operationalPoint/388146562e;Snyten;http://publications.europa.eu/resource/authority/country/SWE;Sweden;;
http://data.europa.eu/949/sectionOfLine/49d2938072;http://data.europa.eu/949/operationalPoint/a0a8301445;Hasslerör;75;8.242;http://data.europa.eu/949/operationalPoint/32d9df98ee;Mariestad;http://publications.europa.eu/resource/authority/country/SWE;Sweden;;
http://data.europa.eu/949/sectionOfLine/3be1aa0143;http://data.europa.eu/949/operationalPoint/6f8bb59e26;Bankeryd;14;10.682;http://data.europa.eu/949/operationalPoint/c32d1d3877;Jönköpings central;http://publications.europa.eu/resource/authority/country/SWE;Sweden;;
http://data.europa.eu/949/sectionOfLine/70856e17e9;http://data.europa.eu/949/operationalPoint/d02cb404b1;Backe;46;14.509;http://data.europa.eu/949/operationalPoint/14509ae120;Rossön;http://publications.europa.eu/resource/authority/country/SWE;Sweden;;
http://data.europa.eu/949/sectionOfLine/d97eead20a;http://data.europa.eu/949/operationalPoint/4c01103e18;Rydaholm;4;19.578;http://data.europa.eu/949/operationalPoint/5f9f27f818;Alvesta;http://publications.europa.eu/resource/authority/country/SWE;Sweden;;
http://data.europa.eu/949/sectionOfLine/99ff1ffef9;http://data.europa.eu/949/operationalPoint/ded4f54722;Gålnäs;28;5.922;http://data.europa.eu/949/operationalPoint/15578aa99d;Örnsköldsviks central;http://publications.europa.eu/resource/authority/country/SWE;Sweden;;
http://data.europa.eu/949/sectionOfLine/7aa3d0badf;http://data.europa.eu/949/operationalPoint/4804752bd5;Tenhult;14;11.097;http://data.europa.eu/949/operationalPoint/511d58eace;Forserum;http://publications.europa.eu/resource/authority/country/SWE;Sweden;;
http://data.europa.eu/949/sectionOfLine/541216685c;http://data.europa.eu/949/operationalPoint/c1a254c9a8;Mosselund;2;8.766;http://data.europa.eu/949/operationalPoint/f387e14cd9;Hässleholm;http://publications.europa.eu/resource/authority/country/SWE;Sweden;;
http://data.europa.eu/949/sectionOfLine/97d77dffa8;http://data.europa.eu/949/operationalPoint/b01cf78741;Krökesbo;14;4.803;http://data.europa.eu/949/operationalPoint/741a6f186f;Äng;http://publications.europa.eu/resource/authority/country/SWE;Sweden;;
http://data.europa.eu/949/sectionOfLine/3d1add5cf7;http://data.europa.eu/949/operationalPoint/7270ba19be;Kragenäs;73;15.049;http://data.europa.eu/949/operationalPoint/262b293b84;Skee;http://publications.europa.eu/resource/authority/country/SWE;Sweden;;
http://data.europa.eu/949/sectionOfLine/bbce032596;http://data.europa.eu/949/operationalPoint/a41c1eccca;Sala;6;9.997;http://data.europa.eu/949/operationalPoint/e2640c245e;Broddbo;http://publications.europa.eu/resource/authority/country/SWE;Sweden;;
http://data.europa.eu/949/sectionOfLine/108f900648;http://data.europa.eu/949/operationalPoint/b8ccfcd41f;Kattarp;3;4.582;http://data.europa.eu/949/operationalPoint/1d89a136a4;Ödåkra;http://publications.europa.eu/resource/authority/country/SWE;Sweden;;
http://data.europa.eu/949/sectionOfLine/782e6cf6fd;http://data.europa.eu/949/operationalPoint/a9e20497bf;Norrsjön;28;10.686;http://data.europa.eu/949/operationalPoint/2731e57259;Ängersjö;http://publications.europa.eu/resource/authority/country/SWE;Sweden;;
http://data.europa.eu/949/sectionOfLine/01dc813b89;http://data.europa.eu/949/operationalPoint/79509ad0a9;Säffle;11;16.277;http://data.europa.eu/949/operationalPoint/02bd215a06;Åmål;http://publications.europa.eu/resource/authority/country/SWE;Sweden;;
http://data.europa.eu/949/sectionOfLine/22c720956e;http://data.europa.eu/949/operationalPoint/67377cbeae;Norrmjöle;28;10.042;http://data.europa.eu/949/operationalPoint/492e88ac47;Stöcke;http://publications.europa.eu/resource/authority/country/SWE;Sweden;;
http://data.europa.eu/949/sectionOfLine/248bcfc417;http://data.europa.eu/949/operationalPoint/89e5f8b1ce;Knäred;33;19.692;http://data.europa.eu/949/operationalPoint/85005464b1;Markaryd;http://publications.europa.eu/resource/authority/country/SWE;Sweden;;
http://data.europa.eu/949/sectionOfLine/cf67377a1f;http://data.europa.eu/949/operationalPoint/973a5fe9c9;Degermyr;7;9.982;http://data.europa.eu/949/operationalPoint/81a5e6d60c;Vännäs;http://publications.europa.eu/resource/authority/country/SWE;Sweden;;
http://data.europa.eu/949/sectionOfLine/5428169ad5;http://data.europa.eu/949/operationalPoint/17f8c145b0;Ragunda;7;12.466;http://data.europa.eu/949/operationalPoint/9c2f86a848;Bispgården;http://publications.europa.eu/resource/authority/country/SWE;Sweden;;
http://data.europa.eu/949/sectionOfLine/670b2c4497;http://data.europa.eu/949/operationalPoint/87f783a1a5;Borgstena;15;6.25;http://data.europa.eu/949/operationalPoint/06c9a53e53;Fristad;http://publications.europa.eu/resource/authority/country/SWE;Sweden;;
http://data.europa.eu/949/sectionOfLine/c5ff9a1a4d;http://data.europa.eu/949/operationalPoint/8501d75481;Moholm;1;11.652;http://data.europa.eu/949/operationalPoint/4ab5a9ba4d;Väring;http://publications.europa.eu/resource/authority/country/SWE;Sweden;;
http://data.europa.eu/949/sectionOfLine/446aa80157;http://data.europa.eu/949/operationalPoint/882a697808;Kode;73;8.74;http://data.europa.eu/949/operationalPoint/b90f4d58eb;Stora Höga;http://publications.europa.eu/resource/authority/country/SWE;Sweden;;
http://data.europa.eu/949/sectionOfLine/6eaaa4fb23;http://data.europa.eu/949/operationalPoint/2cab738a38;Ramsjö;8;9.937;http://data.europa.eu/949/operationalPoint/0c02009d04;Norrhög;http://publications.europa.eu/resource/authority/country/SWE;Sweden;;
http://data.europa.eu/949/sectionOfLine/f06c24d8db;http://data.europa.eu/949/operationalPoint/2a8f11e3cd;Osby;2;11.258;http://data.europa.eu/949/operationalPoint/c786551aea;Hästveda;http://publications.europa.eu/resource/authority/country/SWE;Sweden;;
http://data.europa.eu/949/sectionOfLine/49517b12a2;http://data.europa.eu/949/operationalPoint/b849f155e7;Grillby;16;8.386;http://data.europa.eu/949/operationalPoint/f43dbec38b;Enköping;http://publications.europa.eu/resource/authority/country/SWE;Sweden;;
http://data.europa.eu/949/sectionOfLine/51bfaf6aee;http://data.europa.eu/949/operationalPoint/66a69e2bb8;Gårdsjö;1;8.009;http://data.europa.eu/949/operationalPoint/55eef0007f;Älgarås;http://publications.europa.eu/resource/authority/country/SWE;Sweden;;
http://data.europa.eu/949/sectionOfLine/15755122d2;http://data.europa.eu/949/operationalPoint/2c8b302846;Hölö;2;10.316;http://data.europa.eu/949/operationalPoint/a9e497dba3;Vagnhärad;http://publications.europa.eu/resource/authority/country/SWE;Sweden;;
http://data.europa.eu/949/sectionOfLine/210cf757e5;http://data.europa.eu/949/operationalPoint/b4771d9622;Rabbalshede;73;16.955;http://data.europa.eu/949/operationalPoint/e0ea6afe3a;Tanum;http://publications.europa.eu/resource/authority/country/SWE;Sweden;;
http://data.europa.eu/949/sectionOfLine/e3e02ef564;http://data.europa.eu/949/operationalPoint/0edfa9ca3c;Ulriksdal;22;3.932;http://data.europa.eu/949/operationalPoint/c1d322adfd;Helenelund;http://publications.europa.eu/resource/authority/country/SWE;Sweden;;
http://data.europa.eu/949/sectionOfLine/02e17fddcf;http://data.europa.eu/949/operationalPoint/a3091912c7;Örabäcken;8;7.273;http://data.europa.eu/949/operationalPoint/2cab738a38;Ramsjö;http://publications.europa.eu/resource/authority/country/SWE;Sweden;;
http://data.europa.eu/949/sectionOfLine/3b9a90bcdd;http://data.europa.eu/949/operationalPoint/57bfc5b097;Hasslarp;13;3.742;http://data.europa.eu/949/operationalPoint/b8ccfcd41f;Kattarp;http://publications.europa.eu/resource/authority/country/SWE;Sweden;;
http://data.europa.eu/949/sectionOfLine/8502c62392;http://data.europa.eu/949/operationalPoint/3b22db22b1;Undersåker;20;13.104;http://data.europa.eu/949/operationalPoint/6f5a9bac3e;Åre;http://publications.europa.eu/resource/authority/country/SWE;Sweden;;
http://data.europa.eu/949/sectionOfLine/dd00247255;http://data.europa.eu/949/operationalPoint/25a714c6cd;Uppsala central;5;2.384;http://data.europa.eu/949/operationalPoint/7a75c824bb;Uppsala norra;http://publications.europa.eu/resource/authority/country/SWE;Sweden;;
http://data.europa.eu/949/sectionOfLine/0df5304f05;http://data.europa.eu/949/operationalPoint/d503cf113e;Mönsterås;65;13.358;http://data.europa.eu/949/operationalPoint/e034f84d4f;Blomstermåla;http://publications.europa.eu/resource/authority/country/SWE;Sweden;;
http://data.europa.eu/949/sectionOfLine/dfcceb9318;http://data.europa.eu/949/operationalPoint/95ea2ad491;Nässjö central;2;28.218;http://data.europa.eu/949/operationalPoint/e888f08ac0;Ekenässjön;http://publications.europa.eu/resource/authority/country/SWE;Sweden;;
http://data.europa.eu/949/sectionOfLine/b7c910a87a;http://data.europa.eu/949/operationalPoint/ecad3c748e;Lycksele timmer;44;1.411;http://data.europa.eu/949/operationalPoint/2651d5a1f6;Lyckselesågen;http://publications.europa.eu/resource/authority/country/SWE;Sweden;;
http://data.europa.eu/949/sectionOfLine/27d2800415;http://data.europa.eu/949/operationalPoint/8616685145;Sunderbyns sjukhus;7;6.029;http://data.europa.eu/949/operationalPoint/7d1f25fea0;Gammelstad;http://publications.europa.eu/resource/authority/country/SWE;Sweden;;
http://data.europa.eu/949/sectionOfLine/a0427483f1;http://data.europa.eu/949/operationalPoint/657f288fcd;Kristinehamn;12;8.239;http://data.europa.eu/949/operationalPoint/f3176506de;Ölme;http://publications.europa.eu/resource/authority/country/SWE;Sweden;;
http://data.europa.eu/949/sectionOfLine/83158c4117;http://data.europa.eu/949/operationalPoint/9d37701f20;Myrbacken;5;3.697;http://data.europa.eu/949/operationalPoint/f7fbb090c3;Knivsta;http://publications.europa.eu/resource/authority/country/SWE;Sweden;;
http://data.europa.eu/949/sectionOfLine/895277103b;http://data.europa.eu/949/operationalPoint/de6d97fe00;Trekanten;4;13.746;http://data.europa.eu/949/operationalPoint/fde17f04d6;Kalmar södra;http://publications.europa.eu/resource/authority/country/SWE;Sweden;;
http://data.europa.eu/949/sectionOfLine/02502b6238;http://data.europa.eu/949/operationalPoint/81a5e6d60c;Vännäs;7;2.119;http://data.europa.eu/949/operationalPoint/1219d6ead9;Vännäs norra;http://publications.europa.eu/resource/authority/country/SWE;Sweden;;
http://data.europa.eu/949/sectionOfLine/0081c878af;http://data.europa.eu/949/operationalPoint/b9cb3763d0;Ängelsberg;63;12.758;http://data.europa.eu/949/operationalPoint/952f3ae57b;Fagersta central;http://publications.europa.eu/resource/authority/country/SWE;Sweden;;
http://data.europa.eu/949/sectionOfLine/0aabb450a2;http://data.europa.eu/949/operationalPoint/5c430069d5;Jakobsberg;16;3.499;http://data.europa.eu/949/operationalPoint/f72f5f2e5d;Kallhäll;http://publications.europa.eu/resource/authority/country/SWE;Sweden;;
http://data.europa.eu/949/sectionOfLine/002d4c0f9c;http://data.europa.eu/949/operationalPoint/e4d1f0805d;Kopparåsen;21;10.624;http://data.europa.eu/949/operationalPoint/b170a51e43;Vassijaure;http://publications.europa.eu/resource/authority/country/SWE;Sweden;;
http://data.europa.eu/949/sectionOfLine/4d5ce118a0;http://data.europa.eu/949/operationalPoint/dbc9941da6;Norsholm;2;4.763;http://data.europa.eu/949/operationalPoint/aa27f118f0;Gistad;http://publications.europa.eu/resource/authority/country/SWE;Sweden;;
http://data.europa.eu/949/sectionOfLine/cf71b631df;http://data.europa.eu/949/operationalPoint/f7c05ce612;Östansjö;1;7.233;http://data.europa.eu/949/operationalPoint/1c10a1b859;Vretstorp;http://publications.europa.eu/resource/authority/country/SWE;Sweden;;
http://data.europa.eu/949/sectionOfLine/900b41cc8c;http://data.europa.eu/949/operationalPoint/34c73a92c4;Liseberg;23;1.81;http://data.europa.eu/949/operationalPoint/cbb7619db1;Almedal;http://publications.europa.eu/resource/authority/country/SWE;Sweden;;
http://data.europa.eu/949/sectionOfLine/d9c236a41b;http://data.europa.eu/949/operationalPoint/c8e44b0bc4;Vålberg;11;7.238;http://data.europa.eu/949/operationalPoint/566952a251;Grums;http://publications.europa.eu/resource/authority/country/SWE;Sweden;;
http://data.europa.eu/949/sectionOfLine/4373a42ea4;http://data.europa.eu/949/operationalPoint/56c2f06cae;Snickarbo;6;6.179;http://data.europa.eu/949/operationalPoint/415fd1bb46;Lustån;http://publications.europa.eu/resource/authority/country/SWE;Sweden;;
http://data.europa.eu/949/sectionOfLine/7e5e0e3977;http://data.europa.eu/949/operationalPoint/4d05efc6f9;Långviksmon;7;4.673;http://data.europa.eu/949/operationalPoint/9ffbc67936;Långvattnet;http://publications.europa.eu/resource/authority/country/SWE;Sweden;;
http://data.europa.eu/949/sectionOfLine/374a52cec3;http://data.europa.eu/949/operationalPoint/773753b9b4;Hallstahammar;63;10.784;http://data.europa.eu/949/operationalPoint/5d2a1c7d7e;Surahammar;http://publications.europa.eu/resource/authority/country/SWE;Sweden;;
http://data.europa.eu/949/sectionOfLine/3cf1871811;http://data.europa.eu/949/operationalPoint/415fd1bb46;Lustån;6;5.181;http://data.europa.eu/949/operationalPoint/408487f4da;Hedemora;http://publications.europa.eu/resource/authority/country/SWE;Sweden;;
http://data.europa.eu/949/sectionOfLine/ec2c7994c8;http://data.europa.eu/949/operationalPoint/5a340c3c68;Övsjö;7;6.542;http://data.europa.eu/949/operationalPoint/ccd3bb6a22;Kälarne;http://publications.europa.eu/resource/authority/country/SWE;Sweden;;
http://data.europa.eu/949/sectionOfLine/2ec8040488;http://data.europa.eu/949/operationalPoint/cca989d7e7;Ombenning;9;6.596;http://data.europa.eu/949/operationalPoint/952f3ae57b;Fagersta central;http://publications.europa.eu/resource/authority/country/SWE;Sweden;;
http://data.europa.eu/949/sectionOfLine/78876ab76b;http://data.europa.eu/949/operationalPoint/f331461bdb;Hofors;10;10.463;http://data.europa.eu/949/operationalPoint/e0760386cc;Långsjön;http://publications.europa.eu/resource/authority/country/SWE;Sweden;;
http://data.europa.eu/949/sectionOfLine/6dbef790cb;http://data.europa.eu/949/operationalPoint/14953fb4eb;Diö norra;2;11.109;http://data.europa.eu/949/operationalPoint/7c8b920e12;Älmhult;http://publications.europa.eu/resource/authority/country/SWE;Sweden;;
http://data.europa.eu/949/sectionOfLine/3e03dd46da;http://data.europa.eu/949/operationalPoint/89cd6793db;Knalleland;4;1.664;http://data.europa.eu/949/operationalPoint/d3a067b457;Borås central;http://publications.europa.eu/resource/authority/country/SWE;Sweden;;
http://data.europa.eu/949/sectionOfLine/596e7e8a1d;http://data.europa.eu/949/operationalPoint/79334f4598;Mo grindar;8;5.988;http://data.europa.eu/949/operationalPoint/d4812265a8;Döljebro;http://publications.europa.eu/resource/authority/country/SWE;Sweden;;
http://data.europa.eu/949/sectionOfLine/027eb98bc1;http://data.europa.eu/949/operationalPoint/da822dd4a2;Tisselskog;71;6.137;http://data.europa.eu/949/operationalPoint/cce76d564e;Dals Långed;http://publications.europa.eu/resource/authority/country/SWE;Sweden;;
http://data.europa.eu/949/sectionOfLine/48393019ae;http://data.europa.eu/949/operationalPoint/e962a31f99;Gottne;7;10.623;http://data.europa.eu/949/operationalPoint/d299cd6b1d;Björnsjö;http://publications.europa.eu/resource/authority/country/SWE;Sweden;;
http://data.europa.eu/949/sectionOfLine/282b4ebc26;http://data.europa.eu/949/operationalPoint/d235a8c2be;Årstaberg;22;2.643;http://data.europa.eu/949/operationalPoint/5ba29bd3bf;Älvsjö godsbangård;http://publications.europa.eu/resource/authority/country/SWE;Sweden;;
http://data.europa.eu/949/sectionOfLine/8a7d3f2cfb;http://data.europa.eu/949/operationalPoint/013a0c9a36;Vedum;15;10.728;http://data.europa.eu/949/operationalPoint/bab7303672;Herrljunga central;http://publications.europa.eu/resource/authority/country/SWE;Sweden;;
http://data.europa.eu/949/sectionOfLine/482f3122a1;http://data.europa.eu/949/operationalPoint/bac92858c4;Folkesta;17;4.687;http://data.europa.eu/949/operationalPoint/02e2cbb4bc;Skanlog;http://publications.europa.eu/resource/authority/country/SWE;Sweden;;
http://data.europa.eu/949/sectionOfLine/cb2bcb4cfb;http://data.europa.eu/949/operationalPoint/e1fd554b79;Bodsjön;7;5.863;http://data.europa.eu/949/operationalPoint/d8ad45eb38;Grötingen;http://publications.europa.eu/resource/authority/country/SWE;Sweden;;
http://data.europa.eu/949/sectionOfLine/7fef0b5905;http://data.europa.eu/949/operationalPoint/177e5ea8bc;Segmon;11;10.836;http://data.europa.eu/949/operationalPoint/a0775f27af;Värmlands Bro;http://publications.europa.eu/resource/authority/country/SWE;Sweden;;
http://data.europa.eu/949/sectionOfLine/a86e6d99c2;http://data.europa.eu/949/operationalPoint/650d509760;Hamra;3;8.89;http://data.europa.eu/949/operationalPoint/3826ede1c8;Tyllered;http://publications.europa.eu/resource/authority/country/SWE;Sweden;;
http://data.europa.eu/949/sectionOfLine/04cd8d9748;http://data.europa.eu/949/operationalPoint/0028286c9a;Tjärnvik;5;5.42;http://data.europa.eu/949/operationalPoint/6aaad4de91;Årskogen;http://publications.europa.eu/resource/authority/country/SWE;Sweden;;
http://data.europa.eu/949/sectionOfLine/89a8c4832c;http://data.europa.eu/949/operationalPoint/0eee510498;Kvicksund;18;5.547;http://data.europa.eu/949/operationalPoint/cf7a31c092;Strömsholm;http://publications.europa.eu/resource/authority/country/SWE;Sweden;;
http://data.europa.eu/949/sectionOfLine/fcb1aec45a;http://data.europa.eu/949/operationalPoint/1750f8a6c7;Kalixfors;21;5.981;http://data.europa.eu/949/operationalPoint/3ae92026d8;Råtsi;http://publications.europa.eu/resource/authority/country/SWE;Sweden;;
http://data.europa.eu/949/sectionOfLine/0178228892;http://data.europa.eu/949/operationalPoint/88f1e86f54;Bofors;68;14.625;http://data.europa.eu/949/operationalPoint/a7af6eb548;Strömtorp;http://publications.europa.eu/resource/authority/country/SWE;Sweden;;
http://data.europa.eu/949/sectionOfLine/2fa73f76bf;http://data.europa.eu/949/operationalPoint/9aa1d65297;Mörtsal;31;11.54;http://data.europa.eu/949/operationalPoint/6d352b1e5d;Sprängsviken;http://publications.europa.eu/resource/authority/country/SWE;Sweden;;
http://data.europa.eu/949/sectionOfLine/fff2e774e9;http://data.europa.eu/949/operationalPoint/61dd0aa545;Yttersjön;7;13.377;http://data.europa.eu/949/operationalPoint/9123254b0a;Ekträsk;http://publications.europa.eu/resource/authority/country/SWE;Sweden;;
http://data.europa.eu/949/sectionOfLine/8bcb5810fc;http://data.europa.eu/949/operationalPoint/14c3938d32;Vartofta;14;14.525;http://data.europa.eu/949/operationalPoint/4e82a56c93;Sandhem;http://publications.europa.eu/resource/authority/country/SWE;Sweden;;
http://data.europa.eu/949/sectionOfLine/5fbb6ce1ae;http://data.europa.eu/949/operationalPoint/541d4f79c2;Mantorp;2;10.139;http://data.europa.eu/949/operationalPoint/f0cdf74c1f;Mjölby;http://publications.europa.eu/resource/authority/country/SWE;Sweden;;
http://data.europa.eu/949/sectionOfLine/2d70259b39;http://data.europa.eu/949/operationalPoint/af87bac660;Nolby;5;3.843;http://data.europa.eu/949/operationalPoint/822545d0b1;Svartvik;http://publications.europa.eu/resource/authority/country/SWE;Sweden;;
http://data.europa.eu/949/sectionOfLine/e8e4f07334;http://data.europa.eu/949/operationalPoint/4c4949fdb0;Fagerås;12;10.681;http://data.europa.eu/949/operationalPoint/cb8f97bf75;Högboda;http://publications.europa.eu/resource/authority/country/SWE;Sweden;;
http://data.europa.eu/949/sectionOfLine/c6f53ee852;http://data.europa.eu/949/operationalPoint/eda3fbbb37;Vallvik;5;5.042;http://data.europa.eu/949/operationalPoint/990b88fb96;Gussi;http://publications.europa.eu/resource/authority/country/SWE;Sweden;;
http://data.europa.eu/949/sectionOfLine/65c8baa141;http://data.europa.eu/949/operationalPoint/3fa75824dd;Kil;12;20.29;http://data.europa.eu/949/operationalPoint/1751f3afe1;Bäckebron;http://publications.europa.eu/resource/authority/country/SWE;Sweden;;
http://data.europa.eu/949/sectionOfLine/b5f910ea0f;http://data.europa.eu/949/operationalPoint/5a3de77b83;Avesta Krylbo;9;4.22;http://data.europa.eu/949/operationalPoint/334ee695c1;Jularbo;http://publications.europa.eu/resource/authority/country/SWE;Sweden;;
http://data.europa.eu/949/sectionOfLine/a0a481ead0;http://data.europa.eu/949/operationalPoint/303f924fc4;Gnosjö;4;10.979;http://data.europa.eu/949/operationalPoint/d127f31f77;Hillerstorp;http://publications.europa.eu/resource/authority/country/SWE;Sweden;;
http://data.europa.eu/949/sectionOfLine/307b6de51a;http://data.europa.eu/949/operationalPoint/bac92858c4;Folkesta;17;5.173;http://data.europa.eu/949/operationalPoint/d1ff5e091d;Rekarne;http://publications.europa.eu/resource/authority/country/SWE;Sweden;;
http://data.europa.eu/949/sectionOfLine/e44acec62a;http://data.europa.eu/949/operationalPoint/4767c9b75c;Lomsmyren;54;0.686;http://data.europa.eu/949/operationalPoint/5476a8d75c;Wibe;http://publications.europa.eu/resource/authority/country/SWE;Sweden;;
http://data.europa.eu/949/sectionOfLine/80968aa845;http://data.europa.eu/949/operationalPoint/5d664f1a0b;Dingtuna;16;9.091;http://data.europa.eu/949/operationalPoint/7d805f661f;Kolbäck;http://publications.europa.eu/resource/authority/country/SWE;Sweden;;
http://data.europa.eu/949/sectionOfLine/31cfd74735;http://data.europa.eu/949/operationalPoint/252d3d93bd;Rian;29;10.454;http://data.europa.eu/949/operationalPoint/4f206ef8cd;Kalix östra;http://publications.europa.eu/resource/authority/country/SWE;Sweden;;
http://data.europa.eu/949/sectionOfLine/89f732aceb;http://data.europa.eu/949/operationalPoint/3c12983d7c;Malmö central;24;2.248;http://data.europa.eu/949/operationalPoint/7b07602d9e;Östervärn;http://publications.europa.eu/resource/authority/country/SWE;Sweden;;
http://data.europa.eu/949/sectionOfLine/37701d51d2;http://data.europa.eu/949/operationalPoint/a37442b5ef;Lidlund;7;8.407;http://data.europa.eu/949/operationalPoint/08ace0fb01;Jörn;http://publications.europa.eu/resource/authority/country/SWE;Sweden;;
http://data.europa.eu/949/sectionOfLine/d070fdf3b8;http://data.europa.eu/949/operationalPoint/a82c9acc72;Kolforsen;8;9.972;http://data.europa.eu/949/operationalPoint/3bd67b6e20;Ockelbo;http://publications.europa.eu/resource/authority/country/SWE;Sweden;;
http://data.europa.eu/949/sectionOfLine/171435e0b4;http://data.europa.eu/949/operationalPoint/6f447a1b95;Haparanda södra;29;0.895;http://data.europa.eu/949/operationalPoint/ae4b44fc65;Riksgräns Haparanda - Tornio;http://publications.europa.eu/resource/authority/country/SWE;Sweden;;
http://data.europa.eu/949/sectionOfLine/171435e0b4;http://data.europa.eu/949/operationalPoint/6f447a1b95;Haparanda södra;29;0.895;http://data.europa.eu/949/operationalPoint/ae4b44fc65;Tornio-raja;http://publications.europa.eu/resource/authority/country/SWE;Sweden;;
http://data.europa.eu/949/sectionOfLine/b3137b6508;http://data.europa.eu/949/operationalPoint/b80ece6c99;Ryggen;10;13.269;http://data.europa.eu/949/operationalPoint/095c2de343;Korsnäs;http://publications.europa.eu/resource/authority/country/SWE;Sweden;;
http://data.europa.eu/949/sectionOfLine/f3474d607d;http://data.europa.eu/949/operationalPoint/b7af46604d;Lemmeströ;90;8.761;http://data.europa.eu/949/operationalPoint/c5e0e09b8a;Skurup;http://publications.europa.eu/resource/authority/country/SWE;Sweden;;
http://data.europa.eu/949/sectionOfLine/56d77ad072;http://data.europa.eu/949/operationalPoint/4d6e39c897;Spannarboda;9;6.918;http://data.europa.eu/949/operationalPoint/321548c2eb;Sällinge;http://publications.europa.eu/resource/authority/country/SWE;Sweden;;
http://data.europa.eu/949/sectionOfLine/01336d68f6;http://data.europa.eu/949/operationalPoint/d4fa4edb96;Bränninge;1;6.637;http://data.europa.eu/949/operationalPoint/7704f0efa4;Järna;http://publications.europa.eu/resource/authority/country/SWE;Sweden;;
http://data.europa.eu/949/sectionOfLine/7b9d729e55;http://data.europa.eu/949/operationalPoint/42a45ec214;Olskroken;23;2.706;http://data.europa.eu/949/operationalPoint/0d4ca3cd4e;Gubbero;http://publications.europa.eu/resource/authority/country/SWE;Sweden;;
http://data.europa.eu/949/sectionOfLine/0642f2e0d3;http://data.europa.eu/949/operationalPoint/65949f0490;Emmaboda;4;16.491;http://data.europa.eu/949/operationalPoint/083084df1b;Örsjö;http://publications.europa.eu/resource/authority/country/SWE;Sweden;;
http://data.europa.eu/949/sectionOfLine/ffa44f2fbf;http://data.europa.eu/949/operationalPoint/6f5a9bac3e;Åre;20;8.254;http://data.europa.eu/949/operationalPoint/6cb35b842d;Duved;http://publications.europa.eu/resource/authority/country/SWE;Sweden;;
http://data.europa.eu/949/sectionOfLine/5c093f79e5;http://data.europa.eu/949/operationalPoint/f79481126c;Torebo;3;5.825;http://data.europa.eu/949/operationalPoint/4d8cbe30ee;Falkenbergs godsstation;http://publications.europa.eu/resource/authority/country/SWE;Sweden;;
http://data.europa.eu/949/sectionOfLine/337eb67537;http://data.europa.eu/949/operationalPoint/13ccc95074;Nyfors;7;1.486;http://data.europa.eu/949/operationalPoint/2d406becdf;Älvsbyn;http://publications.europa.eu/resource/authority/country/SWE;Sweden;;
http://data.europa.eu/949/sectionOfLine/63ad1cdb21;http://data.europa.eu/949/operationalPoint/84de1f4ce1;Ställdalen;10;22.168;http://data.europa.eu/949/operationalPoint/3b04e6243f;Kejsarbäcken;http://publications.europa.eu/resource/authority/country/SWE;Sweden;;
http://data.europa.eu/949/sectionOfLine/8d5b27eed9;http://data.europa.eu/949/operationalPoint/44729f2992;Holmfors;21;9.75;http://data.europa.eu/949/operationalPoint/14c7b315c0;Ljuså;http://publications.europa.eu/resource/authority/country/SWE;Sweden;;
http://data.europa.eu/949/sectionOfLine/bb6a2f41a0;http://data.europa.eu/949/operationalPoint/3e524297a1;Gryttje;5;3.789;http://data.europa.eu/949/operationalPoint/0028286c9a;Tjärnvik;http://publications.europa.eu/resource/authority/country/SWE;Sweden;;
http://data.europa.eu/949/sectionOfLine/1556812b2f;http://data.europa.eu/949/operationalPoint/bb2fa016a5;Vislanda;2;11.505;http://data.europa.eu/949/operationalPoint/c1463b5944;Eneryda;http://publications.europa.eu/resource/authority/country/SWE;Sweden;;
http://data.europa.eu/949/sectionOfLine/20311abf3b;http://data.europa.eu/949/operationalPoint/a1ea9ab117;Lidköping;75;10.76;http://data.europa.eu/949/operationalPoint/5b7b975a1f;Lovene;http://publications.europa.eu/resource/authority/country/SWE;Sweden;;
http://data.europa.eu/949/sectionOfLine/46cde2c4a1;http://data.europa.eu/949/operationalPoint/570b1dd4dd;Tyringe;13;5.981;http://data.europa.eu/949/operationalPoint/ed1df89241;Västra Torup;http://publications.europa.eu/resource/authority/country/SWE;Sweden;;
http://data.europa.eu/949/sectionOfLine/3108270993;http://data.europa.eu/949/operationalPoint/f0ba7e6cab;Torpshammar;20;5.783;http://data.europa.eu/949/operationalPoint/ab81ab1c88;Viskan;http://publications.europa.eu/resource/authority/country/SWE;Sweden;;
http://data.europa.eu/949/sectionOfLine/1e5b812deb;http://data.europa.eu/949/operationalPoint/89411257bf;Helsingborgs central;3;3.015;http://data.europa.eu/949/operationalPoint/eca81cd7b8;Helsingborgs godsbangård;http://publications.europa.eu/resource/authority/country/SWE;Sweden;;
http://data.europa.eu/949/sectionOfLine/225d2bc7a1;http://data.europa.eu/949/operationalPoint/259162f85d;Bro Nygård;16;2.782;http://data.europa.eu/949/operationalPoint/1757363e5f;Bro;http://publications.europa.eu/resource/authority/country/SWE;Sweden;;
http://data.europa.eu/949/sectionOfLine/8c45225cfa;http://data.europa.eu/949/operationalPoint/951eb1d8c4;Norrköpings central;2;4.833;http://data.europa.eu/949/operationalPoint/9ba65380f0;Fiskeby;http://publications.europa.eu/resource/authority/country/SWE;Sweden;;
http://data.europa.eu/949/sectionOfLine/e0fbc010e8;http://data.europa.eu/949/operationalPoint/9a2a3c6258;Mörrum;88;2.864;http://data.europa.eu/949/operationalPoint/fa28eff377;Vekerum;http://publications.europa.eu/resource/authority/country/SWE;Sweden;;
http://data.europa.eu/949/sectionOfLine/b712719205;http://data.europa.eu/949/operationalPoint/fcbdb20239;Österalnö;47;13.782;http://data.europa.eu/949/operationalPoint/15578aa99d;Örnsköldsviks central;http://publications.europa.eu/resource/authority/country/SWE;Sweden;;
http://data.europa.eu/949/sectionOfLine/3ca6440d7c;http://data.europa.eu/949/operationalPoint/fb0db6c658;Stolpen;84;6.868;http://data.europa.eu/949/operationalPoint/3e969c0159;Malmbäck;http://publications.europa.eu/resource/authority/country/SWE;Sweden;;
http://data.europa.eu/949/sectionOfLine/b38d47a4cd;http://data.europa.eu/949/operationalPoint/faf8b410be;Gnesta;1;5.9;http://data.europa.eu/949/operationalPoint/08e57ccef9;Kolke;http://publications.europa.eu/resource/authority/country/SWE;Sweden;;
http://data.europa.eu/949/sectionOfLine/a2e8fd452e;http://data.europa.eu/949/operationalPoint/42a45ec214;Olskroken;23;1.83;http://data.europa.eu/949/operationalPoint/a0bc51d5da;Göteborgs Central;http://publications.europa.eu/resource/authority/country/SWE;Sweden;;
http://data.europa.eu/949/sectionOfLine/82cba63346;http://data.europa.eu/949/operationalPoint/f466ba479f;Hästbo;9;7.615;http://data.europa.eu/949/operationalPoint/c5bb6ca8cd;Torsåker;http://publications.europa.eu/resource/authority/country/SWE;Sweden;;
http://data.europa.eu/949/sectionOfLine/62a79be575;http://data.europa.eu/949/operationalPoint/6bc53ff68d;Arlöv;24;2.682;http://data.europa.eu/949/operationalPoint/a98b5f90ed;Malmö godsbangård;http://publications.europa.eu/resource/authority/country/SWE;Sweden;;
http://data.europa.eu/949/sectionOfLine/23217de0c6;http://data.europa.eu/949/operationalPoint/ba9b2f3357;Nyköping södra;18;23.233;http://data.europa.eu/949/operationalPoint/2ec49fc3f0;Vrena;http://publications.europa.eu/resource/authority/country/SWE;Sweden;;
http://data.europa.eu/949/sectionOfLine/3b9497347b;http://data.europa.eu/949/operationalPoint/53b078da69;Bergfors;21;10.527;http://data.europa.eu/949/operationalPoint/f21c778609;Torneträsk;http://publications.europa.eu/resource/authority/country/SWE;Sweden;;
http://data.europa.eu/949/sectionOfLine/6a484d93ca;http://data.europa.eu/949/operationalPoint/2b2ad7c2cc;Svartå;12;12.061;http://data.europa.eu/949/operationalPoint/9349a4af84;Degerfors;http://publications.europa.eu/resource/authority/country/SWE;Sweden;;
http://data.europa.eu/949/sectionOfLine/db92e9dbfd;http://data.europa.eu/949/operationalPoint/45e5a811bc;Via;5;4.298;http://data.europa.eu/949/operationalPoint/7503374ca6;Stegsskogen;http://publications.europa.eu/resource/authority/country/SWE;Sweden;;
http://data.europa.eu/949/sectionOfLine/bdb12abdc8;http://data.europa.eu/949/operationalPoint/88fc639955;Tomteboda övre;22;1.567;http://data.europa.eu/949/operationalPoint/5f3b9fe400;Solna;http://publications.europa.eu/resource/authority/country/SWE;Sweden;;
http://data.europa.eu/949/sectionOfLine/d345a374c8;http://data.europa.eu/949/operationalPoint/3bd67b6e20;Ockelbo;8;5.882;http://data.europa.eu/949/operationalPoint/79334f4598;Mo grindar;http://publications.europa.eu/resource/authority/country/SWE;Sweden;;
http://data.europa.eu/949/sectionOfLine/36e56ff6f8;http://data.europa.eu/949/operationalPoint/f387e14cd9;Hässleholm;2;9.573;http://data.europa.eu/949/operationalPoint/e4b9e3f974;Mellby;http://publications.europa.eu/resource/authority/country/SWE;Sweden;;
http://data.europa.eu/949/sectionOfLine/84ccabb3d1;http://data.europa.eu/949/operationalPoint/f5fb7bbeb5;Malmby;17;3.498;http://data.europa.eu/949/operationalPoint/c9478737fa;Strängnäs;http://publications.europa.eu/resource/authority/country/SWE;Sweden;;
http://data.europa.eu/949/sectionOfLine/fdcd729247;http://data.europa.eu/949/operationalPoint/456cc9765a;Morastrand;6;30.263;http://data.europa.eu/949/operationalPoint/7e8a6fbea9;Blyberg;http://publications.europa.eu/resource/authority/country/SWE;Sweden;;
http://data.europa.eu/949/sectionOfLine/f1b0a6cbd2;http://data.europa.eu/949/operationalPoint/a73333029c;Näverkärret;9;10.506;http://data.europa.eu/949/operationalPoint/4d6e39c897;Spannarboda;http://publications.europa.eu/resource/authority/country/SWE;Sweden;;
http://data.europa.eu/949/sectionOfLine/78d6ba5f29;http://data.europa.eu/949/operationalPoint/ca950be790;Orrskog;5;8.708;http://data.europa.eu/949/operationalPoint/010d05ebad;Marma;http://publications.europa.eu/resource/authority/country/SWE;Sweden;;
http://data.europa.eu/949/sectionOfLine/e634073b4e;http://data.europa.eu/949/operationalPoint/756b7882c4;Lästringe;2;6.211;http://data.europa.eu/949/operationalPoint/3552679211;Tystberga;http://publications.europa.eu/resource/authority/country/SWE;Sweden;;
http://data.europa.eu/949/sectionOfLine/167470b47f;http://data.europa.eu/949/operationalPoint/d8fa27042a;TRV-Atrain border Myrbacken;30;2.492;http://data.europa.eu/949/operationalPoint/9d37701f20;Myrbacken;http://publications.europa.eu/resource/authority/country/SWE;Sweden;;
http://data.europa.eu/949/sectionOfLine/884ef552ea;http://data.europa.eu/949/operationalPoint/1cfb983f86;Håverud;71;0.693;http://data.europa.eu/949/operationalPoint/64f04f8773;Råsjön;http://publications.europa.eu/resource/authority/country/SWE;Sweden;;
http://data.europa.eu/949/sectionOfLine/425fb64df8;http://data.europa.eu/949/operationalPoint/b5a6202a27;Stolpstugan;1;7.941;http://data.europa.eu/949/operationalPoint/de9c8dc5ce;Katrineholms central;http://publications.europa.eu/resource/authority/country/SWE;Sweden;;
http://data.europa.eu/949/sectionOfLine/e0a14fd15e;http://data.europa.eu/949/operationalPoint/4d4db59882;Linghem;2;10.18;http://data.europa.eu/949/operationalPoint/0ad7dcd008;Linköpings central;http://publications.europa.eu/resource/authority/country/SWE;Sweden;;
http://data.europa.eu/949/sectionOfLine/e3a295e3c5;http://data.europa.eu/949/operationalPoint/5f3b9fe400;Solna;22;1.679;http://data.europa.eu/949/operationalPoint/0edfa9ca3c;Ulriksdal;http://publications.europa.eu/resource/authority/country/SWE;Sweden;;
http://data.europa.eu/949/sectionOfLine/bfd6c759ac;http://data.europa.eu/949/operationalPoint/44346b477a;Skymossen;9;2.964;http://data.europa.eu/949/operationalPoint/24ec68094c;Åsbro;http://publications.europa.eu/resource/authority/country/SWE;Sweden;;
http://data.europa.eu/949/sectionOfLine/3e6f3dd0ca;http://data.europa.eu/949/operationalPoint/65cf4c85dd;Vuonoskogen;29;8.689;http://data.europa.eu/949/operationalPoint/1324b2a7ab;Keräsjoki;http://publications.europa.eu/resource/authority/country/SWE;Sweden;;
http://data.europa.eu/949/sectionOfLine/c223b0eda0;http://data.europa.eu/949/operationalPoint/7a30084753;Tväråbäck;7;13.179;http://data.europa.eu/949/operationalPoint/8f64c0fcf0;Tvärålund;http://publications.europa.eu/resource/authority/country/SWE;Sweden;;
http://data.europa.eu/949/sectionOfLine/9056e40bd1;http://data.europa.eu/949/operationalPoint/e0beab0e56;Brattby;7;10.195;http://data.europa.eu/949/operationalPoint/b2dda39c91;Brännland;http://publications.europa.eu/resource/authority/country/SWE;Sweden;;
http://data.europa.eu/949/sectionOfLine/b9d3ba731b;http://data.europa.eu/949/operationalPoint/bf995c9e47;Skabersjö;90;5.927;http://data.europa.eu/949/operationalPoint/adbc3d42da;Svedala;http://publications.europa.eu/resource/authority/country/SWE;Sweden;;
http://data.europa.eu/949/sectionOfLine/934a7e547a;http://data.europa.eu/949/operationalPoint/6dc409e1a2;Isätra;6;8.372;http://data.europa.eu/949/operationalPoint/a41c1eccca;Sala;http://publications.europa.eu/resource/authority/country/SWE;Sweden;;
http://data.europa.eu/949/sectionOfLine/6b11b3e96a;http://data.europa.eu/949/operationalPoint/c1d322adfd;Helenelund;5;2.29;http://data.europa.eu/949/operationalPoint/7259f77704;Sollentuna;http://publications.europa.eu/resource/authority/country/SWE;Sweden;;
http://data.europa.eu/949/sectionOfLine/6b84744b82;http://data.europa.eu/949/operationalPoint/9d3b1a93b6;Vimmerby Hamra;65;7.343;http://data.europa.eu/949/operationalPoint/45ca33a60b;Storebro;http://publications.europa.eu/resource/authority/country/SWE;Sweden;;
http://data.europa.eu/949/sectionOfLine/fe5b65c5d9;http://data.europa.eu/949/operationalPoint/edf78e4817;Billesholm;26;10.157;http://data.europa.eu/949/operationalPoint/448649d834;Kågeröd;http://publications.europa.eu/resource/authority/country/SWE;Sweden;;
http://data.europa.eu/949/sectionOfLine/cb693a95a4;http://data.europa.eu/949/operationalPoint/8f84a91ecb;Gävle godsbangård;5;1.281;http://data.europa.eu/949/operationalPoint/44988bcce7;Strömsbro;http://publications.europa.eu/resource/authority/country/SWE;Sweden;;
http://data.europa.eu/949/sectionOfLine/859330fda3;http://data.europa.eu/949/operationalPoint/bb718d351d;Gripenberg;2;7.348;http://data.europa.eu/949/operationalPoint/a5b11a5ef3;Frinnaryd;http://publications.europa.eu/resource/authority/country/SWE;Sweden;;
http://data.europa.eu/949/sectionOfLine/00a5ccccd7;http://data.europa.eu/949/operationalPoint/d3a067b457;Borås central;4;15.364;http://data.europa.eu/949/operationalPoint/f817616bce;Aplared;http://publications.europa.eu/resource/authority/country/SWE;Sweden;;
http://data.europa.eu/949/sectionOfLine/007e9511f3;http://data.europa.eu/949/operationalPoint/88a829750d;Brunnsgård;82;5.853;http://data.europa.eu/949/operationalPoint/c5c2334ddb;Holsbybrunn;http://publications.europa.eu/resource/authority/country/SWE;Sweden;;
http://data.europa.eu/949/sectionOfLine/9b1fab40c3;http://data.europa.eu/949/operationalPoint/b2dda39c91;Brännland;7;5.436;http://data.europa.eu/949/operationalPoint/3ceac0f600;Klockarbäcken;http://publications.europa.eu/resource/authority/country/SWE;Sweden;;
http://data.europa.eu/949/sectionOfLine/c12ec1a62a;http://data.europa.eu/949/operationalPoint/5f9f27f818;Alvesta;2;7.098;http://data.europa.eu/949/operationalPoint/9ce3d37caa;Blädinge;http://publications.europa.eu/resource/authority/country/SWE;Sweden;;
http://data.europa.eu/949/sectionOfLine/7898355496;http://data.europa.eu/949/operationalPoint/c7d8e923ff;Holmån;7;11.135;http://data.europa.eu/949/operationalPoint/891afa6650;Skorped;http://publications.europa.eu/resource/authority/country/SWE;Sweden;;
http://data.europa.eu/949/sectionOfLine/fd1bb51848;http://data.europa.eu/949/operationalPoint/0ae47c76e3;Karpalund;13;4.07;http://data.europa.eu/949/operationalPoint/4080014b61;Kristianstads central;http://publications.europa.eu/resource/authority/country/SWE;Sweden;;
http://data.europa.eu/949/sectionOfLine/560b40ffd7;http://data.europa.eu/949/operationalPoint/af2aff44a4;Karsjö;8;5.683;http://data.europa.eu/949/operationalPoint/1753453ce0;Lörstrand;http://publications.europa.eu/resource/authority/country/SWE;Sweden;;
http://data.europa.eu/949/sectionOfLine/9a71b0e845;http://data.europa.eu/949/operationalPoint/3c12983d7c;Malmö central;24;2.479;http://data.europa.eu/949/operationalPoint/bb17df8a2c;Triangeln;http://publications.europa.eu/resource/authority/country/SWE;Sweden;;
http://data.europa.eu/949/sectionOfLine/4f413f8244;http://data.europa.eu/949/operationalPoint/26f72ed2fb;Drömme;28;12.484;http://data.europa.eu/949/operationalPoint/8b64da6e98;Bjästa;http://publications.europa.eu/resource/authority/country/SWE;Sweden;;
http://data.europa.eu/949/sectionOfLine/08f5ac3c15;http://data.europa.eu/949/operationalPoint/a1be81ccca;Björnkulla;1;11.985;http://data.europa.eu/949/operationalPoint/ca481989a0;Malmsjö;http://publications.europa.eu/resource/authority/country/SWE;Sweden;;
http://data.europa.eu/949/sectionOfLine/00d2f5b704;http://data.europa.eu/949/operationalPoint/704a1ce8ec;Nyckelsjön;1;2.845;http://data.europa.eu/949/operationalPoint/66b00f0b84;Sparreholm;http://publications.europa.eu/resource/authority/country/SWE;Sweden;;
http://data.europa.eu/949/sectionOfLine/de25bc2b6f;http://data.europa.eu/949/operationalPoint/e749193892;Borlänge central;6;8.633;http://data.europa.eu/949/operationalPoint/6dbc048562;Sellnäs;http://publications.europa.eu/resource/authority/country/SWE;Sweden;;
http://data.europa.eu/949/sectionOfLine/cfabc487ab;http://data.europa.eu/949/operationalPoint/b2ddce9845;Brunsbergstunneln;12;7.001;http://data.europa.eu/949/operationalPoint/ebecce731d;Edane;http://publications.europa.eu/resource/authority/country/SWE;Sweden;;
http://data.europa.eu/949/sectionOfLine/c4c393b948;http://data.europa.eu/949/operationalPoint/fe287cdb97;Kattisträsk;7;11.186;http://data.europa.eu/949/operationalPoint/a5d9787934;Bastuträsk;http://publications.europa.eu/resource/authority/country/SWE;Sweden;;
http://data.europa.eu/949/sectionOfLine/d6ee004077;http://data.europa.eu/949/operationalPoint/8234bc1749;Ovansjö;8;5.656;http://data.europa.eu/949/operationalPoint/12a3e8101e;Ånge;http://publications.europa.eu/resource/authority/country/SWE;Sweden;;
http://data.europa.eu/949/sectionOfLine/8eb5fc6d9e;http://data.europa.eu/949/operationalPoint/916f94c116;Farsta strand;19;4.32;http://data.europa.eu/949/operationalPoint/e88ffc517e;Högdalen;http://publications.europa.eu/resource/authority/country/SWE;Sweden;;
http://data.europa.eu/949/sectionOfLine/900a1e0bf6;http://data.europa.eu/949/operationalPoint/fac7aad760;Vackernäset;7;3.181;http://data.europa.eu/949/operationalPoint/0f79add3c7;Roback;http://publications.europa.eu/resource/authority/country/SWE;Sweden;;
http://data.europa.eu/949/sectionOfLine/399d613e68;http://data.europa.eu/949/operationalPoint/6ed579922c;Kristianstads södra;92;15.808;http://data.europa.eu/949/operationalPoint/8fdbd83197;Åhus;http://publications.europa.eu/resource/authority/country/SWE;Sweden;;
http://data.europa.eu/949/sectionOfLine/36f8d8fd12;http://data.europa.eu/949/operationalPoint/a06041db77;Tågsjöberg;46;22.126;http://data.europa.eu/949/operationalPoint/d02cb404b1;Backe;http://publications.europa.eu/resource/authority/country/SWE;Sweden;;
http://data.europa.eu/949/sectionOfLine/627964fbb6;http://data.europa.eu/949/operationalPoint/eacb5320e3;Ljung;15;11.877;http://data.europa.eu/949/operationalPoint/87f783a1a5;Borgstena;http://publications.europa.eu/resource/authority/country/SWE;Sweden;;
http://data.europa.eu/949/sectionOfLine/6891cdc1ad;http://data.europa.eu/949/operationalPoint/54ed653ad9;Horred;77;11.018;http://data.europa.eu/949/operationalPoint/ad6539df6e;Järlövsby;http://publications.europa.eu/resource/authority/country/SWE;Sweden;;
http://data.europa.eu/949/sectionOfLine/08be1bb01f;http://data.europa.eu/949/operationalPoint/4d02a4c28c;Jakobshyttan;9;13.013;http://data.europa.eu/949/operationalPoint/2362d3eddc;Degerön;http://publications.europa.eu/resource/authority/country/SWE;Sweden;;
http://data.europa.eu/949/sectionOfLine/1e72416b53;http://data.europa.eu/949/operationalPoint/12a3e8101e;Ånge;8;7.567;http://data.europa.eu/949/operationalPoint/12dc97c912;Moradal;http://publications.europa.eu/resource/authority/country/SWE;Sweden;;
http://data.europa.eu/949/sectionOfLine/c7bda29926;http://data.europa.eu/949/operationalPoint/9b3475eca8;Rautas;21;10.255;http://data.europa.eu/949/operationalPoint/c92a326216;Rensjön;http://publications.europa.eu/resource/authority/country/SWE;Sweden;;
http://data.europa.eu/949/sectionOfLine/3a64facc71;http://data.europa.eu/949/operationalPoint/b55e22cd9d;Uddevalla central;15;20.876;http://data.europa.eu/949/operationalPoint/0436394488;Munkedal;http://publications.europa.eu/resource/authority/country/SWE;Sweden;;
http://data.europa.eu/949/sectionOfLine/7665c2612d;http://data.europa.eu/949/operationalPoint/5bb0c90779;Värö;3;13.096;http://data.europa.eu/949/operationalPoint/fea2ef9aea;Varbergs godsbangård;http://publications.europa.eu/resource/authority/country/SWE;Sweden;;
http://data.europa.eu/949/sectionOfLine/93503fc8bc;http://data.europa.eu/949/operationalPoint/33a33f419e;Hökmora;9;5.898;http://data.europa.eu/949/operationalPoint/8e81ea8b0b;Karbenning;http://publications.europa.eu/resource/authority/country/SWE;Sweden;;
http://data.europa.eu/949/sectionOfLine/021e2915f4;http://data.europa.eu/949/operationalPoint/53f73b22b3;Hallsbergs rangerbangård;1;2.288;http://data.europa.eu/949/operationalPoint/71df806635;Tälle;http://publications.europa.eu/resource/authority/country/SWE;Sweden;;
http://data.europa.eu/949/sectionOfLine/6c20e1cc70;http://data.europa.eu/949/operationalPoint/581a2bad9d;Hinsnoret;10;8.538;http://data.europa.eu/949/operationalPoint/7d06ce5905;Ornäs;http://publications.europa.eu/resource/authority/country/SWE;Sweden;;
http://data.europa.eu/949/sectionOfLine/f89abaac44;http://data.europa.eu/949/operationalPoint/5476a8d75c;Wibe;54;1.557;http://data.europa.eu/949/operationalPoint/ee53bdd645;Mora kommuns industrispår;http://publications.europa.eu/resource/authority/country/SWE;Sweden;;
http://data.europa.eu/949/sectionOfLine/a9c0107c96;http://data.europa.eu/949/operationalPoint/c22266613b;Mellerud;11;8.459;http://data.europa.eu/949/operationalPoint/cd0b152d6c;Erikstad;http://publications.europa.eu/resource/authority/country/SWE;Sweden;;
http://data.europa.eu/949/sectionOfLine/3deca40e48;http://data.europa.eu/949/operationalPoint/a4767c957c;Åsensbruk;71;2.59;http://data.europa.eu/949/operationalPoint/1cfb983f86;Håverud;http://publications.europa.eu/resource/authority/country/SWE;Sweden;;
http://data.europa.eu/949/sectionOfLine/6fbd0a300d;http://data.europa.eu/949/operationalPoint/fde17f04d6;Kalmar södra;4;1.901;http://data.europa.eu/949/operationalPoint/7b3b0ca1c8;Kalmar central;http://publications.europa.eu/resource/authority/country/SWE;Sweden;;
http://data.europa.eu/949/sectionOfLine/d305c5fe36;http://data.europa.eu/949/operationalPoint/95ea2ad491;Nässjö central;80;11.806;http://data.europa.eu/949/operationalPoint/fa08810a20;Ormaryd;http://publications.europa.eu/resource/authority/country/SWE;Sweden;;
http://data.europa.eu/949/sectionOfLine/b845332c29;http://data.europa.eu/949/operationalPoint/15f26306d8;Falköpings norra;1;2.164;http://data.europa.eu/949/operationalPoint/b7cbfb58e6;Falköpings central;http://publications.europa.eu/resource/authority/country/SWE;Sweden;;
http://data.europa.eu/949/sectionOfLine/daaf058420;http://data.europa.eu/949/operationalPoint/334ee695c1;Jularbo;9;6.352;http://data.europa.eu/949/operationalPoint/24c9382842;Fors;http://publications.europa.eu/resource/authority/country/SWE;Sweden;;
http://data.europa.eu/949/sectionOfLine/99c3115d14;http://data.europa.eu/949/operationalPoint/0a0acb8af0;Karlstads central;12;7.049;http://data.europa.eu/949/operationalPoint/66528cf51f;Skåre;http://publications.europa.eu/resource/authority/country/SWE;Sweden;;
http://data.europa.eu/949/sectionOfLine/076a2bdab4;http://data.europa.eu/949/operationalPoint/ab81ab1c88;Viskan;20;10.198;http://data.europa.eu/949/operationalPoint/39e513a00c;Stöde;http://publications.europa.eu/resource/authority/country/SWE;Sweden;;
http://data.europa.eu/949/sectionOfLine/352c0322a7;http://data.europa.eu/949/operationalPoint/ad88a47d63;Ljusne bruk;52;6.855;http://data.europa.eu/949/operationalPoint/6cddacd96f;Sandarne;http://publications.europa.eu/resource/authority/country/SWE;Sweden;;
http://data.europa.eu/949/sectionOfLine/e253a7b7d8;http://data.europa.eu/949/operationalPoint/0fc6220e8f;Baggetorp;1;12.217;http://data.europa.eu/949/operationalPoint/7357240c68;Vingåker;http://publications.europa.eu/resource/authority/country/SWE;Sweden;;
http://data.europa.eu/949/sectionOfLine/971b20b6ba;http://data.europa.eu/949/operationalPoint/7a91cda42c;Örebro central;9;8.023;http://data.europa.eu/949/operationalPoint/ec62bad3d0;Hovsta;http://publications.europa.eu/resource/authority/country/SWE;Sweden;;
http://data.europa.eu/949/sectionOfLine/09918504d6;http://data.europa.eu/949/operationalPoint/97b0ccdf83;Rosshyttan;9;10.625;http://data.europa.eu/949/operationalPoint/5a3de77b83;Avesta Krylbo;http://publications.europa.eu/resource/authority/country/SWE;Sweden;;
http://data.europa.eu/949/sectionOfLine/697c489732;http://data.europa.eu/949/operationalPoint/9ba65380f0;Fiskeby;2;14.198;http://data.europa.eu/949/operationalPoint/8346ada4c1;Kimstad;http://publications.europa.eu/resource/authority/country/SWE;Sweden;;
http://data.europa.eu/949/sectionOfLine/0142680085;http://data.europa.eu/949/operationalPoint/76dec2edd7;Hälleforsnäs;18;11.949;http://data.europa.eu/949/operationalPoint/97c5e3a3cf;Bälgviken;http://publications.europa.eu/resource/authority/country/SWE;Sweden;;
http://data.europa.eu/949/sectionOfLine/20951f1a8d;http://data.europa.eu/949/operationalPoint/c786551aea;Hästveda;2;9.758;http://data.europa.eu/949/operationalPoint/c1a254c9a8;Mosselund;http://publications.europa.eu/resource/authority/country/SWE;Sweden;;
http://data.europa.eu/949/sectionOfLine/2cfa531a22;http://data.europa.eu/949/operationalPoint/d01e8a8112;Varbergs central;3;5.943;http://data.europa.eu/949/operationalPoint/650d509760;Hamra;http://publications.europa.eu/resource/authority/country/SWE;Sweden;;
http://data.europa.eu/949/sectionOfLine/944ee5ce00;http://data.europa.eu/949/operationalPoint/de68de2167;Vaggeryd;84;6.966;http://data.europa.eu/949/operationalPoint/2e33c55346;Båramo;http://publications.europa.eu/resource/authority/country/SWE;Sweden;;
http://data.europa.eu/949/sectionOfLine/745e077ee7;http://data.europa.eu/949/operationalPoint/fb84382a74;Murjek;21;11.837;http://data.europa.eu/949/operationalPoint/125e9cc2a0;Polcirkeln;http://publications.europa.eu/resource/authority/country/SWE;Sweden;;
http://data.europa.eu/949/sectionOfLine/10a0f01e7d;http://data.europa.eu/949/operationalPoint/cb8f97bf75;Högboda;12;9.97;http://data.europa.eu/949/operationalPoint/b2ddce9845;Brunsbergstunneln;http://publications.europa.eu/resource/authority/country/SWE;Sweden;;
http://data.europa.eu/949/sectionOfLine/a91700f894;http://data.europa.eu/949/operationalPoint/1ab2c0f390;Harmånger;5;10.506;http://data.europa.eu/949/operationalPoint/db5dd5f9ca;Åmyran;http://publications.europa.eu/resource/authority/country/SWE;Sweden;;
http://data.europa.eu/949/sectionOfLine/e801ad5f7e;http://data.europa.eu/949/operationalPoint/0f37874312;Långträsk;7;9.643;http://data.europa.eu/949/operationalPoint/7f89b5edcf;Storblåliden;http://publications.europa.eu/resource/authority/country/SWE;Sweden;;
http://data.europa.eu/949/sectionOfLine/fcad5b6cb1;http://data.europa.eu/949/operationalPoint/82122fa14e;Tranås;2;9.281;http://data.europa.eu/949/operationalPoint/bb718d351d;Gripenberg;http://publications.europa.eu/resource/authority/country/SWE;Sweden;;
http://data.europa.eu/949/sectionOfLine/57347c06d3;http://data.europa.eu/949/operationalPoint/9c2f86a848;Bispgården;7;10.779;http://data.europa.eu/949/operationalPoint/c79db802cd;Fångsjöbacken;http://publications.europa.eu/resource/authority/country/SWE;Sweden;;
http://data.europa.eu/949/sectionOfLine/00b3001f08;http://data.europa.eu/949/operationalPoint/3ae92026d8;Råtsi;21;9.82;http://data.europa.eu/949/operationalPoint/3bbc173dc1;Aptas;http://publications.europa.eu/resource/authority/country/SWE;Sweden;;
http://data.europa.eu/949/sectionOfLine/52f543b97f;http://data.europa.eu/949/operationalPoint/d8ad45eb38;Grötingen;7;8.665;http://data.europa.eu/949/operationalPoint/649052a495;Nyhem;http://publications.europa.eu/resource/authority/country/SWE;Sweden;;
http://data.europa.eu/949/sectionOfLine/780cf3fd8b;http://data.europa.eu/949/operationalPoint/8592fa2fd5;Gustafs;6;7.06;http://data.europa.eu/949/operationalPoint/52837d6a3d;Stora Tuna;http://publications.europa.eu/resource/authority/country/SWE;Sweden;;
http://data.europa.eu/949/sectionOfLine/519558b20d;http://data.europa.eu/949/operationalPoint/2e81b964fd;Hyllie;24;4.575;http://data.europa.eu/949/operationalPoint/b0c8612b8b;Svågertorp;http://publications.europa.eu/resource/authority/country/SWE;Sweden;;
http://data.europa.eu/949/sectionOfLine/8e5b780103;http://data.europa.eu/949/operationalPoint/87d1e91b0c;Jönköpings godsbangård;14;15.455;http://data.europa.eu/949/operationalPoint/8ac59dbbc6;Månsarp;http://publications.europa.eu/resource/authority/country/SWE;Sweden;;
http://data.europa.eu/949/sectionOfLine/6bead25902;http://data.europa.eu/949/operationalPoint/5b7a46f88d;Sikträsk;21;12.956;http://data.europa.eu/949/operationalPoint/3ecb2bd5da;Linaälv;http://publications.europa.eu/resource/authority/country/SWE;Sweden;;
http://data.europa.eu/949/sectionOfLine/f121403ef3;http://data.europa.eu/949/operationalPoint/ccd3bb6a22;Kälarne;7;3.231;http://data.europa.eu/949/operationalPoint/fac7aad760;Vackernäset;http://publications.europa.eu/resource/authority/country/SWE;Sweden;;
http://data.europa.eu/949/sectionOfLine/0be32d9ef8;http://data.europa.eu/949/operationalPoint/2e81b964fd;Hyllie;24;4.698;http://data.europa.eu/949/operationalPoint/fbb539caea;Lernacken;http://publications.europa.eu/resource/authority/country/SWE;Sweden;;
http://data.europa.eu/949/sectionOfLine/f94c21984f;http://data.europa.eu/949/operationalPoint/b46cbc1610;Fjällåsen;21;10.011;http://data.europa.eu/949/operationalPoint/d4c58c602e;Lappberg;http://publications.europa.eu/resource/authority/country/SWE;Sweden;;
http://data.europa.eu/949/sectionOfLine/8a18bb47bd;http://data.europa.eu/949/operationalPoint/1751f3afe1;Bäckebron;70;15.675;http://data.europa.eu/949/operationalPoint/4de599c534;Rottneros;http://publications.europa.eu/resource/authority/country/SWE;Sweden;;
http://data.europa.eu/949/sectionOfLine/95df08f9ac;http://data.europa.eu/949/operationalPoint/bce4178477;Tjörnarp;2;9.288;http://data.europa.eu/949/operationalPoint/f917f6ba15;Höör;http://publications.europa.eu/resource/authority/country/SWE;Sweden;;
http://data.europa.eu/949/sectionOfLine/1979c6d393;http://data.europa.eu/949/operationalPoint/8f84a91ecb;Gävle godsbangård;5;1.444;http://data.europa.eu/949/operationalPoint/bec3bb1bd6;Gävle central;http://publications.europa.eu/resource/authority/country/SWE;Sweden;;
http://data.europa.eu/949/sectionOfLine/5e252b8a38;http://data.europa.eu/949/operationalPoint/1119624c71;Marmaverken;5;10.384;http://data.europa.eu/949/operationalPoint/5cdef13d38;Söderhamns västra;http://publications.europa.eu/resource/authority/country/SWE;Sweden;;
http://data.europa.eu/949/sectionOfLine/49060f9202;http://data.europa.eu/949/operationalPoint/603972ec34;Lundby;16;11.911;http://data.europa.eu/949/operationalPoint/3c71913a10;Tortuna;http://publications.europa.eu/resource/authority/country/SWE;Sweden;;
http://data.europa.eu/949/sectionOfLine/139111dc4d;http://data.europa.eu/949/operationalPoint/d1ff5e091d;Rekarne;18;4.121;http://data.europa.eu/949/operationalPoint/0eee510498;Kvicksund;http://publications.europa.eu/resource/authority/country/SWE;Sweden;;
http://data.europa.eu/949/sectionOfLine/05b4a404dd;http://data.europa.eu/949/operationalPoint/b7cbfb58e6;Falköpings central;1;11.347;http://data.europa.eu/949/operationalPoint/14c3938d32;Vartofta;http://publications.europa.eu/resource/authority/country/SWE;Sweden;;
http://data.europa.eu/949/sectionOfLine/1843b22987;http://data.europa.eu/949/operationalPoint/5b69c52e29;Södertälje syd övre;1;9.576;http://data.europa.eu/949/operationalPoint/7704f0efa4;Järna;http://publications.europa.eu/resource/authority/country/SWE;Sweden;;
http://data.europa.eu/949/sectionOfLine/27b4e497b9;http://data.europa.eu/949/operationalPoint/1f04fd4acf;Västerås västra;16;7.263;http://data.europa.eu/949/operationalPoint/5d664f1a0b;Dingtuna;http://publications.europa.eu/resource/authority/country/SWE;Sweden;;
http://data.europa.eu/949/sectionOfLine/110e05a157;http://data.europa.eu/949/operationalPoint/b5a3079011;Nyköpings central;2;8.646;http://data.europa.eu/949/operationalPoint/86401ef9e0;Enstaberga;http://publications.europa.eu/resource/authority/country/SWE;Sweden;;
http://data.europa.eu/949/sectionOfLine/52f36d3409;http://data.europa.eu/949/operationalPoint/ad2ba2d0dd;Ruda;65;14.995;http://data.europa.eu/949/operationalPoint/e135935dfc;Berga;http://publications.europa.eu/resource/authority/country/SWE;Sweden;;
http://data.europa.eu/949/sectionOfLine/ce31db6cfa;http://data.europa.eu/949/operationalPoint/d58a286462;Ökna;16;9.733;http://data.europa.eu/949/operationalPoint/52abbb6f60;Alväng;http://publications.europa.eu/resource/authority/country/SWE;Sweden;;
http://data.europa.eu/949/sectionOfLine/c7ed65024f;http://data.europa.eu/949/operationalPoint/256881fa48;Kungsängen;16;5.568;http://data.europa.eu/949/operationalPoint/259162f85d;Bro Nygård;http://publications.europa.eu/resource/authority/country/SWE;Sweden;;
http://data.europa.eu/949/sectionOfLine/032dab0b5a;http://data.europa.eu/949/operationalPoint/9a09c64c2d;Solum;28;8.243;http://data.europa.eu/949/operationalPoint/83f5b2caeb;Harasjön;http://publications.europa.eu/resource/authority/country/SWE;Sweden;;
http://data.europa.eu/949/sectionOfLine/c87d8c1cf9;http://data.europa.eu/949/operationalPoint/b933e4854f;Järlåsa;6;14.798;http://data.europa.eu/949/operationalPoint/a321678efd;Morgongåva;http://publications.europa.eu/resource/authority/country/SWE;Sweden;;
http://data.europa.eu/949/sectionOfLine/b86e620bb1;http://data.europa.eu/949/operationalPoint/6246e7c55e;Råskogen;11;8.329;http://data.europa.eu/949/operationalPoint/60df9072ab;Dals Rostock;http://publications.europa.eu/resource/authority/country/SWE;Sweden;;
http://data.europa.eu/949/sectionOfLine/8f7e22804a;http://data.europa.eu/949/operationalPoint/394bd275f1;Brattsbacka;7;2.874;http://data.europa.eu/949/operationalPoint/0796ece08d;Oxmyran;http://publications.europa.eu/resource/authority/country/SWE;Sweden;;
http://data.europa.eu/949/sectionOfLine/9300d654b0;http://data.europa.eu/949/operationalPoint/9deea3bd84;Morshyttan;9;5.792;http://data.europa.eu/949/operationalPoint/e8ab0d987f;Horndal;http://publications.europa.eu/resource/authority/country/SWE;Sweden;;
http://data.europa.eu/949/sectionOfLine/d42cb30407;http://data.europa.eu/949/operationalPoint/e48e0db7dc;Öxnered;11;3.578;http://data.europa.eu/949/operationalPoint/aa25c57e62;Vänersborg central;http://publications.europa.eu/resource/authority/country/SWE;Sweden;;
http://data.europa.eu/949/sectionOfLine/15d710fb2e;http://data.europa.eu/949/operationalPoint/85ead543e6;Östersunds central;20;20.562;http://data.europa.eu/949/operationalPoint/609a7e9152;Hissmofors;http://publications.europa.eu/resource/authority/country/SWE;Sweden;;
http://data.europa.eu/949/sectionOfLine/fe12c78867;http://data.europa.eu/949/operationalPoint/9f0361aa49;Harrträsk;21;2.814;http://data.europa.eu/949/operationalPoint/1f5c8c97da;Koijuvaara;http://publications.europa.eu/resource/authority/country/SWE;Sweden;;
http://data.europa.eu/949/sectionOfLine/da77f3bce2;http://data.europa.eu/949/operationalPoint/dbff0e9192;Väse;12;11.996;http://data.europa.eu/949/operationalPoint/542249e91d;Skattkärr;http://publications.europa.eu/resource/authority/country/SWE;Sweden;;
http://data.europa.eu/949/sectionOfLine/b8262d5f91;http://data.europa.eu/949/operationalPoint/53f56227ff;Ålberga;2;14.685;http://data.europa.eu/949/operationalPoint/c9c38a325f;Kolmården;http://publications.europa.eu/resource/authority/country/SWE;Sweden;;
http://data.europa.eu/949/sectionOfLine/badbfd9330;http://data.europa.eu/949/operationalPoint/6a4f5c2803;Vallsta;8;6.636;http://data.europa.eu/949/operationalPoint/958def79cd;Simeå;http://publications.europa.eu/resource/authority/country/SWE;Sweden;;
http://data.europa.eu/949/sectionOfLine/2f457ebffc;http://data.europa.eu/949/operationalPoint/fea2ef9aea;Varbergs godsbangård;3;2.001;http://data.europa.eu/949/operationalPoint/d01e8a8112;Varbergs central;http://publications.europa.eu/resource/authority/country/SWE;Sweden;;
http://data.europa.eu/949/sectionOfLine/dc255d6d87;http://data.europa.eu/949/operationalPoint/44988bcce7;Strömsbro;8;13.359;http://data.europa.eu/949/operationalPoint/d704525096;Oslättfors;http://publications.europa.eu/resource/authority/country/SWE;Sweden;;
http://data.europa.eu/949/sectionOfLine/799585c5a4;http://data.europa.eu/949/operationalPoint/95ea2ad491;Nässjö central;2;12.398;http://data.europa.eu/949/operationalPoint/fb0db6c658;Stolpen;http://publications.europa.eu/resource/authority/country/SWE;Sweden;;
http://data.europa.eu/949/sectionOfLine/fdf373ca1b;http://data.europa.eu/949/operationalPoint/02491dd698;Klenshyttan;10;7.096;http://data.europa.eu/949/operationalPoint/33085bd2c3;Grängesberg;http://publications.europa.eu/resource/authority/country/SWE;Sweden;;
http://data.europa.eu/949/sectionOfLine/ad024eec60;http://data.europa.eu/949/operationalPoint/c3f50eb542;Grohed;15;10.378;http://data.europa.eu/949/operationalPoint/b55e22cd9d;Uddevalla central;http://publications.europa.eu/resource/authority/country/SWE;Sweden;;
http://data.europa.eu/949/sectionOfLine/9bb778fecb;http://data.europa.eu/949/operationalPoint/7fda2a3b84;Gransjö;21;8.344;http://data.europa.eu/949/operationalPoint/208a637d91;Sandträsk;http://publications.europa.eu/resource/authority/country/SWE;Sweden;;
http://data.europa.eu/949/sectionOfLine/ab9279c6a3;http://data.europa.eu/949/operationalPoint/8d05726faf;Skövde central;1;9.156;http://data.europa.eu/949/operationalPoint/c2616535e0;Regumatorp;http://publications.europa.eu/resource/authority/country/SWE;Sweden;;
http://data.europa.eu/949/sectionOfLine/1e8f88a98c;http://data.europa.eu/949/operationalPoint/9ef10c5604;Vegeholm;3;6.629;http://data.europa.eu/949/operationalPoint/b8ccfcd41f;Kattarp;http://publications.europa.eu/resource/authority/country/SWE;Sweden;;
http://data.europa.eu/949/sectionOfLine/6a3f342a12;http://data.europa.eu/949/operationalPoint/7a6a8cf4b7;Ronneby;88;17.493;http://data.europa.eu/949/operationalPoint/dbc1dd9dfa;Nättraby;http://publications.europa.eu/resource/authority/country/SWE;Sweden;;
http://data.europa.eu/949/sectionOfLine/5e1c800423;http://data.europa.eu/949/operationalPoint/b1b0a5f402;Eldsberga;3;10.297;http://data.europa.eu/949/operationalPoint/cb7baf0f77;Laholm västra;http://publications.europa.eu/resource/authority/country/SWE;Sweden;;
http://data.europa.eu/949/sectionOfLine/589440feea;http://data.europa.eu/949/operationalPoint/262b293b84;Skee;73;6.729;http://data.europa.eu/949/operationalPoint/d9cede4e05;Strömstad;http://publications.europa.eu/resource/authority/country/SWE;Sweden;;
http://data.europa.eu/949/sectionOfLine/a71746c1ab;http://data.europa.eu/949/operationalPoint/7a74463c90;Lidnäs;2;7.816;http://data.europa.eu/949/operationalPoint/d2453b2b53;Moheda;http://publications.europa.eu/resource/authority/country/SWE;Sweden;;
http://data.europa.eu/949/sectionOfLine/90c56206f5;http://data.europa.eu/949/operationalPoint/a321678efd;Morgongåva;6;13.068;http://data.europa.eu/949/operationalPoint/6dc409e1a2;Isätra;http://publications.europa.eu/resource/authority/country/SWE;Sweden;;
http://data.europa.eu/949/sectionOfLine/82d922a3c5;http://data.europa.eu/949/operationalPoint/2564c6301c;Stockholm City;22;2.411;http://data.europa.eu/949/operationalPoint/0825ede7e3;Stockholms södra;http://publications.europa.eu/resource/authority/country/SWE;Sweden;;
http://data.europa.eu/949/sectionOfLine/53a8850336;http://data.europa.eu/949/operationalPoint/88e2d40263;Annedal;13;7.114;http://data.europa.eu/949/operationalPoint/57bfc5b097;Hasslarp;http://publications.europa.eu/resource/authority/country/SWE;Sweden;;
http://data.europa.eu/949/sectionOfLine/4c6a77c19f;http://data.europa.eu/949/operationalPoint/a73bbd606e;Vårgårda;1;10.372;http://data.europa.eu/949/operationalPoint/c609dbe996;Algutsgården;http://publications.europa.eu/resource/authority/country/SWE;Sweden;;
http://data.europa.eu/949/sectionOfLine/6e996595bc;http://data.europa.eu/949/operationalPoint/f43dbec38b;Enköping;16;9.203;http://data.europa.eu/949/operationalPoint/603972ec34;Lundby;http://publications.europa.eu/resource/authority/country/SWE;Sweden;;
http://data.europa.eu/949/sectionOfLine/137ef527b3;http://data.europa.eu/949/operationalPoint/14b5afe856;Peuravaara;21;7.67;http://data.europa.eu/949/operationalPoint/6da9797e83;Krokvik;http://publications.europa.eu/resource/authority/country/SWE;Sweden;;
http://data.europa.eu/949/sectionOfLine/7616f1a21f;http://data.europa.eu/949/operationalPoint/95f7832f5f;Jönåker;2;9.244;http://data.europa.eu/949/operationalPoint/53f56227ff;Ålberga;http://publications.europa.eu/resource/authority/country/SWE;Sweden;;
http://data.europa.eu/949/sectionOfLine/1ebb680e33;http://data.europa.eu/949/operationalPoint/d704525096;Oslättfors;8;11.597;http://data.europa.eu/949/operationalPoint/a82c9acc72;Kolforsen;http://publications.europa.eu/resource/authority/country/SWE;Sweden;;
http://data.europa.eu/949/sectionOfLine/5790222f7b;http://data.europa.eu/949/operationalPoint/803767c4bd;Södertälje hamn;1;1.819;http://data.europa.eu/949/operationalPoint/4ddd97cb50;Södertälje syd undre;http://publications.europa.eu/resource/authority/country/SWE;Sweden;;
http://data.europa.eu/949/sectionOfLine/b0f17c1f17;http://data.europa.eu/949/operationalPoint/830f0a302d;Åtvidaberg;66;16.445;http://data.europa.eu/949/operationalPoint/fd6639adfd;Falerum;http://publications.europa.eu/resource/authority/country/SWE;Sweden;;
http://data.europa.eu/949/sectionOfLine/0d0d854009;http://data.europa.eu/949/operationalPoint/cbb7619db1;Almedal;23;3.19;http://data.europa.eu/949/operationalPoint/fcb7e42a91;Mölndals nedre;http://publications.europa.eu/resource/authority/country/SWE;Sweden;;
http://data.europa.eu/949/sectionOfLine/cd31fc84b6;http://data.europa.eu/949/operationalPoint/13ccc95074;Nyfors;7;27.581;http://data.europa.eu/949/operationalPoint/b8c5fc9c72;Arnemark;http://publications.europa.eu/resource/authority/country/SWE;Sweden;;
http://data.europa.eu/949/sectionOfLine/6ecfff7ab4;http://data.europa.eu/949/operationalPoint/e49af233e5;Selsjön;7;6.132;http://data.europa.eu/949/operationalPoint/af724770fe;Backsjön;http://publications.europa.eu/resource/authority/country/SWE;Sweden;;
http://data.europa.eu/949/sectionOfLine/9fbe67d6d3;http://data.europa.eu/949/operationalPoint/001edfa131;Koler;7;13.295;http://data.europa.eu/949/operationalPoint/aae4ddf75e;Storsund;http://publications.europa.eu/resource/authority/country/SWE;Sweden;;
http://data.europa.eu/949/sectionOfLine/3eece6fef7;http://data.europa.eu/949/operationalPoint/8b64da6e98;Bjästa;28;12.567;http://data.europa.eu/949/operationalPoint/ded4f54722;Gålnäs;http://publications.europa.eu/resource/authority/country/SWE;Sweden;;
http://data.europa.eu/949/sectionOfLine/2fa2b49432;http://data.europa.eu/949/operationalPoint/0825ede7e3;Stockholms södra;22;2.551;http://data.europa.eu/949/operationalPoint/d235a8c2be;Årstaberg;http://publications.europa.eu/resource/authority/country/SWE;Sweden;;
http://data.europa.eu/949/sectionOfLine/f32e33be49;http://data.europa.eu/949/operationalPoint/936ee543d7;Förslöv;3;2.385;http://data.europa.eu/949/operationalPoint/8d92eab032;Viarp;http://publications.europa.eu/resource/authority/country/SWE;Sweden;;
http://data.europa.eu/949/sectionOfLine/52389cdf94;http://data.europa.eu/949/operationalPoint/e8e828fba6;Lycksele industrispår;44;2.185;http://data.europa.eu/949/operationalPoint/e9c45e68a6;Lycksele;http://publications.europa.eu/resource/authority/country/SWE;Sweden;;
http://data.europa.eu/949/sectionOfLine/e31ac1b67b;http://data.europa.eu/949/operationalPoint/a1586e27da;Losesjön;5;10.847;http://data.europa.eu/949/operationalPoint/ebd383909c;Myra;http://publications.europa.eu/resource/authority/country/SWE;Sweden;;
http://data.europa.eu/949/sectionOfLine/ee182dde73;http://data.europa.eu/949/operationalPoint/029a9ab706;Sunnäsbruk;5;10.107;http://data.europa.eu/949/operationalPoint/eda3fbbb37;Vallvik;http://publications.europa.eu/resource/authority/country/SWE;Sweden;;
http://data.europa.eu/949/sectionOfLine/fc5b107fd5;http://data.europa.eu/949/operationalPoint/2d9762d565;Bollnäs;8;8.447;http://data.europa.eu/949/operationalPoint/3917337689;Lottefors;http://publications.europa.eu/resource/authority/country/SWE;Sweden;;
http://data.europa.eu/949/sectionOfLine/24ad03dc91;http://data.europa.eu/949/operationalPoint/4037f3ed99;Mariannelund;80;14.405;http://data.europa.eu/949/operationalPoint/ec6c9be930;Silverdalens bruk;http://publications.europa.eu/resource/authority/country/SWE;Sweden;;
http://data.europa.eu/949/sectionOfLine/43c14caca4;http://data.europa.eu/949/operationalPoint/d71005f2d8;Limmared;4;14.031;http://data.europa.eu/949/operationalPoint/d7abcf77a8;Grimsås;http://publications.europa.eu/resource/authority/country/SWE;Sweden;;
http://data.europa.eu/949/sectionOfLine/0a3db9e0f0;http://data.europa.eu/949/operationalPoint/a7db7bee13;Björbo;53;26.252;http://data.europa.eu/949/operationalPoint/54c72d6a8c;Dala-Järna;http://publications.europa.eu/resource/authority/country/SWE;Sweden;;
http://data.europa.eu/949/sectionOfLine/8ec3463103;http://data.europa.eu/949/operationalPoint/155b13c6ae;Saluböle;28;10.027;http://data.europa.eu/949/operationalPoint/d9c34e59d4;Rundvik;http://publications.europa.eu/resource/authority/country/SWE;Sweden;;
http://data.europa.eu/949/sectionOfLine/fed581f97f;http://data.europa.eu/949/operationalPoint/a3797eb101;Kvidinge;13;3.897;http://data.europa.eu/949/operationalPoint/94b6b44f21;Kärreberga;http://publications.europa.eu/resource/authority/country/SWE;Sweden;;
http://data.europa.eu/949/sectionOfLine/fd1dfe678b;http://data.europa.eu/949/operationalPoint/4d7c73e990;Karlberg;22;1.496;http://data.europa.eu/949/operationalPoint/88fc639955;Tomteboda övre;http://publications.europa.eu/resource/authority/country/SWE;Sweden;;
http://data.europa.eu/949/sectionOfLine/50f700f802;http://data.europa.eu/949/operationalPoint/f817616bce;Aplared;4;6.016;http://data.europa.eu/949/operationalPoint/adfa1ca37e;Hillared;http://publications.europa.eu/resource/authority/country/SWE;Sweden;;
http://data.europa.eu/949/sectionOfLine/45064b6cdd;http://data.europa.eu/949/operationalPoint/a8f27c10dc;Hova;75;12.314;http://data.europa.eu/949/operationalPoint/658190ce84;Lyrestad;http://publications.europa.eu/resource/authority/country/SWE;Sweden;;
http://data.europa.eu/949/sectionOfLine/65df1148dd;http://data.europa.eu/949/operationalPoint/c8aef294e9;Sandbäck;88;8.582;http://data.europa.eu/949/operationalPoint/9a2a3c6258;Mörrum;http://publications.europa.eu/resource/authority/country/SWE;Sweden;;
http://data.europa.eu/949/sectionOfLine/a64e41fbeb;http://data.europa.eu/949/operationalPoint/71df806635;Tälle;1;2.39;http://data.europa.eu/949/operationalPoint/f7c05ce612;Östansjö;http://publications.europa.eu/resource/authority/country/SWE;Sweden;;
http://data.europa.eu/949/sectionOfLine/8ceae6acc5;http://data.europa.eu/949/operationalPoint/bbeef5cfb0;Tomteboda bangård;27;2.43;http://data.europa.eu/949/operationalPoint/5f3b9fe400;Solna;http://publications.europa.eu/resource/authority/country/SWE;Sweden;;
http://data.europa.eu/949/sectionOfLine/d4eb0efb16;http://data.europa.eu/949/operationalPoint/5d6b79dc14;Västerhaninge;19;2.629;http://data.europa.eu/949/operationalPoint/6018ce6043;Jordbro;http://publications.europa.eu/resource/authority/country/SWE;Sweden;;
http://data.europa.eu/949/sectionOfLine/4cae747f5f;http://data.europa.eu/949/operationalPoint/1d89a136a4;Ödåkra;3;4.275;http://data.europa.eu/949/operationalPoint/376c3a1f48;Maria;http://publications.europa.eu/resource/authority/country/SWE;Sweden;;
http://data.europa.eu/949/sectionOfLine/42c2c6a686;http://data.europa.eu/949/operationalPoint/f2a00f13d1;Biskopstorp;3;7.91;http://data.europa.eu/949/operationalPoint/d1d78b0b07;Furet;http://publications.europa.eu/resource/authority/country/SWE;Sweden;;
http://data.europa.eu/949/sectionOfLine/931711469d;http://data.europa.eu/949/operationalPoint/0584ec4a76;Lund c;2;1.159;http://data.europa.eu/949/operationalPoint/0636ea6aa4;Klostergården;http://publications.europa.eu/resource/authority/country/SWE;Sweden;;
http://data.europa.eu/949/sectionOfLine/66079597a6;http://data.europa.eu/949/operationalPoint/9eb136cbe0;Halmstads central;3;1.147;http://data.europa.eu/949/operationalPoint/dbf4772f60;Halmstads rangerbangård;http://publications.europa.eu/resource/authority/country/SWE;Sweden;;
http://data.europa.eu/949/sectionOfLine/bce8c55210;http://data.europa.eu/949/operationalPoint/53b961f03b;Sundsvalls central;5;3.757;http://data.europa.eu/949/operationalPoint/ebdd478eb5;Nacksta;http://publications.europa.eu/resource/authority/country/SWE;Sweden;;
http://data.europa.eu/949/sectionOfLine/3c917c7bc1;http://data.europa.eu/949/operationalPoint/4ddd97cb50;Södertälje syd undre;1;2.696;http://data.europa.eu/949/operationalPoint/d4fa4edb96;Bränninge;http://publications.europa.eu/resource/authority/country/SWE;Sweden;;
http://data.europa.eu/949/sectionOfLine/bff54eb2e1;http://data.europa.eu/949/operationalPoint/6242043b67;Kramfors;31;5.252;http://data.europa.eu/949/operationalPoint/af970a4947;Dynäs;http://publications.europa.eu/resource/authority/country/SWE;Sweden;;
http://data.europa.eu/949/sectionOfLine/69d38e4258;http://data.europa.eu/949/operationalPoint/55eef0007f;Älgarås;1;6.325;http://data.europa.eu/949/operationalPoint/399db9d5cc;Slätte;http://publications.europa.eu/resource/authority/country/SWE;Sweden;;
http://data.europa.eu/949/sectionOfLine/e214f35ab8;http://data.europa.eu/949/operationalPoint/f6ed8dac4e;Grästorp;15;13.86;http://data.europa.eu/949/operationalPoint/5ca5ca8c83;Håkantorp;http://publications.europa.eu/resource/authority/country/SWE;Sweden;;
http://data.europa.eu/949/sectionOfLine/68755f1ae2;http://data.europa.eu/949/operationalPoint/7035366a13;Repbäcken;6;19.371;http://data.europa.eu/949/operationalPoint/8cfbd04b19;Gagnef;http://publications.europa.eu/resource/authority/country/SWE;Sweden;;
http://data.europa.eu/949/sectionOfLine/30666845f4;http://data.europa.eu/949/operationalPoint/24970fcc8a;Myrheden;7;10.961;http://data.europa.eu/949/operationalPoint/0f37874312;Långträsk;http://publications.europa.eu/resource/authority/country/SWE;Sweden;;
http://data.europa.eu/949/sectionOfLine/735b92d9ff;http://data.europa.eu/949/operationalPoint/3a44ff8b9f;Bomansberget;5;6.151;http://data.europa.eu/949/operationalPoint/bec3bb1bd6;Gävle central;http://publications.europa.eu/resource/authority/country/SWE;Sweden;;
http://data.europa.eu/949/sectionOfLine/f6fb4e1522;http://data.europa.eu/949/operationalPoint/3bbc173dc1;Aptas;21;20.543;http://data.europa.eu/949/operationalPoint/4e69b4099d;Mertainen;http://publications.europa.eu/resource/authority/country/SWE;Sweden;;
http://data.europa.eu/949/sectionOfLine/2231a768c8;http://data.europa.eu/949/operationalPoint/ebc91f4d28;Jädersbruk;16;4.489;http://data.europa.eu/949/operationalPoint/d58a286462;Ökna;http://publications.europa.eu/resource/authority/country/SWE;Sweden;;
http://data.europa.eu/949/sectionOfLine/f90cea58bf;http://data.europa.eu/949/operationalPoint/92aa96b5f1;Hestra;4;13.253;http://data.europa.eu/949/operationalPoint/303f924fc4;Gnosjö;http://publications.europa.eu/resource/authority/country/SWE;Sweden;;
http://data.europa.eu/949/sectionOfLine/b04d2327e5;http://data.europa.eu/949/operationalPoint/ca481989a0;Malmsjö;1;7.06;http://data.europa.eu/949/operationalPoint/5b69c52e29;Södertälje syd övre;http://publications.europa.eu/resource/authority/country/SWE;Sweden;;
http://data.europa.eu/949/sectionOfLine/717e5a6b12;http://data.europa.eu/949/operationalPoint/d4c531bdea;Enafors;20;13.076;http://data.europa.eu/949/operationalPoint/898496b705;Storlien;http://publications.europa.eu/resource/authority/country/SWE;Sweden;;
http://data.europa.eu/949/sectionOfLine/474c411ed5;http://data.europa.eu/949/operationalPoint/dd3af53a28;Tällberg;6;10.382;http://data.europa.eu/949/operationalPoint/999557fa21;Rättvik;http://publications.europa.eu/resource/authority/country/SWE;Sweden;;
http://data.europa.eu/949/sectionOfLine/e6f2971de5;http://data.europa.eu/949/operationalPoint/10e2d9b50d;Hagaström;10;3.219;http://data.europa.eu/949/operationalPoint/6d4f5fb0c8;Norra Valbo;http://publications.europa.eu/resource/authority/country/SWE;Sweden;;
http://data.europa.eu/949/sectionOfLine/efc286eff4;http://data.europa.eu/949/operationalPoint/365dcbc177;Ursviken;45;3.745;http://data.europa.eu/949/operationalPoint/0438f970ad;Skelleftehamns övre;http://publications.europa.eu/resource/authority/country/SWE;Sweden;;
http://data.europa.eu/949/sectionOfLine/c81ad29d56;http://data.europa.eu/949/operationalPoint/6aaad4de91;Årskogen;5;7.706;http://data.europa.eu/949/operationalPoint/18e6f0b431;Gårdsjön;http://publications.europa.eu/resource/authority/country/SWE;Sweden;;
http://data.europa.eu/949/sectionOfLine/4e072e4279;http://data.europa.eu/949/operationalPoint/ec254b3bea;Aspeå;7;7.029;http://data.europa.eu/949/operationalPoint/c7d8e923ff;Holmån;http://publications.europa.eu/resource/authority/country/SWE;Sweden;;
http://data.europa.eu/949/sectionOfLine/99d89171a8;http://data.europa.eu/949/operationalPoint/4f206ef8cd;Kalix östra;29;3.546;http://data.europa.eu/949/operationalPoint/a1c47ee121;Bredviken;http://publications.europa.eu/resource/authority/country/SWE;Sweden;;
http://data.europa.eu/949/sectionOfLine/7fca4b11b5;http://data.europa.eu/949/operationalPoint/0cc5a356d9;Järpen;20;13.208;http://data.europa.eu/949/operationalPoint/3b22db22b1;Undersåker;http://publications.europa.eu/resource/authority/country/SWE;Sweden;;
http://data.europa.eu/949/sectionOfLine/135ea54fb1;http://data.europa.eu/949/operationalPoint/3917337689;Lottefors;8;6.043;http://data.europa.eu/949/operationalPoint/1ef0d66e1f;Arbrå;http://publications.europa.eu/resource/authority/country/SWE;Sweden;;
http://data.europa.eu/949/sectionOfLine/dafd117dfb;http://data.europa.eu/949/operationalPoint/3b04e6243f;Kejsarbäcken;10;16.022;http://data.europa.eu/949/operationalPoint/b26bba9cb0;Hällefors;http://publications.europa.eu/resource/authority/country/SWE;Sweden;;
http://data.europa.eu/949/sectionOfLine/b4713ef766;http://data.europa.eu/949/operationalPoint/65949f0490;Emmaboda;4;10.807;http://data.europa.eu/949/operationalPoint/cc92a73836;Vissefjärda;http://publications.europa.eu/resource/authority/country/SWE;Sweden;;
http://data.europa.eu/949/sectionOfLine/cd738d5b6d;http://data.europa.eu/949/operationalPoint/9ce3d37caa;Blädinge;2;6.564;http://data.europa.eu/949/operationalPoint/bb2fa016a5;Vislanda;http://publications.europa.eu/resource/authority/country/SWE;Sweden;;
http://data.europa.eu/949/sectionOfLine/ae8ef008aa;http://data.europa.eu/949/operationalPoint/af994101c0;Solbacka;31;6.8;http://data.europa.eu/949/operationalPoint/632b01ee48;Stavreviken;http://publications.europa.eu/resource/authority/country/SWE;Sweden;;
http://data.europa.eu/949/sectionOfLine/1bbf8dd844;http://data.europa.eu/949/operationalPoint/b642b38117;Dockmyr;7;6.702;http://data.europa.eu/949/operationalPoint/e76afc7bd6;Gastsjön;http://publications.europa.eu/resource/authority/country/SWE;Sweden;;
http://data.europa.eu/949/sectionOfLine/08f0749509;http://data.europa.eu/949/operationalPoint/fbca1028f0;Niemisel;29;7.533;http://data.europa.eu/949/operationalPoint/c802c10418;Bjurå;http://publications.europa.eu/resource/authority/country/SWE;Sweden;;
http://data.europa.eu/949/sectionOfLine/a68bdc5103;http://data.europa.eu/949/operationalPoint/ee1befa664;Ryssjöbrink;17;10.659;http://data.europa.eu/949/operationalPoint/43cbd6bb1e;Läggesta;http://publications.europa.eu/resource/authority/country/SWE;Sweden;;
http://data.europa.eu/949/sectionOfLine/bcc3db1262;http://data.europa.eu/949/operationalPoint/0c85a7358e;Sölvesborg;88;13.667;http://data.europa.eu/949/operationalPoint/c8aef294e9;Sandbäck;http://publications.europa.eu/resource/authority/country/SWE;Sweden;;
http://data.europa.eu/949/sectionOfLine/64b131f8f5;http://data.europa.eu/949/operationalPoint/81a5e6d60c;Vännäs;7;7.505;http://data.europa.eu/949/operationalPoint/e0beab0e56;Brattby;http://publications.europa.eu/resource/authority/country/SWE;Sweden;;
http://data.europa.eu/949/sectionOfLine/50a48dec12;http://data.europa.eu/949/operationalPoint/4f86dad8bc;Vinslöv;13;8.692;http://data.europa.eu/949/operationalPoint/a298934afa;Önnestad;http://publications.europa.eu/resource/authority/country/SWE;Sweden;;
http://data.europa.eu/949/sectionOfLine/7cdc28ab8e;http://data.europa.eu/949/operationalPoint/fcabb68731;Maj;5;4.63;http://data.europa.eu/949/operationalPoint/a6a165d644;Njurundabommen;http://publications.europa.eu/resource/authority/country/SWE;Sweden;;
http://data.europa.eu/949/sectionOfLine/8eea16a178;http://data.europa.eu/949/operationalPoint/33477db63a;Mölndals övre;4;5.733;http://data.europa.eu/949/operationalPoint/4cfcfc05a0;Mölnlycke;http://publications.europa.eu/resource/authority/country/SWE;Sweden;;
http://data.europa.eu/949/sectionOfLine/0334defb67;http://data.europa.eu/949/operationalPoint/400d693226;Nynäshamns centrum;19;5.181;http://data.europa.eu/949/operationalPoint/34c9022d52;Kvarnängen;http://publications.europa.eu/resource/authority/country/SWE;Sweden;;
http://data.europa.eu/949/sectionOfLine/f4e0abe2a1;http://data.europa.eu/949/operationalPoint/84a1659043;Pålsboda;1;13.557;http://data.europa.eu/949/operationalPoint/88e32ca2b0;Hallsbergs personbangård;http://publications.europa.eu/resource/authority/country/SWE;Sweden;;
http://data.europa.eu/949/sectionOfLine/8836eac781;http://data.europa.eu/949/operationalPoint/2ead3e343b;Flen;1;8.276;http://data.europa.eu/949/operationalPoint/573bbff196;Sköldinge;http://publications.europa.eu/resource/authority/country/SWE;Sweden;;
http://data.europa.eu/949/sectionOfLine/1fc1152742;http://data.europa.eu/949/operationalPoint/d88d9cc641;Ånn;20;11.456;http://data.europa.eu/949/operationalPoint/d4c531bdea;Enafors;http://publications.europa.eu/resource/authority/country/SWE;Sweden;;
http://data.europa.eu/949/sectionOfLine/7f9ab7403c;http://data.europa.eu/949/operationalPoint/6697ff03ab;Skutskär;5;10.149;http://data.europa.eu/949/operationalPoint/3a44ff8b9f;Bomansberget;http://publications.europa.eu/resource/authority/country/SWE;Sweden;;
http://data.europa.eu/949/sectionOfLine/813b09d4c5;http://data.europa.eu/949/operationalPoint/a5d9787934;Bastuträsk;7;13.394;http://data.europa.eu/949/operationalPoint/69bec7214f;Karsbäcken;http://publications.europa.eu/resource/authority/country/SWE;Sweden;;
http://data.europa.eu/949/sectionOfLine/7a1219092a;http://data.europa.eu/949/operationalPoint/5be0613bb1;Mellansel;7;4.435;http://data.europa.eu/949/operationalPoint/e962a31f99;Gottne;http://publications.europa.eu/resource/authority/country/SWE;Sweden;;
http://data.europa.eu/949/sectionOfLine/aa576bff5e;http://data.europa.eu/949/operationalPoint/10a7964654;Stenåsen;12;1.593;http://data.europa.eu/949/operationalPoint/3fa75824dd;Kil;http://publications.europa.eu/resource/authority/country/SWE;Sweden;;
http://data.europa.eu/949/sectionOfLine/9e4a798c7d;http://data.europa.eu/949/operationalPoint/f62dbb4620;Göteborg Marieholm;23;3.723;http://data.europa.eu/949/operationalPoint/1d280e14e6;Göteborg Kville;http://publications.europa.eu/resource/authority/country/SWE;Sweden;;
http://data.europa.eu/949/sectionOfLine/ddf2abf29a;http://data.europa.eu/949/operationalPoint/fde17f04d6;Kalmar södra;4;18.384;http://data.europa.eu/949/operationalPoint/7f035bf363;Rockneby;http://publications.europa.eu/resource/authority/country/SWE;Sweden;;
http://data.europa.eu/949/sectionOfLine/59136033aa;http://data.europa.eu/949/operationalPoint/acf2cd02f0;Frövi;9;10.384;http://data.europa.eu/949/operationalPoint/ace5a2e33f;Vedevåg;http://publications.europa.eu/resource/authority/country/SWE;Sweden;;
http://data.europa.eu/949/sectionOfLine/581bbf5ef5;http://data.europa.eu/949/operationalPoint/90ec5da434;Degerbäcken;7;6.428;http://data.europa.eu/949/operationalPoint/a7f5e85465;Hednoret;http://publications.europa.eu/resource/authority/country/SWE;Sweden;;
http://data.europa.eu/949/sectionOfLine/2ab8485c6f;http://data.europa.eu/949/operationalPoint/d7242db6a0;Sollefteå;7;13.823;http://data.europa.eu/949/operationalPoint/5eb4f3ebf3;Långsele;http://publications.europa.eu/resource/authority/country/SWE;Sweden;;
http://data.europa.eu/949/sectionOfLine/b1aa137166;http://data.europa.eu/949/operationalPoint/3e1b14cfc4;Morjärv;29;8.307;http://data.europa.eu/949/operationalPoint/51b2d63062;Bruksberget;http://publications.europa.eu/resource/authority/country/SWE;Sweden;;
http://data.europa.eu/949/sectionOfLine/b97da0e660;http://data.europa.eu/949/operationalPoint/84de1f4ce1;Ställdalen;10;15.783;http://data.europa.eu/949/operationalPoint/e01f9da4dc;Grängesbergs malmbangård;http://publications.europa.eu/resource/authority/country/SWE;Sweden;;
http://data.europa.eu/949/sectionOfLine/08e595ecb1;http://data.europa.eu/949/operationalPoint/2681e004ae;Rävlanda;4;4.429;http://data.europa.eu/949/operationalPoint/c949fea588;Bollebygd;http://publications.europa.eu/resource/authority/country/SWE;Sweden;;
http://data.europa.eu/949/sectionOfLine/5918c246c6;http://data.europa.eu/949/operationalPoint/de27b42221;Finnforsfallet;45;32.193;http://data.europa.eu/949/operationalPoint/4e116a174c;Skellefteå;http://publications.europa.eu/resource/authority/country/SWE;Sweden;;
http://data.europa.eu/949/sectionOfLine/39e39bb13e;http://data.europa.eu/949/operationalPoint/1172ec84bb;Högbysjön;28;10.444;http://data.europa.eu/949/operationalPoint/75622918b7;Gideåbacka;http://publications.europa.eu/resource/authority/country/SWE;Sweden;;
http://data.europa.eu/949/sectionOfLine/b2c7fa8c89;http://data.europa.eu/949/operationalPoint/db5dd5f9ca;Åmyran;5;9.429;http://data.europa.eu/949/operationalPoint/062e5e06f5;Gnarp;http://publications.europa.eu/resource/authority/country/SWE;Sweden;;
http://data.europa.eu/949/sectionOfLine/e91a39b5fe;http://data.europa.eu/949/operationalPoint/0796ece08d;Oxmyran;7;6.211;http://data.europa.eu/949/operationalPoint/d0a91c0192;Öreälv;http://publications.europa.eu/resource/authority/country/SWE;Sweden;;
http://data.europa.eu/949/sectionOfLine/8a7a3de509;http://data.europa.eu/949/operationalPoint/7a75c824bb;Uppsala norra;5;10.474;http://data.europa.eu/949/operationalPoint/28c19f3e72;Brunna;http://publications.europa.eu/resource/authority/country/SWE;Sweden;;
http://data.europa.eu/949/sectionOfLine/ce0da5436b;http://data.europa.eu/949/operationalPoint/6555dc66a1;Boda;5;8.175;http://data.europa.eu/949/operationalPoint/16a4356049;Iggesund;http://publications.europa.eu/resource/authority/country/SWE;Sweden;;
http://data.europa.eu/949/sectionOfLine/6c068f5b43;http://data.europa.eu/949/operationalPoint/2cf1b1a231;Röstbo;8;9.611;http://data.europa.eu/949/operationalPoint/25a8089b7a;Kilafors;http://publications.europa.eu/resource/authority/country/SWE;Sweden;;
http://data.europa.eu/949/sectionOfLine/646682d11f;http://data.europa.eu/949/operationalPoint/44bed15ecd;Ope;20;6.944;http://data.europa.eu/949/operationalPoint/85ead543e6;Östersunds central;http://publications.europa.eu/resource/authority/country/SWE;Sweden;;
http://data.europa.eu/949/sectionOfLine/bc2652a7f1;http://data.europa.eu/949/operationalPoint/83fbeb8ff1;Järbo;8;10.335;http://data.europa.eu/949/operationalPoint/0b6f801a34;Medskogsheden;http://publications.europa.eu/resource/authority/country/SWE;Sweden;;
http://data.europa.eu/949/sectionOfLine/a817900c90;http://data.europa.eu/949/operationalPoint/873a6e1bd0;Hulingsryd;80;1.759;http://data.europa.eu/949/operationalPoint/0ca870805d;Hultsfred;http://publications.europa.eu/resource/authority/country/SWE;Sweden;;
http://data.europa.eu/949/sectionOfLine/963a7be753;http://data.europa.eu/949/operationalPoint/388146562e;Snyten;9;5.885;http://data.europa.eu/949/operationalPoint/cca989d7e7;Ombenning;http://publications.europa.eu/resource/authority/country/SWE;Sweden;;
http://data.europa.eu/949/sectionOfLine/2d5555833f;http://data.europa.eu/949/operationalPoint/ef875d2d2b;Gäddmyr;21;7.711;http://data.europa.eu/949/operationalPoint/1750f8a6c7;Kalixfors;http://publications.europa.eu/resource/authority/country/SWE;Sweden;;
http://data.europa.eu/949/sectionOfLine/7979602c49;http://data.europa.eu/949/operationalPoint/d7eeec8cb6;Forsmo;7;6.155;http://data.europa.eu/949/operationalPoint/e49af233e5;Selsjön;http://publications.europa.eu/resource/authority/country/SWE;Sweden;;
http://data.europa.eu/949/sectionOfLine/6645a5ae7c;http://data.europa.eu/949/operationalPoint/3767d82064;Varpemossen;11;8.001;http://data.europa.eu/949/operationalPoint/ff578f023a;Torbacken;http://publications.europa.eu/resource/authority/country/SWE;Sweden;;
http://data.europa.eu/949/sectionOfLine/d302d792d2;http://data.europa.eu/949/operationalPoint/4ab5a9ba4d;Väring;1;15.011;http://data.europa.eu/949/operationalPoint/8d05726faf;Skövde central;http://publications.europa.eu/resource/authority/country/SWE;Sweden;;
http://data.europa.eu/949/sectionOfLine/ef487a4c83;http://data.europa.eu/949/operationalPoint/1d280e14e6;Göteborg Kville;23;4.408;http://data.europa.eu/949/operationalPoint/a6bab55f38;Göteborg Lindholmen;http://publications.europa.eu/resource/authority/country/SWE;Sweden;;
http://data.europa.eu/949/sectionOfLine/689b84796c;http://data.europa.eu/949/operationalPoint/c837824521;Skebokvarn;1;7.883;http://data.europa.eu/949/operationalPoint/2ead3e343b;Flen;http://publications.europa.eu/resource/authority/country/SWE;Sweden;;
http://data.europa.eu/949/sectionOfLine/61e39a3aa7;http://data.europa.eu/949/operationalPoint/999557fa21;Rättvik;6;21.672;http://data.europa.eu/949/operationalPoint/3ced5590d7;Garsås;http://publications.europa.eu/resource/authority/country/SWE;Sweden;;
http://data.europa.eu/949/sectionOfLine/b3a63ab8d0;http://data.europa.eu/949/operationalPoint/14509ae120;Rossön;46;27.06;http://data.europa.eu/949/operationalPoint/93cd43ea5a;TRV-IBAB border Hoting;http://publications.europa.eu/resource/authority/country/SWE;Sweden;;
http://data.europa.eu/949/sectionOfLine/a01a2d2595;http://data.europa.eu/949/operationalPoint/2607fc1637;Lockarp;24;7.452;http://data.europa.eu/949/operationalPoint/490bce2e30;Västra Ingelstad;http://publications.europa.eu/resource/authority/country/SWE;Sweden;;
http://data.europa.eu/949/sectionOfLine/d2fdb960cc;http://data.europa.eu/949/operationalPoint/9c3dc4e8a2;Sundbyberg;22;2.516;http://data.europa.eu/949/operationalPoint/0624254b20;Duvbo;http://publications.europa.eu/resource/authority/country/SWE;Sweden;;
http://data.europa.eu/949/sectionOfLine/4767235deb;http://data.europa.eu/949/operationalPoint/f7fbb090c3;Knivsta;5;6.04;http://data.europa.eu/949/operationalPoint/84bfe39af2;Ekeby;http://publications.europa.eu/resource/authority/country/SWE;Sweden;;
http://data.europa.eu/949/sectionOfLine/612893db83;http://data.europa.eu/949/operationalPoint/dbf4772f60;Halmstads rangerbangård;3;3.61;http://data.europa.eu/949/operationalPoint/4c3d11aa06;Kistinge;http://publications.europa.eu/resource/authority/country/SWE;Sweden;;
http://data.europa.eu/949/sectionOfLine/23eb7c4857;http://data.europa.eu/949/operationalPoint/1f2d296423;Munktorp;16;8.807;http://data.europa.eu/949/operationalPoint/d5c9e72529;Köping;http://publications.europa.eu/resource/authority/country/SWE;Sweden;;
http://data.europa.eu/949/sectionOfLine/9da9b29a7a;http://data.europa.eu/949/operationalPoint/822545d0b1;Svartvik;5;2.897;http://data.europa.eu/949/operationalPoint/b800effa02;Stockviksverkens nedre;http://publications.europa.eu/resource/authority/country/SWE;Sweden;;
http://data.europa.eu/949/sectionOfLine/f7c104415e;http://data.europa.eu/949/operationalPoint/f79481126c;Torebo;3;5.052;http://data.europa.eu/949/operationalPoint/a2b0cc5c1b;Falkenberg personstation;http://publications.europa.eu/resource/authority/country/SWE;Sweden;;
http://data.europa.eu/949/sectionOfLine/db982486c4;http://data.europa.eu/949/operationalPoint/5330522674;Kosjärv;29;8.357;http://data.europa.eu/949/operationalPoint/252d3d93bd;Rian;http://publications.europa.eu/resource/authority/country/SWE;Sweden;;
http://data.europa.eu/949/sectionOfLine/ed9c9811d3;http://data.europa.eu/949/operationalPoint/3013b474b6;Räppe;4;4.464;http://data.europa.eu/949/operationalPoint/ec717ae78f;Växjö;http://publications.europa.eu/resource/authority/country/SWE;Sweden;;
http://data.europa.eu/949/sectionOfLine/b3d26e3a84;http://data.europa.eu/949/operationalPoint/66e81c84da;Söderbärke;63;11.157;http://data.europa.eu/949/operationalPoint/e077af4ce3;Smedjebacken;http://publications.europa.eu/resource/authority/country/SWE;Sweden;;
http://data.europa.eu/949/sectionOfLine/9bf1ac0225;http://data.europa.eu/949/operationalPoint/e6cc815072;Sommen;2;12.821;http://data.europa.eu/949/operationalPoint/82122fa14e;Tranås;http://publications.europa.eu/resource/authority/country/SWE;Sweden;;
http://data.europa.eu/949/sectionOfLine/bda8cc10bb;http://data.europa.eu/949/operationalPoint/cc92a73836;Vissefjärda;4;14.3;http://data.europa.eu/949/operationalPoint/8b45b5a373;Holmsjö;http://publications.europa.eu/resource/authority/country/SWE;Sweden;;
http://data.europa.eu/949/sectionOfLine/0a1a8eb075;http://data.europa.eu/949/operationalPoint/3ba9bea0db;Grevaryd;2;9.172;http://data.europa.eu/949/operationalPoint/7a74463c90;Lidnäs;http://publications.europa.eu/resource/authority/country/SWE;Sweden;;
http://data.europa.eu/949/sectionOfLine/9f07e622d8;http://data.europa.eu/949/operationalPoint/6455842808;Stensundberget;29;16.007;http://data.europa.eu/949/operationalPoint/65cf4c85dd;Vuonoskogen;http://publications.europa.eu/resource/authority/country/SWE;Sweden;;
http://data.europa.eu/949/sectionOfLine/af2e604641;http://data.europa.eu/949/operationalPoint/5ef2b9fe60;Ervalla;9;9.428;http://data.europa.eu/949/operationalPoint/acf2cd02f0;Frövi;http://publications.europa.eu/resource/authority/country/SWE;Sweden;;
http://data.europa.eu/949/sectionOfLine/c5679afce1;http://data.europa.eu/949/operationalPoint/53ce9fe0c6;Floby;1;8.827;http://data.europa.eu/949/operationalPoint/8a26fdbfd9;Källeryd;http://publications.europa.eu/resource/authority/country/SWE;Sweden;;
http://data.europa.eu/949/sectionOfLine/c44fe7bf47;http://data.europa.eu/949/operationalPoint/be6d656b26;Svenshögen;73;9.43;http://data.europa.eu/949/operationalPoint/fd0d692d97;Ljungskile;http://publications.europa.eu/resource/authority/country/SWE;Sweden;;
http://data.europa.eu/949/sectionOfLine/59b2ae0f3c;http://data.europa.eu/949/operationalPoint/4db573d51e;Bräcke;7;7.608;http://data.europa.eu/949/operationalPoint/e1fd554b79;Bodsjön;http://publications.europa.eu/resource/authority/country/SWE;Sweden;;
http://data.europa.eu/949/sectionOfLine/bb66e7b207;http://data.europa.eu/949/operationalPoint/08e57ccef9;Kolke;1;3.67;http://data.europa.eu/949/operationalPoint/d354bf603e;Björnlunda;http://publications.europa.eu/resource/authority/country/SWE;Sweden;;
http://data.europa.eu/949/sectionOfLine/78ce06540c;http://data.europa.eu/949/operationalPoint/15469ca74a;Finnerödja;1;9.281;http://data.europa.eu/949/operationalPoint/66a69e2bb8;Gårdsjö;http://publications.europa.eu/resource/authority/country/SWE;Sweden;;
http://data.europa.eu/949/sectionOfLine/eaf4c5a337;http://data.europa.eu/949/operationalPoint/c9c38a325f;Kolmården;2;6.393;http://data.europa.eu/949/operationalPoint/1454228e2b;Getå;http://publications.europa.eu/resource/authority/country/SWE;Sweden;;
http://data.europa.eu/949/sectionOfLine/9f035366c1;http://data.europa.eu/949/operationalPoint/b08d716595;Nordmaling;28;5.909;http://data.europa.eu/949/operationalPoint/a9e20497bf;Norrsjön;http://publications.europa.eu/resource/authority/country/SWE;Sweden;;
http://data.europa.eu/949/sectionOfLine/b82e00c575;http://data.europa.eu/949/operationalPoint/a56f5a3328;Storvreta;5;10.319;http://data.europa.eu/949/operationalPoint/cb18057fc1;Salsta;http://publications.europa.eu/resource/authority/country/SWE;Sweden;;
http://data.europa.eu/949/sectionOfLine/4eef4a7324;http://data.europa.eu/949/operationalPoint/989d64c92d;Anundsjö;7;8.394;http://data.europa.eu/949/operationalPoint/5be0613bb1;Mellansel;http://publications.europa.eu/resource/authority/country/SWE;Sweden;;
http://data.europa.eu/949/sectionOfLine/cd98cc8550;http://data.europa.eu/949/operationalPoint/e11bc62816;Grythyttans norra;10;26.211;http://data.europa.eu/949/operationalPoint/97840c1d07;Herrhult;http://publications.europa.eu/resource/authority/country/SWE;Sweden;;
http://data.europa.eu/949/sectionOfLine/fe688046aa;http://data.europa.eu/949/operationalPoint/289b47cbdd;Säby;5;4.427;http://data.europa.eu/949/operationalPoint/25a714c6cd;Uppsala central;http://publications.europa.eu/resource/authority/country/SWE;Sweden;;
http://data.europa.eu/949/sectionOfLine/f344ad57ee;http://data.europa.eu/949/operationalPoint/a1ddd98266;Tomelilla;90;19.22;http://data.europa.eu/949/operationalPoint/0e05f4cb4d;Ystad;http://publications.europa.eu/resource/authority/country/SWE;Sweden;;
http://data.europa.eu/949/sectionOfLine/167efebe7a;http://data.europa.eu/949/operationalPoint/acf2cd02f0;Frövi;16;13.799;http://data.europa.eu/949/operationalPoint/43a57cf2fc;Fellingsbro;http://publications.europa.eu/resource/authority/country/SWE;Sweden;;
http://data.europa.eu/949/sectionOfLine/397fb65e46;http://data.europa.eu/949/operationalPoint/445054ce7a;Tornhill;2;3.52;http://data.europa.eu/949/operationalPoint/0584ec4a76;Lund c;http://publications.europa.eu/resource/authority/country/SWE;Sweden;;
http://data.europa.eu/949/sectionOfLine/32cc42b3f7;http://data.europa.eu/949/operationalPoint/d4812265a8;Döljebro;8;15.321;http://data.europa.eu/949/operationalPoint/aa43326b9c;Holmsveden;http://publications.europa.eu/resource/authority/country/SWE;Sweden;;
http://data.europa.eu/949/sectionOfLine/634963b598;http://data.europa.eu/949/operationalPoint/05ed6eff01;Fågelsta;9;8.733;http://data.europa.eu/949/operationalPoint/eaf6c0a511;Skänninge;http://publications.europa.eu/resource/authority/country/SWE;Sweden;;
http://data.europa.eu/949/sectionOfLine/cf1767d326;http://data.europa.eu/949/operationalPoint/a7f5e85465;Hednoret;7;5.421;http://data.europa.eu/949/operationalPoint/ef9b18e1f8;Bodens södra;http://publications.europa.eu/resource/authority/country/SWE;Sweden;;
http://data.europa.eu/949/sectionOfLine/5642eaf3b6;http://data.europa.eu/949/operationalPoint/de2f1b94f7;Boxholm;2;7.132;http://data.europa.eu/949/operationalPoint/e6cc815072;Sommen;http://publications.europa.eu/resource/authority/country/SWE;Sweden;;
http://data.europa.eu/949/sectionOfLine/e16f52dfa0;http://data.europa.eu/949/operationalPoint/a29c143e84;Brännögård;84;5.904;http://data.europa.eu/949/operationalPoint/4d72af8c31;Torup;http://publications.europa.eu/resource/authority/country/SWE;Sweden;;
http://data.europa.eu/949/sectionOfLine/c4de27c7da;http://data.europa.eu/949/operationalPoint/23158b1c78;Öresundsbro Konsortiet - Trafikverket km 281+810;24;0.186;http://data.europa.eu/949/operationalPoint/fbb539caea;Lernacken;http://publications.europa.eu/resource/authority/country/SWE;Sweden;;
http://data.europa.eu/949/sectionOfLine/80de8fea99;http://data.europa.eu/949/operationalPoint/2108b8c853;Båstad norra;3;10.637;http://data.europa.eu/949/operationalPoint/936ee543d7;Förslöv;http://publications.europa.eu/resource/authority/country/SWE;Sweden;;
http://data.europa.eu/949/sectionOfLine/2ad4efdde6;http://data.europa.eu/949/operationalPoint/23097477c5;Vikmanshyttan;6;8.715;http://data.europa.eu/949/operationalPoint/4ee9072948;Säter;http://publications.europa.eu/resource/authority/country/SWE;Sweden;;
http://data.europa.eu/949/sectionOfLine/7226aef13f;http://data.europa.eu/949/operationalPoint/1c10a1b859;Vretstorp;1;5.693;http://data.europa.eu/949/operationalPoint/21d463f843;Linddalen;http://publications.europa.eu/resource/authority/country/SWE;Sweden;;
http://data.europa.eu/949/sectionOfLine/4e6c1d8c8f;http://data.europa.eu/949/operationalPoint/3ecb2bd5da;Linaälv;21;9.444;http://data.europa.eu/949/operationalPoint/f514b433fd;Håmojåkk;http://publications.europa.eu/resource/authority/country/SWE;Sweden;;
http://data.europa.eu/949/sectionOfLine/edd9ca119e;http://data.europa.eu/949/operationalPoint/e88ffc517e;Högdalen;19;3.388;http://data.europa.eu/949/operationalPoint/165ec787a8;Älvsjö;http://publications.europa.eu/resource/authority/country/SWE;Sweden;;
http://data.europa.eu/949/sectionOfLine/ac4a96b8e7;http://data.europa.eu/949/operationalPoint/cce76d564e;Dals Långed;71;2.243;http://data.europa.eu/949/operationalPoint/ac876eeb19;Långbron;http://publications.europa.eu/resource/authority/country/SWE;Sweden;;
http://data.europa.eu/949/sectionOfLine/6bb8d37c98;http://data.europa.eu/949/operationalPoint/b50574d4fa;Rödberg;4;11.564;http://data.europa.eu/949/operationalPoint/0fa5245895;Sandared;http://publications.europa.eu/resource/authority/country/SWE;Sweden;;
http://data.europa.eu/949/sectionOfLine/3f7ac84b45;http://data.europa.eu/949/operationalPoint/85ead543e6;Östersunds central;20;2.833;http://data.europa.eu/949/operationalPoint/2f5b7055f1;TRV-IBAB border Östersund;http://publications.europa.eu/resource/authority/country/SWE;Sweden;;
http://data.europa.eu/949/sectionOfLine/3c1b91fe61;http://data.europa.eu/949/operationalPoint/5be0613bb1;Mellansel;7;14.523;http://data.europa.eu/949/operationalPoint/fcbdb20239;Österalnö;http://publications.europa.eu/resource/authority/country/SWE;Sweden;;
http://data.europa.eu/949/sectionOfLine/93f32c7f7f;http://data.europa.eu/949/operationalPoint/6c7d95db69;Klevshult;84;10.798;http://data.europa.eu/949/operationalPoint/923ac6aa2f;Hörle;http://publications.europa.eu/resource/authority/country/SWE;Sweden;;
http://data.europa.eu/949/sectionOfLine/6709b5d69f;http://data.europa.eu/949/operationalPoint/6018ce6043;Jordbro;19;2.709;http://data.europa.eu/949/operationalPoint/6c6ea0a39f;Handen;http://publications.europa.eu/resource/authority/country/SWE;Sweden;;
http://data.europa.eu/949/sectionOfLine/140e3f26f3;http://data.europa.eu/949/operationalPoint/270520aa24;Juån;8;8.44;http://data.europa.eu/949/operationalPoint/60420f98e0;Östavall;http://publications.europa.eu/resource/authority/country/SWE;Sweden;;
http://data.europa.eu/949/sectionOfLine/30b4aaa040;http://data.europa.eu/949/operationalPoint/aed23ba60c;Stormyran;7;4.273;http://data.europa.eu/949/operationalPoint/ec254b3bea;Aspeå;http://publications.europa.eu/resource/authority/country/SWE;Sweden;;
http://data.europa.eu/949/sectionOfLine/09788341ea;http://data.europa.eu/949/operationalPoint/88fc639955;Tomteboda övre;22;2.18;http://data.europa.eu/949/operationalPoint/3d7d4dd577;Stockholm Odenplan;http://publications.europa.eu/resource/authority/country/SWE;Sweden;;
http://data.europa.eu/949/sectionOfLine/76edd9a46d;http://data.europa.eu/949/operationalPoint/3aff886da6;Loster;8;10.464;http://data.europa.eu/949/operationalPoint/0175d729d2;Hennan;http://publications.europa.eu/resource/authority/country/SWE;Sweden;;
http://data.europa.eu/949/sectionOfLine/f580c9e2c6;http://data.europa.eu/949/operationalPoint/085b84aaa1;Eskilstuna central;17;6.469;http://data.europa.eu/949/operationalPoint/bac92858c4;Folkesta;http://publications.europa.eu/resource/authority/country/SWE;Sweden;;
http://data.europa.eu/949/sectionOfLine/85e66a234a;http://data.europa.eu/949/operationalPoint/d5f39f7317;Upplands Väsby;5;3.401;http://data.europa.eu/949/operationalPoint/0e8cdaac2e;Skavstaby;http://publications.europa.eu/resource/authority/country/SWE;Sweden;;
http://data.europa.eu/949/sectionOfLine/fb3e69d859;http://data.europa.eu/949/operationalPoint/352d69d2f8;Barkarby;16;3.004;http://data.europa.eu/949/operationalPoint/5c430069d5;Jakobsberg;http://publications.europa.eu/resource/authority/country/SWE;Sweden;;
http://data.europa.eu/949/sectionOfLine/5f4257bcc2;http://data.europa.eu/949/operationalPoint/898496b705;Storlien;20;3.747;http://data.europa.eu/949/operationalPoint/04ee7c21e0;Storlien gränsen;http://publications.europa.eu/resource/authority/country/SWE;Sweden;;
http://data.europa.eu/949/sectionOfLine/d7cb4f4380;http://data.europa.eu/949/operationalPoint/208a637d91;Sandträsk;21;10.025;http://data.europa.eu/949/operationalPoint/1581598c17;Gullträsk;http://publications.europa.eu/resource/authority/country/SWE;Sweden;;
http://data.europa.eu/949/sectionOfLine/55dfb17393;http://data.europa.eu/949/operationalPoint/1de6a91a43;Eksjö;80;10.087;http://data.europa.eu/949/operationalPoint/0a850d4dc4;Hult;http://publications.europa.eu/resource/authority/country/SWE;Sweden;;
http://data.europa.eu/949/sectionOfLine/e548b5f863;http://data.europa.eu/949/operationalPoint/9f5d1fd81c;Storträsk;7;9.14;http://data.europa.eu/949/operationalPoint/a8077e2c35;Träskholm;http://publications.europa.eu/resource/authority/country/SWE;Sweden;;
http://data.europa.eu/949/sectionOfLine/72be83d8ee;http://data.europa.eu/949/operationalPoint/6beb0f1a6f;Ytterby;73;10.91;http://data.europa.eu/949/operationalPoint/882a697808;Kode;http://publications.europa.eu/resource/authority/country/SWE;Sweden;;
http://data.europa.eu/949/sectionOfLine/ebae45e789;http://data.europa.eu/949/operationalPoint/f35956a24e;Klingerud;12;2.313;http://data.europa.eu/949/operationalPoint/10a7964654;Stenåsen;http://publications.europa.eu/resource/authority/country/SWE;Sweden;;
http://data.europa.eu/949/sectionOfLine/6e72757b41;http://data.europa.eu/949/operationalPoint/cf82642948;Veddige;3;18.112;http://data.europa.eu/949/operationalPoint/fea2ef9aea;Varbergs godsbangård;http://publications.europa.eu/resource/authority/country/SWE;Sweden;;
http://data.europa.eu/949/sectionOfLine/4041ef596b;http://data.europa.eu/949/operationalPoint/e4b9e3f974;Mellby;2;8.124;http://data.europa.eu/949/operationalPoint/abec5a334c;Vätteryd;http://publications.europa.eu/resource/authority/country/SWE;Sweden;;
http://data.europa.eu/949/sectionOfLine/c9a2348a13;http://data.europa.eu/949/operationalPoint/693de6fd90;Krampen;9;9.889;http://data.europa.eu/949/operationalPoint/a73333029c;Näverkärret;http://publications.europa.eu/resource/authority/country/SWE;Sweden;;
http://data.europa.eu/949/sectionOfLine/f946303c05;http://data.europa.eu/949/operationalPoint/7820dcb154;Tillberga;16;5.508;http://data.europa.eu/949/operationalPoint/1c114df38f;Västerås norra;http://publications.europa.eu/resource/authority/country/SWE;Sweden;;
http://data.europa.eu/949/sectionOfLine/285884f0cb;http://data.europa.eu/949/operationalPoint/6fad009b5b;Storå;10;9.788;http://data.europa.eu/949/operationalPoint/a7c46726cb;Rällså;http://publications.europa.eu/resource/authority/country/SWE;Sweden;;
http://data.europa.eu/949/sectionOfLine/ae4ee90341;http://data.europa.eu/949/operationalPoint/25a8089b7a;Kilafors;8;17.03;http://data.europa.eu/949/operationalPoint/2d9762d565;Bollnäs;http://publications.europa.eu/resource/authority/country/SWE;Sweden;;
http://data.europa.eu/949/sectionOfLine/51b9577b33;http://data.europa.eu/949/operationalPoint/cd0b152d6c;Erikstad;11;2.986;http://data.europa.eu/949/operationalPoint/913c69043c;Skälebol;http://publications.europa.eu/resource/authority/country/SWE;Sweden;;
http://data.europa.eu/949/sectionOfLine/e8d6a9b070;http://data.europa.eu/949/operationalPoint/a700646e3d;Nelhammar;66;15.299;http://data.europa.eu/949/operationalPoint/0eca03ed6a;Överum;http://publications.europa.eu/resource/authority/country/SWE;Sweden;;
http://data.europa.eu/949/sectionOfLine/fe57f967f7;http://data.europa.eu/949/operationalPoint/5eb4f3ebf3;Långsele;7;7.614;http://data.europa.eu/949/operationalPoint/9af7bef61e;Österås;http://publications.europa.eu/resource/authority/country/SWE;Sweden;;
http://data.europa.eu/949/sectionOfLine/38e7f0d22b;http://data.europa.eu/949/operationalPoint/40d44e5b22;Kumla;9;7.944;http://data.europa.eu/949/operationalPoint/c3706609ed;Mosås;http://publications.europa.eu/resource/authority/country/SWE;Sweden;;
http://data.europa.eu/949/sectionOfLine/9aa7846c07;http://data.europa.eu/949/operationalPoint/a0259727e5;Pilgrimstad;20;17.815;http://data.europa.eu/949/operationalPoint/9eb6551716;Brunflo;http://publications.europa.eu/resource/authority/country/SWE;Sweden;;
http://data.europa.eu/949/sectionOfLine/34216176ed;http://data.europa.eu/949/operationalPoint/16ee09805c;Ed;11;12.141;http://data.europa.eu/949/operationalPoint/7e3f0b84f4;Mon;http://publications.europa.eu/resource/authority/country/SWE;Sweden;;
http://data.europa.eu/949/sectionOfLine/af148acbef;http://data.europa.eu/949/operationalPoint/76eeb5d1a2;Töva;20;8.012;http://data.europa.eu/949/operationalPoint/ebdd478eb5;Nacksta;http://publications.europa.eu/resource/authority/country/SWE;Sweden;;
http://data.europa.eu/949/sectionOfLine/2d9c96f5e1;http://data.europa.eu/949/operationalPoint/8234bc1749;Ovansjö;8;1.256;http://data.europa.eu/949/operationalPoint/a8f2644d21;Ångebyn;http://publications.europa.eu/resource/authority/country/SWE;Sweden;;
http://data.europa.eu/949/sectionOfLine/9dfafeecde;http://data.europa.eu/949/operationalPoint/010d05ebad;Marma;5;16.713;http://data.europa.eu/949/operationalPoint/6697ff03ab;Skutskär;http://publications.europa.eu/resource/authority/country/SWE;Sweden;;
http://data.europa.eu/949/sectionOfLine/be2a0a1351;http://data.europa.eu/949/operationalPoint/16a4356049;Iggesund;5;11.076;http://data.europa.eu/949/operationalPoint/92aa22786b;Hudiksvall;http://publications.europa.eu/resource/authority/country/SWE;Sweden;;
http://data.europa.eu/949/sectionOfLine/1fb292b81b;http://data.europa.eu/949/operationalPoint/e2640c245e;Broddbo;6;12.019;http://data.europa.eu/949/operationalPoint/97b0ccdf83;Rosshyttan;http://publications.europa.eu/resource/authority/country/SWE;Sweden;;
http://data.europa.eu/949/sectionOfLine/9e2fe7e4af;http://data.europa.eu/949/operationalPoint/3f91e96a21;Ålsäng;16;5.177;http://data.europa.eu/949/operationalPoint/ebc91f4d28;Jädersbruk;http://publications.europa.eu/resource/authority/country/SWE;Sweden;;
http://data.europa.eu/949/sectionOfLine/31d77fd25d;http://data.europa.eu/949/operationalPoint/6fc3f73606;Laxå;1;8.524;http://data.europa.eu/949/operationalPoint/8ff56593e8;Välevattnet;http://publications.europa.eu/resource/authority/country/SWE;Sweden;;
http://data.europa.eu/949/sectionOfLine/a314ddcace;http://data.europa.eu/949/operationalPoint/0436394488;Munkedal;73;9.76;http://data.europa.eu/949/operationalPoint/31dec8629a;Dingle;http://publications.europa.eu/resource/authority/country/SWE;Sweden;;
http://data.europa.eu/949/sectionOfLine/6b465559e2;http://data.europa.eu/949/operationalPoint/376c3a1f48;Maria;3;2.413;http://data.europa.eu/949/operationalPoint/55e26320d8;Pålsjö;http://publications.europa.eu/resource/authority/country/SWE;Sweden;;
http://data.europa.eu/949/sectionOfLine/93b3cc9198;http://data.europa.eu/949/operationalPoint/1454228e2b;Getå;2;5.417;http://data.europa.eu/949/operationalPoint/eee85a838a;Åby södra;http://publications.europa.eu/resource/authority/country/SWE;Sweden;;
http://data.europa.eu/949/sectionOfLine/bc03d2975e;http://data.europa.eu/949/operationalPoint/97840c1d07;Herrhult;10;2.567;http://data.europa.eu/949/operationalPoint/03ac0717a7;Nykroppa;http://publications.europa.eu/resource/authority/country/SWE;Sweden;;
http://data.europa.eu/949/sectionOfLine/a08a8b3b32;http://data.europa.eu/949/operationalPoint/8f71f1ef9f;Buddbyn;7;4.611;http://data.europa.eu/949/operationalPoint/44729f2992;Holmfors;http://publications.europa.eu/resource/authority/country/SWE;Sweden;;
http://data.europa.eu/949/sectionOfLine/b08ee9182b;http://data.europa.eu/949/operationalPoint/20966f766f;Bryngenäs;1;5.461;http://data.europa.eu/949/operationalPoint/d1bd24b716;Norsesund västra;http://publications.europa.eu/resource/authority/country/SWE;Sweden;;
http://data.europa.eu/949/sectionOfLine/30bff76483;http://data.europa.eu/949/operationalPoint/71c3081e46;Stävie;26;2.674;http://data.europa.eu/949/operationalPoint/fde1b2edbf;Flädie;http://publications.europa.eu/resource/authority/country/SWE;Sweden;;
http://data.europa.eu/949/sectionOfLine/1143b2aa9f;http://data.europa.eu/949/operationalPoint/658190ce84;Lyrestad;75;9.692;http://data.europa.eu/949/operationalPoint/a0a8301445;Hasslerör;http://publications.europa.eu/resource/authority/country/SWE;Sweden;;
http://data.europa.eu/949/sectionOfLine/f4e23a38cd;http://data.europa.eu/949/operationalPoint/2f3c5500bf;Gällivare central;21;8.94;http://data.europa.eu/949/operationalPoint/f27b343692;Koskullskulle;http://publications.europa.eu/resource/authority/country/SWE;Sweden;;
http://data.europa.eu/949/sectionOfLine/16a5533285;http://data.europa.eu/949/operationalPoint/ec62bad3d0;Hovsta;9;7.941;http://data.europa.eu/949/operationalPoint/5ef2b9fe60;Ervalla;http://publications.europa.eu/resource/authority/country/SWE;Sweden;;
http://data.europa.eu/949/sectionOfLine/a1f2531e50;http://data.europa.eu/949/operationalPoint/d235a8c2be;Årstaberg;22;2.613;http://data.europa.eu/949/operationalPoint/165ec787a8;Älvsjö;http://publications.europa.eu/resource/authority/country/SWE;Sweden;;
http://data.europa.eu/949/sectionOfLine/b1fa9f1401;http://data.europa.eu/949/operationalPoint/9fbe899d22;Sunne;70;20.991;http://data.europa.eu/949/operationalPoint/e1ab22ba9b;Lysvik;http://publications.europa.eu/resource/authority/country/SWE;Sweden;;
http://data.europa.eu/949/sectionOfLine/768cb3780e;http://data.europa.eu/949/operationalPoint/da2057c52d;Vansbro;53;11.265;http://data.europa.eu/949/operationalPoint/792aa3d330;Rågsveden;http://publications.europa.eu/resource/authority/country/SWE;Sweden;;
http://data.europa.eu/949/sectionOfLine/979c3a4e14;http://data.europa.eu/949/operationalPoint/36f06f1cfa;Villersmuren;10;4.289;http://data.europa.eu/949/operationalPoint/715882f733;Kungsgården;http://publications.europa.eu/resource/authority/country/SWE;Sweden;;
http://data.europa.eu/949/sectionOfLine/fb0864f2e1;http://data.europa.eu/949/operationalPoint/5f9f27f818;Alvesta;2;7.48;http://data.europa.eu/949/operationalPoint/c3ef21d5d5;Gemla;http://publications.europa.eu/resource/authority/country/SWE;Sweden;;
http://data.europa.eu/949/sectionOfLine/43d9cbedfd;http://data.europa.eu/949/operationalPoint/d948bc81ea;Flens övre;18;5.788;http://data.europa.eu/949/operationalPoint/12bfbb0d19;Mellösa;http://publications.europa.eu/resource/authority/country/SWE;Sweden;;
http://data.europa.eu/949/sectionOfLine/1b7c224383;http://data.europa.eu/949/operationalPoint/5b69c52e29;Södertälje syd övre;17;8.647;http://data.europa.eu/949/operationalPoint/ed26c97eb2;Almnäs;http://publications.europa.eu/resource/authority/country/SWE;Sweden;;
http://data.europa.eu/949/sectionOfLine/98855fe8df;http://data.europa.eu/949/operationalPoint/399aaa9d7c;Storvik;10;7.651;http://data.europa.eu/949/operationalPoint/29591d2d59;Åshammar;http://publications.europa.eu/resource/authority/country/SWE;Sweden;;
http://data.europa.eu/949/sectionOfLine/5fdb07e754;http://data.europa.eu/949/operationalPoint/54d29e8c8e;Arvika;12;9.595;http://data.europa.eu/949/operationalPoint/6514531a4e;Ottebol;http://publications.europa.eu/resource/authority/country/SWE;Sweden;;
http://data.europa.eu/949/sectionOfLine/57c8ad3612;http://data.europa.eu/949/operationalPoint/9a075a16b8;Dannemora;55;21.217;http://data.europa.eu/949/operationalPoint/cb9a1b24c8;Gimo;http://publications.europa.eu/resource/authority/country/SWE;Sweden;;
http://data.europa.eu/949/sectionOfLine/d355c769ee;http://data.europa.eu/949/operationalPoint/db1891da7d;Skogstorp;18;5.005;http://data.europa.eu/949/operationalPoint/085b84aaa1;Eskilstuna central;http://publications.europa.eu/resource/authority/country/SWE;Sweden;;
http://data.europa.eu/949/sectionOfLine/7e4899d7dc;http://data.europa.eu/949/operationalPoint/a52ab4f2c7;Sävedalen;23;1.207;http://data.europa.eu/949/operationalPoint/6eae9a5dbe;Sävenäs rangerbangård;http://publications.europa.eu/resource/authority/country/SWE;Sweden;;
http://data.europa.eu/949/sectionOfLine/0093634828;http://data.europa.eu/949/operationalPoint/bb17df8a2c;Triangeln;24;3.912;http://data.europa.eu/949/operationalPoint/2e81b964fd;Hyllie;http://publications.europa.eu/resource/authority/country/SWE;Sweden;;
http://data.europa.eu/949/sectionOfLine/944f56e428;http://data.europa.eu/949/operationalPoint/511d58eace;Forserum;14;2.375;http://data.europa.eu/949/operationalPoint/b01cf78741;Krökesbo;http://publications.europa.eu/resource/authority/country/SWE;Sweden;;
http://data.europa.eu/949/sectionOfLine/08a05081a4;http://data.europa.eu/949/operationalPoint/3e969c0159;Malmbäck;84;24.664;http://data.europa.eu/949/operationalPoint/de68de2167;Vaggeryd;http://publications.europa.eu/resource/authority/country/SWE;Sweden;;
http://data.europa.eu/949/sectionOfLine/1c02b5a1b0;http://data.europa.eu/949/operationalPoint/923ac6aa2f;Hörle;84;8.256;http://data.europa.eu/949/operationalPoint/46e4748cd5;Värnamo central;http://publications.europa.eu/resource/authority/country/SWE;Sweden;;
http://data.europa.eu/949/sectionOfLine/92497da2fc;http://data.europa.eu/949/operationalPoint/d812d79b73;Töreboda;1;11.973;http://data.europa.eu/949/operationalPoint/8501d75481;Moholm;http://publications.europa.eu/resource/authority/country/SWE;Sweden;;
http://data.europa.eu/949/sectionOfLine/244c56daff;http://data.europa.eu/949/operationalPoint/7991ece59b;Dagarn;9;9.212;http://data.europa.eu/949/operationalPoint/74854193bc;Skinnskatteberg;http://publications.europa.eu/resource/authority/country/SWE;Sweden;;
http://data.europa.eu/949/sectionOfLine/c073bf5a04;http://data.europa.eu/949/operationalPoint/247d24d81b;Säve;73;6.658;http://data.europa.eu/949/operationalPoint/6beb0f1a6f;Ytterby;http://publications.europa.eu/resource/authority/country/SWE;Sweden;;
http://data.europa.eu/949/sectionOfLine/42e7bd28f8;http://data.europa.eu/949/operationalPoint/649052a495;Nyhem;7;7.444;http://data.europa.eu/949/operationalPoint/cd73ef0f7e;Karlsberg;http://publications.europa.eu/resource/authority/country/SWE;Sweden;;
http://data.europa.eu/949/sectionOfLine/b64e3309a3;http://data.europa.eu/949/operationalPoint/3cf98b82a0;Hällenyland;31;9.742;http://data.europa.eu/949/operationalPoint/025ac50bdf;Härnösands central;http://publications.europa.eu/resource/authority/country/SWE;Sweden;;
http://data.europa.eu/949/sectionOfLine/c6265f6332;http://data.europa.eu/949/operationalPoint/f14d3fc0b7;Hjältevad;80;8.541;http://data.europa.eu/949/operationalPoint/34944f2269;Vallnäs;http://publications.europa.eu/resource/authority/country/SWE;Sweden;;
http://data.europa.eu/949/sectionOfLine/534403f8ba;http://data.europa.eu/949/operationalPoint/939669ec47;Högbränna;7;6.034;http://data.europa.eu/949/operationalPoint/f124b07374;Hörnsjö;http://publications.europa.eu/resource/authority/country/SWE;Sweden;;
http://data.europa.eu/949/sectionOfLine/1ac305ec02;http://data.europa.eu/949/operationalPoint/a334cc4db2;Vimmerby;65;3.052;http://data.europa.eu/949/operationalPoint/9d3b1a93b6;Vimmerby Hamra;http://publications.europa.eu/resource/authority/country/SWE;Sweden;;
http://data.europa.eu/949/sectionOfLine/f8ae9d50c6;http://data.europa.eu/949/operationalPoint/e35ce7ca95;Äggfors;20;3.042;http://data.europa.eu/949/operationalPoint/7cc0d20640;Mörsil;http://publications.europa.eu/resource/authority/country/SWE;Sweden;;
http://data.europa.eu/949/sectionOfLine/0b5b8b5465;http://data.europa.eu/949/operationalPoint/7f0b0dd69b;Ösmo;19;5.306;http://data.europa.eu/949/operationalPoint/8146e28974;Segersäng;http://publications.europa.eu/resource/authority/country/SWE;Sweden;;
http://data.europa.eu/949/sectionOfLine/0bfd764627;http://data.europa.eu/949/operationalPoint/66b05062ce;Nykvarn;17;6.613;http://data.europa.eu/949/operationalPoint/ee1befa664;Ryssjöbrink;http://publications.europa.eu/resource/authority/country/SWE;Sweden;;
http://data.europa.eu/949/sectionOfLine/5af6918687;http://data.europa.eu/949/operationalPoint/e266f2c9a5;Nattavaara;21;9.688;http://data.europa.eu/949/operationalPoint/2e281bbcc0;Kilvo;http://publications.europa.eu/resource/authority/country/SWE;Sweden;;
http://data.europa.eu/949/sectionOfLine/8242c5abdf;http://data.europa.eu/949/operationalPoint/c6610f45bc;Agnesberg;23;3.754;http://data.europa.eu/949/operationalPoint/f62dbb4620;Göteborg Marieholm;http://publications.europa.eu/resource/authority/country/SWE;Sweden;;
http://data.europa.eu/949/sectionOfLine/166bc82922;http://data.europa.eu/949/operationalPoint/42a45ec214;Olskroken;23;2.46;http://data.europa.eu/949/operationalPoint/1d280e14e6;Göteborg Kville;http://publications.europa.eu/resource/authority/country/SWE;Sweden;;
http://data.europa.eu/949/sectionOfLine/4675117758;http://data.europa.eu/949/operationalPoint/0bff62468e;Huvudsta;22;1.849;http://data.europa.eu/949/operationalPoint/9c3dc4e8a2;Sundbyberg;http://publications.europa.eu/resource/authority/country/SWE;Sweden;;
http://data.europa.eu/949/sectionOfLine/b76e661193;http://data.europa.eu/949/operationalPoint/d3a067b457;Borås central;4;12.06;http://data.europa.eu/949/operationalPoint/4964f6d2a3;Viskafors;http://publications.europa.eu/resource/authority/country/SWE;Sweden;;
http://data.europa.eu/949/sectionOfLine/f9ea5f81dc;http://data.europa.eu/949/operationalPoint/5b7b975a1f;Lovene;75;8.174;http://data.europa.eu/949/operationalPoint/32e87fcc99;Järpås;http://publications.europa.eu/resource/authority/country/SWE;Sweden;;
http://data.europa.eu/949/sectionOfLine/ca0b1af418;http://data.europa.eu/949/operationalPoint/a2b0cc5c1b;Falkenberg personstation;3;10.289;http://data.europa.eu/949/operationalPoint/c6e0bdecd8;Heberg;http://publications.europa.eu/resource/authority/country/SWE;Sweden;;
http://data.europa.eu/949/sectionOfLine/ebcae771f7;http://data.europa.eu/949/operationalPoint/88e32ca2b0;Hallsbergs personbangård;1;3.187;http://data.europa.eu/949/operationalPoint/53f73b22b3;Hallsbergs rangerbangård;http://publications.europa.eu/resource/authority/country/SWE;Sweden;;
http://data.europa.eu/949/sectionOfLine/414ee8e815;http://data.europa.eu/949/operationalPoint/125e9cc2a0;Polcirkeln;21;9.497;http://data.europa.eu/949/operationalPoint/8f3c94d886;Koskivaara;http://publications.europa.eu/resource/authority/country/SWE;Sweden;;
http://data.europa.eu/949/sectionOfLine/bd18193629;http://data.europa.eu/949/operationalPoint/d6fcd80838;Skillingaryd;84;8.679;http://data.europa.eu/949/operationalPoint/6c7d95db69;Klevshult;http://publications.europa.eu/resource/authority/country/SWE;Sweden;;
http://data.europa.eu/949/sectionOfLine/58ca71c0fa;http://data.europa.eu/949/operationalPoint/fd6639adfd;Falerum;66;9.33;http://data.europa.eu/949/operationalPoint/a700646e3d;Nelhammar;http://publications.europa.eu/resource/authority/country/SWE;Sweden;;
http://data.europa.eu/949/sectionOfLine/c3497d05b0;http://data.europa.eu/949/operationalPoint/aa43326b9c;Holmsveden;8;6.126;http://data.europa.eu/949/operationalPoint/2cf1b1a231;Röstbo;http://publications.europa.eu/resource/authority/country/SWE;Sweden;;
http://data.europa.eu/949/sectionOfLine/f89fed5ea6;http://data.europa.eu/949/operationalPoint/7503374ca6;Stegsskogen;5;8.174;http://data.europa.eu/949/operationalPoint/1ab2c0f390;Harmånger;http://publications.europa.eu/resource/authority/country/SWE;Sweden;;
http://data.europa.eu/949/sectionOfLine/eed33b7211;http://data.europa.eu/949/operationalPoint/766aa4411a;Kristianstad GBG;13;8.317;http://data.europa.eu/949/operationalPoint/5f8d68146c;Fjälkinge;http://publications.europa.eu/resource/authority/country/SWE;Sweden;;
http://data.europa.eu/949/sectionOfLine/c82c1ef965;http://data.europa.eu/949/operationalPoint/ed3be87e7d;Eslöv;2;4.279;http://data.europa.eu/949/operationalPoint/d1c30ed4d5;Dammstorp;http://publications.europa.eu/resource/authority/country/SWE;Sweden;;
http://data.europa.eu/949/sectionOfLine/56cb20526c;http://data.europa.eu/949/operationalPoint/e0ea6afe3a;Tanum;73;10.104;http://data.europa.eu/949/operationalPoint/7270ba19be;Kragenäs;http://publications.europa.eu/resource/authority/country/SWE;Sweden;;
http://data.europa.eu/949/sectionOfLine/78c63c5576;http://data.europa.eu/949/operationalPoint/0d9dd6d739;Hagge;10;9.971;http://data.europa.eu/949/operationalPoint/b4da821c9c;Ludvika;http://publications.europa.eu/resource/authority/country/SWE;Sweden;;
http://data.europa.eu/949/sectionOfLine/81fb0ca851;http://data.europa.eu/949/operationalPoint/d127f31f77;Hillerstorp;4;17.349;http://data.europa.eu/949/operationalPoint/46e4748cd5;Värnamo central;http://publications.europa.eu/resource/authority/country/SWE;Sweden;;
http://data.europa.eu/949/sectionOfLine/6c1dec906d;http://data.europa.eu/949/operationalPoint/6a65625a3a;Rynge;90;7.346;http://data.europa.eu/949/operationalPoint/b7dba2de77;Vilhelmsborg;http://publications.europa.eu/resource/authority/country/SWE;Sweden;;
http://data.europa.eu/949/sectionOfLine/507b95d048;http://data.europa.eu/949/operationalPoint/566952a251;Grums;11;9.864;http://data.europa.eu/949/operationalPoint/177e5ea8bc;Segmon;http://publications.europa.eu/resource/authority/country/SWE;Sweden;;
http://data.europa.eu/949/sectionOfLine/ce4fbb0ca8;http://data.europa.eu/949/operationalPoint/cb7baf0f77;Laholm västra;3;10.085;http://data.europa.eu/949/operationalPoint/2108b8c853;Båstad norra;http://publications.europa.eu/resource/authority/country/SWE;Sweden;;
http://data.europa.eu/949/sectionOfLine/91d3e536e7;http://data.europa.eu/949/operationalPoint/f59e9c9be9;Björna;7;11.839;http://data.europa.eu/949/operationalPoint/4d05efc6f9;Långviksmon;http://publications.europa.eu/resource/authority/country/SWE;Sweden;;
http://data.europa.eu/949/sectionOfLine/b10fa2efed;http://data.europa.eu/949/operationalPoint/ec717ae78f;Växjö;4;13.103;http://data.europa.eu/949/operationalPoint/dbdee76196;Åryd;http://publications.europa.eu/resource/authority/country/SWE;Sweden;;
http://data.europa.eu/949/sectionOfLine/3205f12272;http://data.europa.eu/949/operationalPoint/ebecce731d;Edane;12;14.911;http://data.europa.eu/949/operationalPoint/54d29e8c8e;Arvika;http://publications.europa.eu/resource/authority/country/SWE;Sweden;;
http://data.europa.eu/949/sectionOfLine/84cfb05ef1;http://data.europa.eu/949/operationalPoint/12a3e8101e;Ånge;8;13.817;http://data.europa.eu/949/operationalPoint/acab2c3eaf;Erikslund;http://publications.europa.eu/resource/authority/country/SWE;Sweden;;
http://data.europa.eu/949/sectionOfLine/9cf0d67020;http://data.europa.eu/949/operationalPoint/1324b2a7ab;Keräsjoki;29;10.983;http://data.europa.eu/949/operationalPoint/6f447a1b95;Haparanda södra;http://publications.europa.eu/resource/authority/country/SWE;Sweden;;
http://data.europa.eu/949/sectionOfLine/8bad9e0148;http://data.europa.eu/949/operationalPoint/166e75829a;Södra Vi;65;9.88;http://data.europa.eu/949/operationalPoint/a334cc4db2;Vimmerby;http://publications.europa.eu/resource/authority/country/SWE;Sweden;;
http://data.europa.eu/949/sectionOfLine/809a3f155a;http://data.europa.eu/949/operationalPoint/03ac0717a7;Nykroppa;10;7.829;http://data.europa.eu/949/operationalPoint/f2d3ac8a54;Daglösen;http://publications.europa.eu/resource/authority/country/SWE;Sweden;;
http://data.europa.eu/949/sectionOfLine/6bc7424579;http://data.europa.eu/949/operationalPoint/a364afdc91;Kringlan;5;5.619;http://data.europa.eu/949/operationalPoint/749c9be24e;Axmarby;http://publications.europa.eu/resource/authority/country/SWE;Sweden;;
http://data.europa.eu/949/sectionOfLine/83f71bcb5a;http://data.europa.eu/949/operationalPoint/1219d6ead9;Vännäs norra;7;6.907;http://data.europa.eu/949/operationalPoint/7a30084753;Tväråbäck;http://publications.europa.eu/resource/authority/country/SWE;Sweden;;
http://data.europa.eu/949/sectionOfLine/98f64734fa;http://data.europa.eu/949/operationalPoint/d354bf603e;Björnlunda;1;9.752;http://data.europa.eu/949/operationalPoint/04a59b8ebe;Stjärnhov;http://publications.europa.eu/resource/authority/country/SWE;Sweden;;
http://data.europa.eu/949/sectionOfLine/766f3e6148;http://data.europa.eu/949/operationalPoint/470c021a88;Östertälje;1;1.874;http://data.europa.eu/949/operationalPoint/803767c4bd;Södertälje hamn;http://publications.europa.eu/resource/authority/country/SWE;Sweden;;
http://data.europa.eu/949/sectionOfLine/8d3396c6de;http://data.europa.eu/949/operationalPoint/eee85a838a;Åby södra;2;7.806;http://data.europa.eu/949/operationalPoint/951eb1d8c4;Norrköpings central;http://publications.europa.eu/resource/authority/country/SWE;Sweden;;
http://data.europa.eu/949/sectionOfLine/7a4522efdd;http://data.europa.eu/949/operationalPoint/a51ccf796c;Brista;5;2.112;http://data.europa.eu/949/operationalPoint/dd94761251;Märsta;http://publications.europa.eu/resource/authority/country/SWE;Sweden;;
http://data.europa.eu/949/sectionOfLine/193e5f3db7;http://data.europa.eu/949/operationalPoint/803767c4bd;Södertälje hamn;1;1.943;http://data.europa.eu/949/operationalPoint/5621d70d8f;Södertälje centrum;http://publications.europa.eu/resource/authority/country/SWE;Sweden;;
http://data.europa.eu/949/sectionOfLine/5698a05dcc;http://data.europa.eu/949/operationalPoint/ccedda7787;Lakaträsk;21;11.624;http://data.europa.eu/949/operationalPoint/61b1591722;Näsberg;http://publications.europa.eu/resource/authority/country/SWE;Sweden;;
http://data.europa.eu/949/sectionOfLine/a3ba3a3857;http://data.europa.eu/949/operationalPoint/1424aaf700;Ulvstorp;2;9.125;http://data.europa.eu/949/operationalPoint/70d4febf73;Aleholm;http://publications.europa.eu/resource/authority/country/SWE;Sweden;;
http://data.europa.eu/949/sectionOfLine/20c02ee12d;http://data.europa.eu/949/operationalPoint/bec3bb1bd6;Gävle central;5;5.137;http://data.europa.eu/949/operationalPoint/10e2d9b50d;Hagaström;http://publications.europa.eu/resource/authority/country/SWE;Sweden;;
http://data.europa.eu/949/sectionOfLine/6b0122de74;http://data.europa.eu/949/operationalPoint/e76afc7bd6;Gastsjön;7;6.784;http://data.europa.eu/949/operationalPoint/5a340c3c68;Övsjö;http://publications.europa.eu/resource/authority/country/SWE;Sweden;;
http://data.europa.eu/949/sectionOfLine/b8d4c8f389;http://data.europa.eu/949/operationalPoint/d2453b2b53;Moheda;2;6.831;http://data.europa.eu/949/operationalPoint/8e3e946578;Gåvetorp;http://publications.europa.eu/resource/authority/country/SWE;Sweden;;
http://data.europa.eu/949/sectionOfLine/61f3c486ad;http://data.europa.eu/949/operationalPoint/eca81cd7b8;Helsingborgs godsbangård;32;6.952;http://data.europa.eu/949/operationalPoint/08cff355ac;Gantofta;http://publications.europa.eu/resource/authority/country/SWE;Sweden;;
http://data.europa.eu/949/sectionOfLine/7a2a6fb17c;http://data.europa.eu/949/operationalPoint/88e32ca2b0;Hallsbergs personbangård;9;7.179;http://data.europa.eu/949/operationalPoint/40d44e5b22;Kumla;http://publications.europa.eu/resource/authority/country/SWE;Sweden;;
http://data.europa.eu/949/sectionOfLine/8f3c4ba790;http://data.europa.eu/949/operationalPoint/21d463f843;Linddalen;1;9.304;http://data.europa.eu/949/operationalPoint/6fc3f73606;Laxå;http://publications.europa.eu/resource/authority/country/SWE;Sweden;;
http://data.europa.eu/949/sectionOfLine/a43ab459c2;http://data.europa.eu/949/operationalPoint/ed3696b16b;Ånimskog;11;12.773;http://data.europa.eu/949/operationalPoint/f2b67cf94e;Köpmannebro;http://publications.europa.eu/resource/authority/country/SWE;Sweden;;
http://data.europa.eu/949/sectionOfLine/f81158e304;http://data.europa.eu/949/operationalPoint/abfa6525eb;Utsikten;1;3.49;http://data.europa.eu/949/operationalPoint/99ec13fc30;Tumba;http://publications.europa.eu/resource/authority/country/SWE;Sweden;;
http://data.europa.eu/949/sectionOfLine/b16f4a6685;http://data.europa.eu/949/operationalPoint/08793836b0;Umeå östra;7;3.642;http://data.europa.eu/949/operationalPoint/d1528fd82a;Gimonäs;http://publications.europa.eu/resource/authority/country/SWE;Sweden;;
http://data.europa.eu/949/sectionOfLine/6acd775580;http://data.europa.eu/949/operationalPoint/b162223f0e;Spjutbäcken;69;25.617;http://data.europa.eu/949/operationalPoint/15fdc79260;Storfors;http://publications.europa.eu/resource/authority/country/SWE;Sweden;;
http://data.europa.eu/949/sectionOfLine/e53d899428;http://data.europa.eu/949/operationalPoint/1581598c17;Gullträsk;21;9.581;http://data.europa.eu/949/operationalPoint/ccedda7787;Lakaträsk;http://publications.europa.eu/resource/authority/country/SWE;Sweden;;
http://data.europa.eu/949/sectionOfLine/a30e8afbc9;http://data.europa.eu/949/operationalPoint/6a844ff364;Flemingsberg;1;3.506;http://data.europa.eu/949/operationalPoint/abfa6525eb;Utsikten;http://publications.europa.eu/resource/authority/country/SWE;Sweden;;
http://data.europa.eu/949/sectionOfLine/43a8163978;http://data.europa.eu/949/operationalPoint/19b3cb41b6;Ekolsund;16;7.901;http://data.europa.eu/949/operationalPoint/b849f155e7;Grillby;http://publications.europa.eu/resource/authority/country/SWE;Sweden;;
http://data.europa.eu/949/sectionOfLine/6db1f35b2d;http://data.europa.eu/949/operationalPoint/f0cdf74c1f;Mjölby;2;8.316;http://data.europa.eu/949/operationalPoint/eed7ee429b;Lindekullen;http://publications.europa.eu/resource/authority/country/SWE;Sweden;;
http://data.europa.eu/949/sectionOfLine/9810f4f500;http://data.europa.eu/949/operationalPoint/317fa995ee;Alby;8;7.912;http://data.europa.eu/949/operationalPoint/8234bc1749;Ovansjö;http://publications.europa.eu/resource/authority/country/SWE;Sweden;;
http://data.europa.eu/949/sectionOfLine/8073a21f69;http://data.europa.eu/949/operationalPoint/756b10de39;Motala central;9;9.374;http://data.europa.eu/949/operationalPoint/05ed6eff01;Fågelsta;http://publications.europa.eu/resource/authority/country/SWE;Sweden;;
http://data.europa.eu/949/sectionOfLine/76b51776a0;http://data.europa.eu/949/operationalPoint/2764a7e43b;Söråkers södra;31;13.047;http://data.europa.eu/949/operationalPoint/9e89352bd3;Hussjöby;http://publications.europa.eu/resource/authority/country/SWE;Sweden;;
http://data.europa.eu/949/sectionOfLine/b6a6d2d093;http://data.europa.eu/949/operationalPoint/bb813aa9e2;Gunnarn;99;28.862;http://data.europa.eu/949/operationalPoint/97b70b9b0d;TRV-IBAB border Storuman;http://publications.europa.eu/resource/authority/country/SWE;Sweden;;
http://data.europa.eu/949/sectionOfLine/1df9050495;http://data.europa.eu/949/operationalPoint/83b92b7e3a;Burlöv;24;1.062;http://data.europa.eu/949/operationalPoint/6bc53ff68d;Arlöv;http://publications.europa.eu/resource/authority/country/SWE;Sweden;;
http://data.europa.eu/949/sectionOfLine/eb9cb647e7;http://data.europa.eu/949/operationalPoint/f21c778609;Torneträsk;21;9.73;http://data.europa.eu/949/operationalPoint/58203fea33;Stenbacken;http://publications.europa.eu/resource/authority/country/SWE;Sweden;;
http://data.europa.eu/949/sectionOfLine/b120208634;http://data.europa.eu/949/operationalPoint/8d92eab032;Viarp;3;4.524;http://data.europa.eu/949/operationalPoint/bd3cf9fd9e;Barkåkra;http://publications.europa.eu/resource/authority/country/SWE;Sweden;;
http://data.europa.eu/949/sectionOfLine/b9d37e461a;http://data.europa.eu/949/operationalPoint/b6466acdec;Partille;23;2.323;http://data.europa.eu/949/operationalPoint/a52ab4f2c7;Sävedalen;http://publications.europa.eu/resource/authority/country/SWE;Sweden;;
http://data.europa.eu/949/sectionOfLine/391d751ea8;http://data.europa.eu/949/operationalPoint/1ef0d66e1f;Arbrå;8;5.433;http://data.europa.eu/949/operationalPoint/6a4f5c2803;Vallsta;http://publications.europa.eu/resource/authority/country/SWE;Sweden;;
http://data.europa.eu/949/sectionOfLine/a6dddecfe0;http://data.europa.eu/949/operationalPoint/e1ab22ba9b;Lysvik;70;20.359;http://data.europa.eu/949/operationalPoint/e5336da0de;Torsby;http://publications.europa.eu/resource/authority/country/SWE;Sweden;;
http://data.europa.eu/949/sectionOfLine/b2db8bce85;http://data.europa.eu/949/operationalPoint/e2e2638249;Husums norra;28;5.096;http://data.europa.eu/949/operationalPoint/3afb9f06b5;Könsa;http://publications.europa.eu/resource/authority/country/SWE;Sweden;;
http://data.europa.eu/949/sectionOfLine/0bb02aca57;http://data.europa.eu/949/operationalPoint/5e597ca1c2;Vindeln;7;12.655;http://data.europa.eu/949/operationalPoint/786396f988;Hällnäs;http://publications.europa.eu/resource/authority/country/SWE;Sweden;;
http://data.europa.eu/949/sectionOfLine/133e77f902;http://data.europa.eu/949/operationalPoint/2731e57259;Ängersjö;28;10.586;http://data.europa.eu/949/operationalPoint/12d08c58e7;Hössjön;http://publications.europa.eu/resource/authority/country/SWE;Sweden;;
http://data.europa.eu/949/sectionOfLine/f0038ce8a7;http://data.europa.eu/949/operationalPoint/a8f2644d21;Ångebyn;8;4.948;http://data.europa.eu/949/operationalPoint/12dc97c912;Moradal;http://publications.europa.eu/resource/authority/country/SWE;Sweden;;
http://data.europa.eu/949/sectionOfLine/2e60f68cb7;http://data.europa.eu/949/operationalPoint/43f28b3458;Sandviken;10;4.549;http://data.europa.eu/949/operationalPoint/36f06f1cfa;Villersmuren;http://publications.europa.eu/resource/authority/country/SWE;Sweden;;
http://data.europa.eu/949/sectionOfLine/ab18cf1d1e;http://data.europa.eu/949/operationalPoint/dd74a34278;Gamlestaden;23;1.149;http://data.europa.eu/949/operationalPoint/42a45ec214;Olskroken;http://publications.europa.eu/resource/authority/country/SWE;Sweden;;
http://data.europa.eu/949/sectionOfLine/a735573659;http://data.europa.eu/949/operationalPoint/81e3de0be9;Birsta;31;8.159;http://data.europa.eu/949/operationalPoint/ab2187e518;Timrå;http://publications.europa.eu/resource/authority/country/SWE;Sweden;;
http://data.europa.eu/949/sectionOfLine/53a932bca7;http://data.europa.eu/949/operationalPoint/2d406becdf;Älvsbyn;7;8.35;http://data.europa.eu/949/operationalPoint/4837893ca0;Laduberg;http://publications.europa.eu/resource/authority/country/SWE;Sweden;;
http://data.europa.eu/949/sectionOfLine/b0c33e58cc;http://data.europa.eu/949/operationalPoint/04a59b8ebe;Stjärnhov;1;8.17;http://data.europa.eu/949/operationalPoint/704a1ce8ec;Nyckelsjön;http://publications.europa.eu/resource/authority/country/SWE;Sweden;;
http://data.europa.eu/949/sectionOfLine/5fc4c8bebb;http://data.europa.eu/949/operationalPoint/6377425103;Abisko östra;21;9.563;http://data.europa.eu/949/operationalPoint/9751631408;Björkliden;http://publications.europa.eu/resource/authority/country/SWE;Sweden;;
http://data.europa.eu/949/sectionOfLine/c1992d5189;http://data.europa.eu/949/operationalPoint/786396f988;Hällnäs;7;13.022;http://data.europa.eu/949/operationalPoint/61dd0aa545;Yttersjön;http://publications.europa.eu/resource/authority/country/SWE;Sweden;;
http://data.europa.eu/949/sectionOfLine/4faafded81;http://data.europa.eu/949/operationalPoint/f1cf7dbf6d;Tungelsta;19;3.968;http://data.europa.eu/949/operationalPoint/5d6b79dc14;Västerhaninge;http://publications.europa.eu/resource/authority/country/SWE;Sweden;;
http://data.europa.eu/949/sectionOfLine/9b62efb4cc;http://data.europa.eu/949/operationalPoint/7e49860139;Valskog;16;8.906;http://data.europa.eu/949/operationalPoint/d5c9e72529;Köping;http://publications.europa.eu/resource/authority/country/SWE;Sweden;;
http://data.europa.eu/949/sectionOfLine/5e25eb4486;http://data.europa.eu/949/operationalPoint/f917f6ba15;Höör;2;10.536;http://data.europa.eu/949/operationalPoint/99e681236c;Stehag;http://publications.europa.eu/resource/authority/country/SWE;Sweden;;
http://data.europa.eu/949/sectionOfLine/5d4738bc10;http://data.europa.eu/949/operationalPoint/3afb9f06b5;Könsa;28;11.29;http://data.europa.eu/949/operationalPoint/155b13c6ae;Saluböle;http://publications.europa.eu/resource/authority/country/SWE;Sweden;;
http://data.europa.eu/949/sectionOfLine/6c36c55b9b;http://data.europa.eu/949/operationalPoint/b0c8612b8b;Svågertorp;24;3.496;http://data.europa.eu/949/operationalPoint/ecb6dc7c4c;Fosieby;http://publications.europa.eu/resource/authority/country/SWE;Sweden;;
http://data.europa.eu/949/sectionOfLine/8dab7a8dc8;http://data.europa.eu/949/operationalPoint/14bf3cb2a6;Harrå;21;13.361;http://data.europa.eu/949/operationalPoint/b46cbc1610;Fjällåsen;http://publications.europa.eu/resource/authority/country/SWE;Sweden;;
http://data.europa.eu/949/sectionOfLine/7422a0d114;http://data.europa.eu/949/operationalPoint/dbec299d0b;Tunneby;2;10.106;http://data.europa.eu/949/operationalPoint/2a8f11e3cd;Osby;http://publications.europa.eu/resource/authority/country/SWE;Sweden;;
http://data.europa.eu/949/sectionOfLine/1d9cc2fb0d;http://data.europa.eu/949/operationalPoint/896a924d61;Stenkumla;9;6.019;http://data.europa.eu/949/operationalPoint/70490b39ef;Löcknamon;http://publications.europa.eu/resource/authority/country/SWE;Sweden;;
http://data.europa.eu/949/sectionOfLine/149fc94e4e;http://data.europa.eu/949/operationalPoint/f124b07374;Hörnsjö;7;12.891;http://data.europa.eu/949/operationalPoint/973a5fe9c9;Degermyr;http://publications.europa.eu/resource/authority/country/SWE;Sweden;;
http://data.europa.eu/949/sectionOfLine/182849122d;http://data.europa.eu/949/operationalPoint/0e955f7058;Tösse;11;11.517;http://data.europa.eu/949/operationalPoint/ed3696b16b;Ånimskog;http://publications.europa.eu/resource/authority/country/SWE;Sweden;;
http://data.europa.eu/949/sectionOfLine/9a48560a1f;http://data.europa.eu/949/operationalPoint/53f73b22b3;Hallsbergs rangerbangård;1;7.286;http://data.europa.eu/949/operationalPoint/44346b477a;Skymossen;http://publications.europa.eu/resource/authority/country/SWE;Sweden;;
http://data.europa.eu/949/sectionOfLine/41c30c7936;http://data.europa.eu/949/operationalPoint/15177d625f;Häggvik;5;3.783;http://data.europa.eu/949/operationalPoint/c785e44b46;Rotebro;http://publications.europa.eu/resource/authority/country/SWE;Sweden;;
http://data.europa.eu/949/sectionOfLine/b7c2ce5eb4;http://data.europa.eu/949/operationalPoint/c5d9ba4699;Bromölla;88;7.745;http://data.europa.eu/949/operationalPoint/0c85a7358e;Sölvesborg;http://publications.europa.eu/resource/authority/country/SWE;Sweden;;
http://data.europa.eu/949/sectionOfLine/1e8ad56cf7;http://data.europa.eu/949/operationalPoint/5980fa868e;Helgum;7;9.406;http://data.europa.eu/949/operationalPoint/5eb4f3ebf3;Långsele;http://publications.europa.eu/resource/authority/country/SWE;Sweden;;
http://data.europa.eu/949/sectionOfLine/7769f415c7;http://data.europa.eu/949/operationalPoint/09a425bdce;Bjuv;13;4.078;http://data.europa.eu/949/operationalPoint/4a332c26a9;Mörarp;http://publications.europa.eu/resource/authority/country/SWE;Sweden;;
http://data.europa.eu/949/sectionOfLine/5de5c46a36;http://data.europa.eu/949/operationalPoint/c5c2334ddb;Holsbybrunn;82;20.955;http://data.europa.eu/949/operationalPoint/b712ce2f3a;Kvillsfors;http://publications.europa.eu/resource/authority/country/SWE;Sweden;;
http://data.europa.eu/949/sectionOfLine/630486601a;http://data.europa.eu/949/operationalPoint/1f833d50ff;Kilsmo;1;11.252;http://data.europa.eu/949/operationalPoint/84a1659043;Pålsboda;http://publications.europa.eu/resource/authority/country/SWE;Sweden;;
http://data.europa.eu/949/sectionOfLine/fd5199df32;http://data.europa.eu/949/operationalPoint/31de37cd88;Mörlunda;65;16.886;http://data.europa.eu/949/operationalPoint/e135935dfc;Berga;http://publications.europa.eu/resource/authority/country/SWE;Sweden;;
http://data.europa.eu/949/sectionOfLine/2d896c53ca;http://data.europa.eu/949/operationalPoint/24ec68094c;Åsbro;9;4.322;http://data.europa.eu/949/operationalPoint/896a924d61;Stenkumla;http://publications.europa.eu/resource/authority/country/SWE;Sweden;;
http://data.europa.eu/949/sectionOfLine/a18bb8907e;http://data.europa.eu/949/operationalPoint/d482b5c482;Rosersberg;5;3.004;http://data.europa.eu/949/operationalPoint/a51ccf796c;Brista;http://publications.europa.eu/resource/authority/country/SWE;Sweden;;
http://data.europa.eu/949/sectionOfLine/ad7c8c895f;http://data.europa.eu/949/operationalPoint/ff578f023a;Torbacken;11;8.084;http://data.europa.eu/949/operationalPoint/2c9ebdf089;Alvhem;http://publications.europa.eu/resource/authority/country/SWE;Sweden;;
http://data.europa.eu/949/sectionOfLine/d77eb1183a;http://data.europa.eu/949/operationalPoint/1d280e14e6;Göteborg Kville;23;10.457;http://data.europa.eu/949/operationalPoint/247d24d81b;Säve;http://publications.europa.eu/resource/authority/country/SWE;Sweden;;
http://data.europa.eu/949/sectionOfLine/65c58b8e84;http://data.europa.eu/949/operationalPoint/9e89352bd3;Hussjöby;31;8.77;http://data.europa.eu/949/operationalPoint/c06d6903d7;Häggsjön;http://publications.europa.eu/resource/authority/country/SWE;Sweden;;
http://data.europa.eu/949/sectionOfLine/e9fa908877;http://data.europa.eu/949/operationalPoint/3b23f68daa;Strångsjö;2;14.869;http://data.europa.eu/949/operationalPoint/c819d53678;Simonstorp;http://publications.europa.eu/resource/authority/country/SWE;Sweden;;
http://data.europa.eu/949/sectionOfLine/05f579a96d;http://data.europa.eu/949/operationalPoint/0d4ca3cd4e;Gubbero;23;1.898;http://data.europa.eu/949/operationalPoint/a0bc51d5da;Göteborgs Central;http://publications.europa.eu/resource/authority/country/SWE;Sweden;;
http://data.europa.eu/949/sectionOfLine/80c5da133e;http://data.europa.eu/949/operationalPoint/a679d654f3;Karlstad Välsviken;12;4.074;http://data.europa.eu/949/operationalPoint/cbf411cede;Karlstads östra;http://publications.europa.eu/resource/authority/country/SWE;Sweden;;
http://data.europa.eu/949/sectionOfLine/abaf4fdf77;http://data.europa.eu/949/operationalPoint/b4da821c9c;Ludvika;10;8.306;http://data.europa.eu/949/operationalPoint/02491dd698;Klenshyttan;http://publications.europa.eu/resource/authority/country/SWE;Sweden;;
http://data.europa.eu/949/sectionOfLine/55862a2695;http://data.europa.eu/949/operationalPoint/5a3de77b83;Avesta Krylbo;9;10.488;http://data.europa.eu/949/operationalPoint/33a33f419e;Hökmora;http://publications.europa.eu/resource/authority/country/SWE;Sweden;;
http://data.europa.eu/949/sectionOfLine/43a1a55ddc;http://data.europa.eu/949/operationalPoint/973220b288;Viresjö;66;5.622;http://data.europa.eu/949/operationalPoint/830f0a302d;Åtvidaberg;http://publications.europa.eu/resource/authority/country/SWE;Sweden;;
http://data.europa.eu/949/sectionOfLine/105590c121;http://data.europa.eu/949/operationalPoint/af724770fe;Backsjön;7;5.324;http://data.europa.eu/949/operationalPoint/fe65f705fe;Grönåsen;http://publications.europa.eu/resource/authority/country/SWE;Sweden;;
http://data.europa.eu/949/sectionOfLine/40316ab8ec;http://data.europa.eu/949/operationalPoint/dd6b0d2568;Granstanda;10;6.457;http://data.europa.eu/949/operationalPoint/f331461bdb;Hofors;http://publications.europa.eu/resource/authority/country/SWE;Sweden;;
http://data.europa.eu/949/sectionOfLine/df0fb7a9d9;http://data.europa.eu/949/operationalPoint/bfd4be2447;Brattheden;63;11.132;http://data.europa.eu/949/operationalPoint/3f5a2f2b87;Virsbo;http://publications.europa.eu/resource/authority/country/SWE;Sweden;;
http://data.europa.eu/949/sectionOfLine/fee34a49bd;http://data.europa.eu/949/operationalPoint/43334a97e2;Brålanda;11;8.395;http://data.europa.eu/949/operationalPoint/ce8af2108d;Frändefors;http://publications.europa.eu/resource/authority/country/SWE;Sweden;;
http://data.europa.eu/949/sectionOfLine/2ba120d15c;http://data.europa.eu/949/operationalPoint/5a3de77b83;Avesta Krylbo;9;11.666;http://data.europa.eu/949/operationalPoint/56c2f06cae;Snickarbo;http://publications.europa.eu/resource/authority/country/SWE;Sweden;;
http://data.europa.eu/949/sectionOfLine/1e7ee11f8a;http://data.europa.eu/949/operationalPoint/b7dba2de77;Vilhelmsborg;90;5.904;http://data.europa.eu/949/operationalPoint/0e05f4cb4d;Ystad;http://publications.europa.eu/resource/authority/country/SWE;Sweden;;
http://data.europa.eu/949/sectionOfLine/c267cf56e0;http://data.europa.eu/949/operationalPoint/4cedfa3393;Åstorp;13;6.21;http://data.europa.eu/949/operationalPoint/09a425bdce;Bjuv;http://publications.europa.eu/resource/authority/country/SWE;Sweden;;
http://data.europa.eu/949/sectionOfLine/99cbcecacb;http://data.europa.eu/949/operationalPoint/7f035bf363;Rockneby;65;21.352;http://data.europa.eu/949/operationalPoint/e034f84d4f;Blomstermåla;http://publications.europa.eu/resource/authority/country/SWE;Sweden;;
http://data.europa.eu/949/sectionOfLine/6c3fbe01d6;http://data.europa.eu/949/operationalPoint/e135935dfc;Berga;65;28.273;http://data.europa.eu/949/operationalPoint/45c6b76cbd;Oskarshamn;http://publications.europa.eu/resource/authority/country/SWE;Sweden;;
http://data.europa.eu/949/sectionOfLine/605a6e3a40;http://data.europa.eu/949/operationalPoint/44988bcce7;Strömsbro;5;3.886;http://data.europa.eu/949/operationalPoint/4133d29888;Hilleby;http://publications.europa.eu/resource/authority/country/SWE;Sweden;;
http://data.europa.eu/949/sectionOfLine/7decc4b7b6;http://data.europa.eu/949/operationalPoint/d23781c1ea;Mora central;6;0.867;http://data.europa.eu/949/operationalPoint/0e3889ca64;TRV-IBAB border Mora;http://publications.europa.eu/resource/authority/country/SWE;Sweden;;
http://data.europa.eu/949/sectionOfLine/db551442a7;http://data.europa.eu/949/operationalPoint/952f3ae57b;Fagersta central;9;12.913;http://data.europa.eu/949/operationalPoint/7991ece59b;Dagarn;http://publications.europa.eu/resource/authority/country/SWE;Sweden;;
http://data.europa.eu/949/sectionOfLine/d47ad649e0;http://data.europa.eu/949/operationalPoint/eb018a18c8;Bodens central;7;3.767;http://data.europa.eu/949/operationalPoint/ddcb03dc59;Södra Svartbyn;http://publications.europa.eu/resource/authority/country/SWE;Sweden;;
http://data.europa.eu/949/sectionOfLine/27f3b8a2a6;http://data.europa.eu/949/operationalPoint/448649d834;Kågeröd;26;10.157;http://data.europa.eu/949/operationalPoint/5ce044aee3;Svalöv;http://publications.europa.eu/resource/authority/country/SWE;Sweden;;
http://data.europa.eu/949/sectionOfLine/9542c2105f;http://data.europa.eu/949/operationalPoint/adfa1ca37e;Hillared;4;17.758;http://data.europa.eu/949/operationalPoint/d71005f2d8;Limmared;http://publications.europa.eu/resource/authority/country/SWE;Sweden;;
http://data.europa.eu/949/sectionOfLine/4689f5a553;http://data.europa.eu/949/operationalPoint/eed7ee429b;Lindekullen;2;8.169;http://data.europa.eu/949/operationalPoint/de2f1b94f7;Boxholm;http://publications.europa.eu/resource/authority/country/SWE;Sweden;;
http://data.europa.eu/949/sectionOfLine/2627a201c0;http://data.europa.eu/949/operationalPoint/e0760386cc;Långsjön;10;8.302;http://data.europa.eu/949/operationalPoint/b80ece6c99;Ryggen;http://publications.europa.eu/resource/authority/country/SWE;Sweden;;
http://data.europa.eu/949/sectionOfLine/a613dae7f4;http://data.europa.eu/949/operationalPoint/0d4ca3cd4e;Gubbero;23;1.113;http://data.europa.eu/949/operationalPoint/34c73a92c4;Liseberg;http://publications.europa.eu/resource/authority/country/SWE;Sweden;;
http://data.europa.eu/949/sectionOfLine/3d9648bc62;http://data.europa.eu/949/operationalPoint/7a7dae901e;Hjärup;2;1.888;http://data.europa.eu/949/operationalPoint/001a3bacf5;Åkarp;http://publications.europa.eu/resource/authority/country/SWE;Sweden;;
http://data.europa.eu/949/sectionOfLine/4d1b08f967;http://data.europa.eu/949/operationalPoint/c1463b5944;Eneryda;2;10.858;http://data.europa.eu/949/operationalPoint/14953fb4eb;Diö norra;http://publications.europa.eu/resource/authority/country/SWE;Sweden;;
http://data.europa.eu/949/sectionOfLine/b9771652ee;http://data.europa.eu/949/operationalPoint/ac876eeb19;Långbron;71;5.977;http://data.europa.eu/949/operationalPoint/873750b64d;Billingsfors;http://publications.europa.eu/resource/authority/country/SWE;Sweden;;
http://data.europa.eu/949/sectionOfLine/ad266c45e7;http://data.europa.eu/949/operationalPoint/31bea9157f;Sävast;7;8.569;http://data.europa.eu/949/operationalPoint/320f8ba37e;Norra Sunderbyn;http://publications.europa.eu/resource/authority/country/SWE;Sweden;;
http://data.europa.eu/949/sectionOfLine/55e3292eba;http://data.europa.eu/949/operationalPoint/a6bab55f38;Göteborg Lindholmen;23;1.542;http://data.europa.eu/949/operationalPoint/54090fc79c;Pölsebo;http://publications.europa.eu/resource/authority/country/SWE;Sweden;;
http://data.europa.eu/949/sectionOfLine/3ec4b175c6;http://data.europa.eu/949/operationalPoint/ee9b2aec69;Åmsele;44;18.709;http://data.europa.eu/949/operationalPoint/c9cd7364a0;Arvån;http://publications.europa.eu/resource/authority/country/SWE;Sweden;;
http://data.europa.eu/949/sectionOfLine/52c9c60e84;http://data.europa.eu/949/operationalPoint/0e8cdaac2e;Skavstaby;5;3.905;http://data.europa.eu/949/operationalPoint/d482b5c482;Rosersberg;http://publications.europa.eu/resource/authority/country/SWE;Sweden;;
http://data.europa.eu/949/sectionOfLine/2ef6de3f41;http://data.europa.eu/949/operationalPoint/1b8e9eaf7a;Hundsjön;29;13.035;http://data.europa.eu/949/operationalPoint/fbca1028f0;Niemisel;http://publications.europa.eu/resource/authority/country/SWE;Sweden;;
http://data.europa.eu/949/sectionOfLine/59176b5035;http://data.europa.eu/949/operationalPoint/a8077e2c35;Träskholm;7;10.84;http://data.europa.eu/949/operationalPoint/24970fcc8a;Myrheden;http://publications.europa.eu/resource/authority/country/SWE;Sweden;;
http://data.europa.eu/949/sectionOfLine/dcf9eac1c9;http://data.europa.eu/949/operationalPoint/bd3cf9fd9e;Barkåkra;3;5.692;http://data.europa.eu/949/operationalPoint/f4d138afe4;Ängelholm;http://publications.europa.eu/resource/authority/country/SWE;Sweden;;
http://data.europa.eu/949/sectionOfLine/05ed475840;http://data.europa.eu/949/operationalPoint/abec5a334c;Vätteryd;2;2.481;http://data.europa.eu/949/operationalPoint/bce4178477;Tjörnarp;http://publications.europa.eu/resource/authority/country/SWE;Sweden;;
http://data.europa.eu/949/sectionOfLine/a7165da932;http://data.europa.eu/949/operationalPoint/d0c632b534;Singsån;7;7.326;http://data.europa.eu/949/operationalPoint/17f8c145b0;Ragunda;http://publications.europa.eu/resource/authority/country/SWE;Sweden;;
http://data.europa.eu/949/sectionOfLine/aec32798db;http://data.europa.eu/949/operationalPoint/53a73369ec;Stockaryd;2;8.908;http://data.europa.eu/949/operationalPoint/66bc1c4e54;Rörvik;http://publications.europa.eu/resource/authority/country/SWE;Sweden;;
http://data.europa.eu/949/sectionOfLine/d6d31ae46d;http://data.europa.eu/949/operationalPoint/0a850d4dc4;Hult;80;13.837;http://data.europa.eu/949/operationalPoint/f14d3fc0b7;Hjältevad;http://publications.europa.eu/resource/authority/country/SWE;Sweden;;
http://data.europa.eu/949/sectionOfLine/ffb5e9e95e;http://data.europa.eu/949/operationalPoint/bab7303672;Herrljunga central;1;3.611;http://data.europa.eu/949/operationalPoint/9c9dd13139;Herrljunga västra;http://publications.europa.eu/resource/authority/country/SWE;Sweden;;
http://data.europa.eu/949/sectionOfLine/7e04e2bd99;http://data.europa.eu/949/operationalPoint/acab2c3eaf;Erikslund;20;4.837;http://data.europa.eu/949/operationalPoint/98e568379d;Callans såg;http://publications.europa.eu/resource/authority/country/SWE;Sweden;;
http://data.europa.eu/949/sectionOfLine/297fcd9dd9;http://data.europa.eu/949/operationalPoint/cc1d25b529;Domnarvet;6;1.664;http://data.europa.eu/949/operationalPoint/e749193892;Borlänge central;http://publications.europa.eu/resource/authority/country/SWE;Sweden;;
http://data.europa.eu/949/sectionOfLine/16b76d0202;http://data.europa.eu/949/operationalPoint/f09492944b;Teckomatorp;32;14.96;http://data.europa.eu/949/operationalPoint/ed3be87e7d;Eslöv;http://publications.europa.eu/resource/authority/country/SWE;Sweden;;
http://data.europa.eu/949/sectionOfLine/437a7814a5;http://data.europa.eu/949/operationalPoint/66a69e2bb8;Gårdsjö;1;8.762;http://data.europa.eu/949/operationalPoint/a8f27c10dc;Hova;http://publications.europa.eu/resource/authority/country/SWE;Sweden;;
http://data.europa.eu/949/sectionOfLine/3c456a14f3;http://data.europa.eu/949/operationalPoint/4b6b59d133;Graninge;7;10.44;http://data.europa.eu/949/operationalPoint/5980fa868e;Helgum;http://publications.europa.eu/resource/authority/country/SWE;Sweden;;
http://data.europa.eu/949/sectionOfLine/e43ae8ae98;http://data.europa.eu/949/operationalPoint/749c9be24e;Axmarby;5;11.874;http://data.europa.eu/949/operationalPoint/029a9ab706;Sunnäsbruk;http://publications.europa.eu/resource/authority/country/SWE;Sweden;;
http://data.europa.eu/949/sectionOfLine/7ff4d37d8f;http://data.europa.eu/949/operationalPoint/b9cc445180;Landskrona Östra;3;19.953;http://data.europa.eu/949/operationalPoint/d4fdb7e11e;Kävlinge;http://publications.europa.eu/resource/authority/country/SWE;Sweden;;
http://data.europa.eu/949/sectionOfLine/56d400cd58;http://data.europa.eu/949/operationalPoint/5ba29bd3bf;Älvsjö godsbangård;27;1.548;http://data.europa.eu/949/operationalPoint/165ec787a8;Älvsjö;http://publications.europa.eu/resource/authority/country/SWE;Sweden;;
http://data.europa.eu/949/sectionOfLine/9017aa64c7;http://data.europa.eu/949/operationalPoint/1e0f686470;Göteborg Sävenäs;23;1.459;http://data.europa.eu/949/operationalPoint/42a45ec214;Olskroken;http://publications.europa.eu/resource/authority/country/SWE;Sweden;;
http://data.europa.eu/949/sectionOfLine/cdda6dc7b5;http://data.europa.eu/949/operationalPoint/0636ea6aa4;Klostergården;2;4.417;http://data.europa.eu/949/operationalPoint/7a7dae901e;Hjärup;http://publications.europa.eu/resource/authority/country/SWE;Sweden;;
http://data.europa.eu/949/sectionOfLine/435510c433;http://data.europa.eu/949/operationalPoint/5988f3b190;Fredrikslund;4;11.158;http://data.europa.eu/949/operationalPoint/de6d97fe00;Trekanten;http://publications.europa.eu/resource/authority/country/SWE;Sweden;;
http://data.europa.eu/949/sectionOfLine/7c2f66068e;http://data.europa.eu/949/operationalPoint/aa25c57e62;Vänersborg central;15;4.796;http://data.europa.eu/949/operationalPoint/075c6412da;Vargön;http://publications.europa.eu/resource/authority/country/SWE;Sweden;;
http://data.europa.eu/949/sectionOfLine/2327d1aa6c;http://data.europa.eu/949/operationalPoint/a7af6eb548;Strömtorp;12;11.224;http://data.europa.eu/949/operationalPoint/263696647b;Björneborg;http://publications.europa.eu/resource/authority/country/SWE;Sweden;;
http://data.europa.eu/949/sectionOfLine/b367523cac;http://data.europa.eu/949/operationalPoint/de9c8dc5ce;Katrineholms central;1;8.434;http://data.europa.eu/949/operationalPoint/0fc6220e8f;Baggetorp;http://publications.europa.eu/resource/authority/country/SWE;Sweden;;
http://data.europa.eu/949/sectionOfLine/8fdedf24c0;http://data.europa.eu/949/operationalPoint/15fdc79260;Storfors;10;12.242;http://data.europa.eu/949/operationalPoint/03ac0717a7;Nykroppa;http://publications.europa.eu/resource/authority/country/SWE;Sweden;;
http://data.europa.eu/949/sectionOfLine/0c937704a3;http://data.europa.eu/949/operationalPoint/94e1b6c3cf;Tolikberget;21;8.574;http://data.europa.eu/949/operationalPoint/fb84382a74;Murjek;http://publications.europa.eu/resource/authority/country/SWE;Sweden;;
http://data.europa.eu/949/sectionOfLine/aa5decb74f;http://data.europa.eu/949/operationalPoint/dbdee76196;Åryd;4;11.266;http://data.europa.eu/949/operationalPoint/b08770c5e3;Hovmantorp;http://publications.europa.eu/resource/authority/country/SWE;Sweden;;
http://data.europa.eu/949/sectionOfLine/5e62f92e40;http://data.europa.eu/949/operationalPoint/f000d8d2b2;Tierp;5;9.177;http://data.europa.eu/949/operationalPoint/ca950be790;Orrskog;http://publications.europa.eu/resource/authority/country/SWE;Sweden;;
http://data.europa.eu/949/sectionOfLine/a044188ba0;http://data.europa.eu/949/operationalPoint/39b068e17e;Ådalsliden;46;13.717;http://data.europa.eu/949/operationalPoint/14ecc8e877;Betåsen;http://publications.europa.eu/resource/authority/country/SWE;Sweden;;
http://data.europa.eu/949/sectionOfLine/a2491dd2f5;http://data.europa.eu/949/operationalPoint/eb39b50add;Kisa;65;22.365;http://data.europa.eu/949/operationalPoint/a4d0115dcb;Gullringen;http://publications.europa.eu/resource/authority/country/SWE;Sweden;;
http://data.europa.eu/949/sectionOfLine/e6de9719a5;http://data.europa.eu/949/operationalPoint/c1c95cef85;Umeå godsbangård;7;2.201;http://data.europa.eu/949/operationalPoint/a65100c19e;Umeå central;http://publications.europa.eu/resource/authority/country/SWE;Sweden;;
http://data.europa.eu/949/sectionOfLine/4fbadac9fa;http://data.europa.eu/949/operationalPoint/aa70ce4856;Skytts Vemmerlöv;26;7.659;http://data.europa.eu/949/operationalPoint/1daebfb8b0;Trelleborg;http://publications.europa.eu/resource/authority/country/SWE;Sweden;;
http://data.europa.eu/949/sectionOfLine/ace6bc5263;http://data.europa.eu/949/operationalPoint/7d805f661f;Kolbäck;16;6.22;http://data.europa.eu/949/operationalPoint/773753b9b4;Hallstahammar;http://publications.europa.eu/resource/authority/country/SWE;Sweden;;
http://data.europa.eu/949/sectionOfLine/227a37ad60;http://data.europa.eu/949/operationalPoint/3552679211;Tystberga;2;12.182;http://data.europa.eu/949/operationalPoint/d39e1d1a5a;Sjösa;http://publications.europa.eu/resource/authority/country/SWE;Sweden;;
http://data.europa.eu/949/sectionOfLine/8fda047abd;http://data.europa.eu/949/operationalPoint/204a1232a3;Korsträsk;7;4.76;http://data.europa.eu/949/operationalPoint/13ccc95074;Nyfors;http://publications.europa.eu/resource/authority/country/SWE;Sweden;;
http://data.europa.eu/949/sectionOfLine/aef3dc36a6;http://data.europa.eu/949/operationalPoint/647adc99c1;Lekarekulle;3;10.127;http://data.europa.eu/949/operationalPoint/1d9858a659;Frillesås;http://publications.europa.eu/resource/authority/country/SWE;Sweden;;
http://data.europa.eu/949/sectionOfLine/5530777b40;http://data.europa.eu/949/operationalPoint/3f5a2f2b87;Virsbo;63;10.508;http://data.europa.eu/949/operationalPoint/b9cb3763d0;Ängelsberg;http://publications.europa.eu/resource/authority/country/SWE;Sweden;;
http://data.europa.eu/949/sectionOfLine/deb8df66fb;http://data.europa.eu/949/operationalPoint/b8c5fc9c72;Arnemark;42;24.957;http://data.europa.eu/949/operationalPoint/b064f75aba;Piteå;http://publications.europa.eu/resource/authority/country/SWE;Sweden;;
http://data.europa.eu/949/sectionOfLine/d027cdfcc3;http://data.europa.eu/949/operationalPoint/34944f2269;Vallnäs;80;7.147;http://data.europa.eu/949/operationalPoint/4037f3ed99;Mariannelund;http://publications.europa.eu/resource/authority/country/SWE;Sweden;;
http://data.europa.eu/949/sectionOfLine/6b96016330;http://data.europa.eu/949/operationalPoint/9eb6551716;Brunflo;20;7.92;http://data.europa.eu/949/operationalPoint/44bed15ecd;Ope;http://publications.europa.eu/resource/authority/country/SWE;Sweden;;
http://data.europa.eu/949/sectionOfLine/3f4af1acc7;http://data.europa.eu/949/operationalPoint/cb9a1b24c8;Gimo;55;16.56;http://data.europa.eu/949/operationalPoint/8914c42863;Hargshamn;http://publications.europa.eu/resource/authority/country/SWE;Sweden;;
http://data.europa.eu/949/sectionOfLine/9b0069d2a9;http://data.europa.eu/949/operationalPoint/c5b2415d6e;Tallåsen;8;10.059;http://data.europa.eu/949/operationalPoint/3aff886da6;Loster;http://publications.europa.eu/resource/authority/country/SWE;Sweden;;
http://data.europa.eu/949/sectionOfLine/7ae49a1066;http://data.europa.eu/949/operationalPoint/97c5e3a3cf;Bälgviken;18;4.789;http://data.europa.eu/949/operationalPoint/112fc89d30;Hållsta;http://publications.europa.eu/resource/authority/country/SWE;Sweden;;
http://data.europa.eu/949/sectionOfLine/2128ae64ac;http://data.europa.eu/949/operationalPoint/c609dbe996;Algutsgården;1;10.524;http://data.europa.eu/949/operationalPoint/7eeae69904;Alingsås;http://publications.europa.eu/resource/authority/country/SWE;Sweden;;
http://data.europa.eu/949/sectionOfLine/c3ba2c7181;http://data.europa.eu/949/operationalPoint/d1c30ed4d5;Dammstorp;2;3.508;http://data.europa.eu/949/operationalPoint/bcf2f65adf;Örtofta;http://publications.europa.eu/resource/authority/country/SWE;Sweden;;
http://data.europa.eu/949/sectionOfLine/d51c5b36e8;http://data.europa.eu/949/operationalPoint/7b29f087c1;Billeberga;32;5.991;http://data.europa.eu/949/operationalPoint/f09492944b;Teckomatorp;http://publications.europa.eu/resource/authority/country/SWE;Sweden;;
http://data.europa.eu/949/sectionOfLine/34728179ea;http://data.europa.eu/949/operationalPoint/3bd8962e30;Ralingsås;2;10.232;http://data.europa.eu/949/operationalPoint/05162ab39b;Flisby;http://publications.europa.eu/resource/authority/country/SWE;Sweden;;
http://data.europa.eu/949/sectionOfLine/22dccd5a1d;http://data.europa.eu/949/operationalPoint/6a844ff364;Flemingsberg;1;2.092;http://data.europa.eu/949/operationalPoint/a1be81ccca;Björnkulla;http://publications.europa.eu/resource/authority/country/SWE;Sweden;;
http://data.europa.eu/949/sectionOfLine/06a56dae26;http://data.europa.eu/949/operationalPoint/cf97c77ec6;Mullsjö;14;12.719;http://data.europa.eu/949/operationalPoint/92545ee5fb;Habo;http://publications.europa.eu/resource/authority/country/SWE;Sweden;;
http://data.europa.eu/949/sectionOfLine/1be1522b2a;http://data.europa.eu/949/operationalPoint/32bdc256a6;Brännarp;3;10.369;http://data.europa.eu/949/operationalPoint/f2a00f13d1;Biskopstorp;http://publications.europa.eu/resource/authority/country/SWE;Sweden;;
http://data.europa.eu/949/sectionOfLine/b20073bd4f;http://data.europa.eu/949/operationalPoint/bbaa012da3;Jonsered östra;1;5.528;http://data.europa.eu/949/operationalPoint/b6466acdec;Partille;http://publications.europa.eu/resource/authority/country/SWE;Sweden;;
http://data.europa.eu/949/sectionOfLine/2a5f9afacf;http://data.europa.eu/949/operationalPoint/c9cd7364a0;Arvån;44;12.817;http://data.europa.eu/949/operationalPoint/ecad3c748e;Lycksele timmer;http://publications.europa.eu/resource/authority/country/SWE;Sweden;;
http://data.europa.eu/949/sectionOfLine/2015bcddb3;http://data.europa.eu/949/operationalPoint/a298934afa;Önnestad;13;4.837;http://data.europa.eu/949/operationalPoint/0ae47c76e3;Karpalund;http://publications.europa.eu/resource/authority/country/SWE;Sweden;;
http://data.europa.eu/949/sectionOfLine/0dc5b3ce42;http://data.europa.eu/949/operationalPoint/2c9ebdf089;Alvhem;11;6.888;http://data.europa.eu/949/operationalPoint/53700474a3;Älvängen;http://publications.europa.eu/resource/authority/country/SWE;Sweden;;
http://data.europa.eu/949/sectionOfLine/573ade13eb;http://data.europa.eu/949/operationalPoint/8ff56593e8;Välevattnet;1;4.798;http://data.europa.eu/949/operationalPoint/15469ca74a;Finnerödja;http://publications.europa.eu/resource/authority/country/SWE;Sweden;;
http://data.europa.eu/949/sectionOfLine/f973d28b42;http://data.europa.eu/949/operationalPoint/045a017531;Tobo;5;6.554;http://data.europa.eu/949/operationalPoint/59bab71781;Skärpan;http://publications.europa.eu/resource/authority/country/SWE;Sweden;;
http://data.europa.eu/949/sectionOfLine/aa0435bddc;http://data.europa.eu/949/operationalPoint/8bd763a730;Gåsträsken;29;15.323;http://data.europa.eu/949/operationalPoint/3d4c1e77b7;Sågbäcken;http://publications.europa.eu/resource/authority/country/SWE;Sweden;;
http://data.europa.eu/949/sectionOfLine/271334762a;http://data.europa.eu/949/operationalPoint/f09492944b;Teckomatorp;32;9.322;http://data.europa.eu/949/operationalPoint/d4fdb7e11e;Kävlinge;http://publications.europa.eu/resource/authority/country/SWE;Sweden;;
http://data.europa.eu/949/sectionOfLine/bc35fcfe6a;http://data.europa.eu/949/operationalPoint/0a792e4f35;Samnan;5;5.788;http://data.europa.eu/949/operationalPoint/a56f5a3328;Storvreta;http://publications.europa.eu/resource/authority/country/SWE;Sweden;;
http://data.europa.eu/949/sectionOfLine/538ca86bfe;http://data.europa.eu/949/operationalPoint/08cff355ac;Gantofta;32;4.607;http://data.europa.eu/949/operationalPoint/e3231ca160;Vallåkra;http://publications.europa.eu/resource/authority/country/SWE;Sweden;;
http://data.europa.eu/949/sectionOfLine/7b5f3c910f;http://data.europa.eu/949/operationalPoint/ebd383909c;Myra;5;10.072;http://data.europa.eu/949/operationalPoint/6555dc66a1;Boda;http://publications.europa.eu/resource/authority/country/SWE;Sweden;;
http://data.europa.eu/949/sectionOfLine/50baa691e3;http://data.europa.eu/949/operationalPoint/b1b0a5f402;Eldsberga;3;3.071;http://data.europa.eu/949/operationalPoint/ab420260b4;Genevad;http://publications.europa.eu/resource/authority/country/SWE;Sweden;;
http://data.europa.eu/949/sectionOfLine/0e5c03f456;http://data.europa.eu/949/operationalPoint/81e3de0be9;Birsta;31;6.22;http://data.europa.eu/949/operationalPoint/5582babccd;Fillan;http://publications.europa.eu/resource/authority/country/SWE;Sweden;;
http://data.europa.eu/949/sectionOfLine/bdcef367be;http://data.europa.eu/949/operationalPoint/d299cd6b1d;Björnsjö;7;9.374;http://data.europa.eu/949/operationalPoint/f59e9c9be9;Björna;http://publications.europa.eu/resource/authority/country/SWE;Sweden;;
http://data.europa.eu/949/sectionOfLine/daa61649b4;http://data.europa.eu/949/operationalPoint/e1d3be26dd;Nyåker;7;3.718;http://data.europa.eu/949/operationalPoint/d0a91c0192;Öreälv;http://publications.europa.eu/resource/authority/country/SWE;Sweden;;
http://data.europa.eu/949/sectionOfLine/769a25334d;http://data.europa.eu/949/operationalPoint/32d9df98ee;Mariestad;75;11.284;http://data.europa.eu/949/operationalPoint/fc57ceb9ea;Lugnås;http://publications.europa.eu/resource/authority/country/SWE;Sweden;;
http://data.europa.eu/949/sectionOfLine/e2f6ac7adc;http://data.europa.eu/949/operationalPoint/29591d2d59;Åshammar;8;8.698;http://data.europa.eu/949/operationalPoint/83fbeb8ff1;Järbo;http://publications.europa.eu/resource/authority/country/SWE;Sweden;;
http://data.europa.eu/949/sectionOfLine/b0cfb42d77;http://data.europa.eu/949/operationalPoint/768651e49f;Trångsviken;20;10.529;http://data.europa.eu/949/operationalPoint/c3a7177021;Mattmar;http://publications.europa.eu/resource/authority/country/SWE;Sweden;;
http://data.europa.eu/949/sectionOfLine/69eb352111;http://data.europa.eu/949/operationalPoint/9d04a007f9;Finja;13;6.573;http://data.europa.eu/949/operationalPoint/570b1dd4dd;Tyringe;http://publications.europa.eu/resource/authority/country/SWE;Sweden;;
http://data.europa.eu/949/sectionOfLine/639480848e;http://data.europa.eu/949/operationalPoint/bcf2f65adf;Örtofta;2;5.961;http://data.europa.eu/949/operationalPoint/445054ce7a;Tornhill;http://publications.europa.eu/resource/authority/country/SWE;Sweden;;
http://data.europa.eu/949/sectionOfLine/b673c67ae8;http://data.europa.eu/949/operationalPoint/c802c10418;Bjurå;29;12.554;http://data.europa.eu/949/operationalPoint/8bd763a730;Gåsträsken;http://publications.europa.eu/resource/authority/country/SWE;Sweden;;
http://data.europa.eu/949/sectionOfLine/24676d897e;http://data.europa.eu/949/operationalPoint/43132c1058;Dånviken;1;3.563;http://data.europa.eu/949/operationalPoint/470c021a88;Östertälje;http://publications.europa.eu/resource/authority/country/SWE;Sweden;;
http://data.europa.eu/949/sectionOfLine/015a9bffe9;http://data.europa.eu/949/operationalPoint/64f04f8773;Råsjön;71;8.049;http://data.europa.eu/949/operationalPoint/da822dd4a2;Tisselskog;http://publications.europa.eu/resource/authority/country/SWE;Sweden;;
http://data.europa.eu/949/sectionOfLine/1457dbe6c9;http://data.europa.eu/949/operationalPoint/a64c27d127;Hindås;4;7.422;http://data.europa.eu/949/operationalPoint/2681e004ae;Rävlanda;http://publications.europa.eu/resource/authority/country/SWE;Sweden;;
http://data.europa.eu/949/sectionOfLine/39a38f2bf5;http://data.europa.eu/949/operationalPoint/df9bee44ea;Mobodarne;49;9.685;http://data.europa.eu/949/operationalPoint/1119624c71;Marmaverken;http://publications.europa.eu/resource/authority/country/SWE;Sweden;;
http://data.europa.eu/949/sectionOfLine/f85ed5dd09;http://data.europa.eu/949/operationalPoint/05162ab39b;Flisby;2;11.548;http://data.europa.eu/949/operationalPoint/77a84d1865;Vimnarp;http://publications.europa.eu/resource/authority/country/SWE;Sweden;;
http://data.europa.eu/949/sectionOfLine/1f0ac224c3;http://data.europa.eu/949/operationalPoint/f3870c1b3f;TRV-IBAB border Brunflo;20;2.289;http://data.europa.eu/949/operationalPoint/9eb6551716;Brunflo;http://publications.europa.eu/resource/authority/country/SWE;Sweden;;
http://data.europa.eu/949/sectionOfLine/8e2728e0fa;http://data.europa.eu/949/operationalPoint/41c83748bd;Kälvattnet;7;10.077;http://data.europa.eu/949/operationalPoint/989d64c92d;Anundsjö;http://publications.europa.eu/resource/authority/country/SWE;Sweden;;
http://data.europa.eu/949/sectionOfLine/78d63aa8b3;http://data.europa.eu/949/operationalPoint/f02ceacc6e;Västeraspby;31;7.58;http://data.europa.eu/949/operationalPoint/9a09c64c2d;Solum;http://publications.europa.eu/resource/authority/country/SWE;Sweden;;
http://data.europa.eu/949/sectionOfLine/3d48b062cc;http://data.europa.eu/949/operationalPoint/56f39834ae;Skeppshult;84;8.106;http://data.europa.eu/949/operationalPoint/2ff4d33041;Landeryd;http://publications.europa.eu/resource/authority/country/SWE;Sweden;;
http://data.europa.eu/949/sectionOfLine/4db9ea3e33;http://data.europa.eu/949/operationalPoint/15578aa99d;Örnsköldsviks central;28;2.416;http://data.europa.eu/949/operationalPoint/bbc67c354e;Örnsköldsvik norra;http://publications.europa.eu/resource/authority/country/SWE;Sweden;;
http://data.europa.eu/949/sectionOfLine/574c6d2d14;http://data.europa.eu/949/operationalPoint/11606a5808;Ryr;15;8.956;http://data.europa.eu/949/operationalPoint/e48e0db7dc;Öxnered;http://publications.europa.eu/resource/authority/country/SWE;Sweden;;
http://data.europa.eu/949/sectionOfLine/5a09fa7701;http://data.europa.eu/949/operationalPoint/e1082b3430;Kjula;17;10.103;http://data.europa.eu/949/operationalPoint/085b84aaa1;Eskilstuna central;http://publications.europa.eu/resource/authority/country/SWE;Sweden;;
http://data.europa.eu/949/sectionOfLine/a6075ead1e;http://data.europa.eu/949/operationalPoint/b4f9f42e75;Skästra;8;10.584;http://data.europa.eu/949/operationalPoint/de2c0ba6be;Ljusdal;http://publications.europa.eu/resource/authority/country/SWE;Sweden;;
http://data.europa.eu/949/sectionOfLine/2a7832d13e;http://data.europa.eu/949/operationalPoint/1316c8820c;Rämshyttan;10;9.412;http://data.europa.eu/949/operationalPoint/4fb868c389;Gräsberg;http://publications.europa.eu/resource/authority/country/SWE;Sweden;;
http://data.europa.eu/949/sectionOfLine/3241208bc8;http://data.europa.eu/949/operationalPoint/0175d729d2;Hennan;8;6.73;http://data.europa.eu/949/operationalPoint/a420033d68;Hälsingenybo;http://publications.europa.eu/resource/authority/country/SWE;Sweden;;
http://data.europa.eu/949/sectionOfLine/adf0561347;http://data.europa.eu/949/operationalPoint/7704f0efa4;Järna;1;8.245;http://data.europa.eu/949/operationalPoint/2c8b302846;Hölö;http://publications.europa.eu/resource/authority/country/SWE;Sweden;;
http://data.europa.eu/949/sectionOfLine/9ba72b30dc;http://data.europa.eu/949/operationalPoint/b3fe10ae6d;Nybro;4;2.65;http://data.europa.eu/949/operationalPoint/5988f3b190;Fredrikslund;http://publications.europa.eu/resource/authority/country/SWE;Sweden;;
http://data.europa.eu/949/sectionOfLine/47359d84bd;http://data.europa.eu/949/operationalPoint/ed26c97eb2;Almnäs;17;4.598;http://data.europa.eu/949/operationalPoint/66b05062ce;Nykvarn;http://publications.europa.eu/resource/authority/country/SWE;Sweden;;
http://data.europa.eu/949/sectionOfLine/232838f0f7;http://data.europa.eu/949/operationalPoint/06c9a53e53;Fristad;15;9.786;http://data.europa.eu/949/operationalPoint/ff94830d37;Nordskogen;http://publications.europa.eu/resource/authority/country/SWE;Sweden;;
http://data.europa.eu/949/sectionOfLine/ceb0ab1a42;http://data.europa.eu/949/operationalPoint/b61b343205;Vikingstad;2;9.377;http://data.europa.eu/949/operationalPoint/541d4f79c2;Mantorp;http://publications.europa.eu/resource/authority/country/SWE;Sweden;;
http://data.europa.eu/949/sectionOfLine/fb0e1c1c3a;http://data.europa.eu/949/operationalPoint/ad6539df6e;Järlövsby;77;1.977;http://data.europa.eu/949/operationalPoint/cf82642948;Veddige;http://publications.europa.eu/resource/authority/country/SWE;Sweden;;
http://data.europa.eu/949/sectionOfLine/41cf928e78;http://data.europa.eu/949/operationalPoint/2607fc1637;Lockarp;90;7.974;http://data.europa.eu/949/operationalPoint/bf995c9e47;Skabersjö;http://publications.europa.eu/resource/authority/country/SWE;Sweden;;
http://data.europa.eu/949/sectionOfLine/acd42dd62d;http://data.europa.eu/949/operationalPoint/d2c6cbbd7c;Tågarp;32;6.285;http://data.europa.eu/949/operationalPoint/7b29f087c1;Billeberga;http://publications.europa.eu/resource/authority/country/SWE;Sweden;;
http://data.europa.eu/949/sectionOfLine/135f7e3af3;http://data.europa.eu/949/operationalPoint/c7b00cca3a;Vetlanda;82;1.763;http://data.europa.eu/949/operationalPoint/88a829750d;Brunnsgård;http://publications.europa.eu/resource/authority/country/SWE;Sweden;;
http://data.europa.eu/949/sectionOfLine/0651c2a4c9;http://data.europa.eu/949/operationalPoint/b170a51e43;Vassijaure;21;7.431;http://data.europa.eu/949/operationalPoint/88624dd283;Riksgränsen Vj-Bjf;http://publications.europa.eu/resource/authority/country/SWE;Sweden;;
http://data.europa.eu/949/sectionOfLine/f32170a42b;http://data.europa.eu/949/operationalPoint/70d4febf73;Aleholm;2;11.016;http://data.europa.eu/949/operationalPoint/53a73369ec;Stockaryd;http://publications.europa.eu/resource/authority/country/SWE;Sweden;;
http://data.europa.eu/949/sectionOfLine/0d72cf15a5;http://data.europa.eu/949/operationalPoint/1c114df38f;Västerås norra;16;4.662;http://data.europa.eu/949/operationalPoint/c893e7aaab;Västerås central;http://publications.europa.eu/resource/authority/country/SWE;Sweden;;
http://data.europa.eu/949/sectionOfLine/9ce0593cdc;http://data.europa.eu/949/operationalPoint/f62dbb4620;Göteborg Marieholm;23;3.334;http://data.europa.eu/949/operationalPoint/42a45ec214;Olskroken;http://publications.europa.eu/resource/authority/country/SWE;Sweden;;
http://data.europa.eu/949/sectionOfLine/7a789aecc5;http://data.europa.eu/949/operationalPoint/99c126b50d;Trödje;5;12.548;http://data.europa.eu/949/operationalPoint/2be37b1695;Hamrångefjärden;http://publications.europa.eu/resource/authority/country/SWE;Sweden;;
http://data.europa.eu/949/sectionOfLine/3eed0b523f;http://data.europa.eu/949/operationalPoint/b791f2d8ff;Spånga;16;3.08;http://data.europa.eu/949/operationalPoint/352d69d2f8;Barkarby;http://publications.europa.eu/resource/authority/country/SWE;Sweden;;
http://data.europa.eu/949/sectionOfLine/6e8228c7eb;http://data.europa.eu/949/operationalPoint/31df928b4b;Leksand;6;5.129;http://data.europa.eu/949/operationalPoint/f5c4c4c926;Leksboda;http://publications.europa.eu/resource/authority/country/SWE;Sweden;;
http://data.europa.eu/949/sectionOfLine/1c45740b7a;http://data.europa.eu/949/operationalPoint/4cfcfc05a0;Mölnlycke;4;12.043;http://data.europa.eu/949/operationalPoint/0b138a5b9d;Härryda;http://publications.europa.eu/resource/authority/country/SWE;Sweden;;
http://data.europa.eu/949/sectionOfLine/840ae2f365;http://data.europa.eu/949/operationalPoint/46e4748cd5;Värnamo central;4;2.658;http://data.europa.eu/949/operationalPoint/c23efacbba;Rörstorp;http://publications.europa.eu/resource/authority/country/SWE;Sweden;;
http://data.europa.eu/949/sectionOfLine/b022d7afe5;http://data.europa.eu/949/operationalPoint/a4d0115dcb;Gullringen;65;9.215;http://data.europa.eu/949/operationalPoint/166e75829a;Södra Vi;http://publications.europa.eu/resource/authority/country/SWE;Sweden;;
http://data.europa.eu/949/sectionOfLine/0975adea9b;http://data.europa.eu/949/operationalPoint/fe65f705fe;Grönåsen;7;7.247;http://data.europa.eu/949/operationalPoint/aed23ba60c;Stormyran;http://publications.europa.eu/resource/authority/country/SWE;Sweden;;
http://data.europa.eu/949/sectionOfLine/51f63d361b;http://data.europa.eu/949/operationalPoint/50ca50d5df;Hökön;89;32.121;http://data.europa.eu/949/operationalPoint/6206b6a8c5;Olofström;http://publications.europa.eu/resource/authority/country/SWE;Sweden;;
http://data.europa.eu/949/sectionOfLine/38d1378400;http://data.europa.eu/949/operationalPoint/8a14b1ddc8;Dysjön;8;9.686;http://data.europa.eu/949/operationalPoint/dc2ad57fc3;Bensjöbacken;http://publications.europa.eu/resource/authority/country/SWE;Sweden;;
http://data.europa.eu/949/sectionOfLine/dcaebb9a93;http://data.europa.eu/949/operationalPoint/99ec13fc30;Tumba;1;2.653;http://data.europa.eu/949/operationalPoint/cce9563a18;Söderby;http://publications.europa.eu/resource/authority/country/SWE;Sweden;;
http://data.europa.eu/949/sectionOfLine/19f35a8320;http://data.europa.eu/949/operationalPoint/6d352b1e5d;Sprängsviken;31;5.914;http://data.europa.eu/949/operationalPoint/003c1cb9b2;Frånö;http://publications.europa.eu/resource/authority/country/SWE;Sweden;;
http://data.europa.eu/949/sectionOfLine/a8c3cd15e9;http://data.europa.eu/949/operationalPoint/52837d6a3d;Stora Tuna;6;7.501;http://data.europa.eu/949/operationalPoint/e749193892;Borlänge central;http://publications.europa.eu/resource/authority/country/SWE;Sweden;;
http://data.europa.eu/949/sectionOfLine/eeb2e436a9;http://data.europa.eu/949/operationalPoint/6d21b9b4f9;Skruv;4;11.612;http://data.europa.eu/949/operationalPoint/65949f0490;Emmaboda;http://publications.europa.eu/resource/authority/country/SWE;Sweden;;
http://data.europa.eu/949/sectionOfLine/7e18762d21;http://data.europa.eu/949/operationalPoint/9e27ba785c;Ripats;21;7.219;http://data.europa.eu/949/operationalPoint/9f0361aa49;Harrträsk;http://publications.europa.eu/resource/authority/country/SWE;Sweden;;
http://data.europa.eu/949/sectionOfLine/70891065ac;http://data.europa.eu/949/operationalPoint/1f5c8c97da;Koijuvaara;21;10.031;http://data.europa.eu/949/operationalPoint/2f3c5500bf;Gällivare central;http://publications.europa.eu/resource/authority/country/SWE;Sweden;;
http://data.europa.eu/949/sectionOfLine/8e2703dea9;http://data.europa.eu/949/operationalPoint/31f6d4262f;Hasselfors;12;10.749;http://data.europa.eu/949/operationalPoint/2b2ad7c2cc;Svartå;http://publications.europa.eu/resource/authority/country/SWE;Sweden;;
http://data.europa.eu/949/sectionOfLine/564739a0d4;http://data.europa.eu/949/operationalPoint/d9c34e59d4;Rundvik;28;5.38;http://data.europa.eu/949/operationalPoint/b08d716595;Nordmaling;http://publications.europa.eu/resource/authority/country/SWE;Sweden;;
http://data.europa.eu/949/sectionOfLine/3f5ffe4dac;http://data.europa.eu/949/operationalPoint/3dc4537201;Ledsgård;3;4.022;http://data.europa.eu/949/operationalPoint/a0574dbaff;Kungsbacka;http://publications.europa.eu/resource/authority/country/SWE;Sweden;;
http://data.europa.eu/949/sectionOfLine/571e8b309f;http://data.europa.eu/949/operationalPoint/4ee9072948;Säter;6;11.291;http://data.europa.eu/949/operationalPoint/8592fa2fd5;Gustafs;http://publications.europa.eu/resource/authority/country/SWE;Sweden;;
http://data.europa.eu/949/sectionOfLine/09ac54bd2c;http://data.europa.eu/949/operationalPoint/7357240c68;Vingåker;1;8.925;http://data.europa.eu/949/operationalPoint/632130a0c8;Högsjö;http://publications.europa.eu/resource/authority/country/SWE;Sweden;;
http://data.europa.eu/949/sectionOfLine/62e38db915;http://data.europa.eu/949/operationalPoint/062e5e06f5;Gnarp;5;2.967;http://data.europa.eu/949/operationalPoint/3e524297a1;Gryttje;http://publications.europa.eu/resource/authority/country/SWE;Sweden;;
http://data.europa.eu/949/sectionOfLine/060bd4fef6;http://data.europa.eu/949/operationalPoint/02bd215a06;Åmål;11;9.177;http://data.europa.eu/949/operationalPoint/0e955f7058;Tösse;http://publications.europa.eu/resource/authority/country/SWE;Sweden;;
http://data.europa.eu/949/sectionOfLine/c2ccfe037f;http://data.europa.eu/949/operationalPoint/bab7303672;Herrljunga central;1;11.274;http://data.europa.eu/949/operationalPoint/eacb5320e3;Ljung;http://publications.europa.eu/resource/authority/country/SWE;Sweden;;
http://data.europa.eu/949/sectionOfLine/882ede1083;http://data.europa.eu/949/operationalPoint/0d6fc80ca9;Åsträsk;7;8.892;http://data.europa.eu/949/operationalPoint/fe287cdb97;Kattisträsk;http://publications.europa.eu/resource/authority/country/SWE;Sweden;;
http://data.europa.eu/949/sectionOfLine/9bd651f677;http://data.europa.eu/949/operationalPoint/e888f08ac0;Ekenässjön;81;8.32;http://data.europa.eu/949/operationalPoint/c7b00cca3a;Vetlanda;http://publications.europa.eu/resource/authority/country/SWE;Sweden;;
http://data.europa.eu/949/sectionOfLine/2c50549925;http://data.europa.eu/949/operationalPoint/50f1996db2;Byälven;11;0.841;http://data.europa.eu/949/operationalPoint/79509ad0a9;Säffle;http://publications.europa.eu/resource/authority/country/SWE;Sweden;;
http://data.europa.eu/949/sectionOfLine/f462d579cd;http://data.europa.eu/949/operationalPoint/7820dcb154;Tillberga;18;14.923;http://data.europa.eu/949/operationalPoint/d0c2b5e0bb;Ransta;http://publications.europa.eu/resource/authority/country/SWE;Sweden;;
http://data.europa.eu/949/sectionOfLine/d049ce172f;http://data.europa.eu/949/operationalPoint/609a7e9152;Hissmofors;20;3.253;http://data.europa.eu/949/operationalPoint/64d5b4365a;Krokom OJ;http://publications.europa.eu/resource/authority/country/SWE;Sweden;;
http://data.europa.eu/949/sectionOfLine/42a94275bf;http://data.europa.eu/949/operationalPoint/c606cffbd2;Silinge;18;5.906;http://data.europa.eu/949/operationalPoint/d948bc81ea;Flens övre;http://publications.europa.eu/resource/authority/country/SWE;Sweden;;
http://data.europa.eu/949/sectionOfLine/87cc46dd83;http://data.europa.eu/949/operationalPoint/958def79cd;Simeå;8;8.906;http://data.europa.eu/949/operationalPoint/af2aff44a4;Karsjö;http://publications.europa.eu/resource/authority/country/SWE;Sweden;;
http://data.europa.eu/949/sectionOfLine/10620363aa;http://data.europa.eu/949/operationalPoint/a2d3164878;Forsbacka;10;6.826;http://data.europa.eu/949/operationalPoint/43f28b3458;Sandviken;http://publications.europa.eu/resource/authority/country/SWE;Sweden;;
http://data.europa.eu/949/sectionOfLine/77a9894c4c;http://data.europa.eu/949/operationalPoint/a52ab4f2c7;Sävedalen;23;3.027;http://data.europa.eu/949/operationalPoint/1e0f686470;Göteborg Sävenäs;http://publications.europa.eu/resource/authority/country/SWE;Sweden;;
http://data.europa.eu/949/sectionOfLine/c48e86a6cf;http://data.europa.eu/949/operationalPoint/34c9022d52;Kvarnängen;19;6.852;http://data.europa.eu/949/operationalPoint/7f0b0dd69b;Ösmo;http://publications.europa.eu/resource/authority/country/SWE;Sweden;;
http://data.europa.eu/949/sectionOfLine/68e3b25407;http://data.europa.eu/949/operationalPoint/ca09f582cf;Charlottenberg;12;6.713;http://data.europa.eu/949/operationalPoint/e329741c52;Charlottenberg gränsen;http://publications.europa.eu/resource/authority/country/SWE;Sweden;;
http://data.europa.eu/949/sectionOfLine/a32521743b;http://data.europa.eu/949/operationalPoint/e01f9da4dc;Grängesbergs malmbangård;10;1.809;http://data.europa.eu/949/operationalPoint/33085bd2c3;Grängesberg;http://publications.europa.eu/resource/authority/country/SWE;Sweden;;
http://data.europa.eu/949/sectionOfLine/b9fe78dcf4;http://data.europa.eu/949/operationalPoint/a300eefd47;Norrfors;7;10.628;http://data.europa.eu/949/operationalPoint/394bd275f1;Brattsbacka;http://publications.europa.eu/resource/authority/country/SWE;Sweden;;
http://data.europa.eu/949/sectionOfLine/48ffdb02a7;http://data.europa.eu/949/operationalPoint/e9c45e68a6;Lycksele;44;32.655;http://data.europa.eu/949/operationalPoint/2a7d93ed7f;Kattisavan;http://publications.europa.eu/resource/authority/country/SWE;Sweden;;
http://data.europa.eu/949/sectionOfLine/50bdaf143c;http://data.europa.eu/949/operationalPoint/99e681236c;Stehag;2;9.255;http://data.europa.eu/949/operationalPoint/ed3be87e7d;Eslöv;http://publications.europa.eu/resource/authority/country/SWE;Sweden;;
http://data.europa.eu/949/sectionOfLine/11933181c5;http://data.europa.eu/949/operationalPoint/0c02009d04;Norrhög;8;8.398;http://data.europa.eu/949/operationalPoint/82ad88bdd9;Mellansjö;http://publications.europa.eu/resource/authority/country/SWE;Sweden;;
http://data.europa.eu/949/sectionOfLine/6fc5cbe3ab;http://data.europa.eu/949/operationalPoint/8b45b5a373;Holmsjö;4;13.35;http://data.europa.eu/949/operationalPoint/69756b6403;Spjutsbygd;http://publications.europa.eu/resource/authority/country/SWE;Sweden;;
http://data.europa.eu/949/sectionOfLine/55845ccf48;http://data.europa.eu/949/operationalPoint/f4d138afe4;Ängelholm;3;14.242;http://data.europa.eu/949/operationalPoint/4cedfa3393;Åstorp;http://publications.europa.eu/resource/authority/country/SWE;Sweden;;
http://data.europa.eu/949/sectionOfLine/286a8a701b;http://data.europa.eu/949/operationalPoint/01aa5de7e7;Stenkullen;1;3.719;http://data.europa.eu/949/operationalPoint/20d84bae93;Lerum;http://publications.europa.eu/resource/authority/country/SWE;Sweden;;
http://data.europa.eu/949/sectionOfLine/f6eebad2ae;http://data.europa.eu/949/operationalPoint/c819d53678;Simonstorp;2;14.797;http://data.europa.eu/949/operationalPoint/eee85a838a;Åby södra;http://publications.europa.eu/resource/authority/country/SWE;Sweden;;
http://data.europa.eu/949/sectionOfLine/ae6d91f8f2;http://data.europa.eu/949/operationalPoint/fc57ceb9ea;Lugnås;75;13.456;http://data.europa.eu/949/operationalPoint/e5e27af108;Forshem;http://publications.europa.eu/resource/authority/country/SWE;Sweden;;
http://data.europa.eu/949/sectionOfLine/6f8ab17d32;http://data.europa.eu/949/operationalPoint/3c71913a10;Tortuna;16;8.59;http://data.europa.eu/949/operationalPoint/1c114df38f;Västerås norra;http://publications.europa.eu/resource/authority/country/SWE;Sweden;;
http://data.europa.eu/949/sectionOfLine/ee9b03c02e;http://data.europa.eu/949/operationalPoint/88fc639955;Tomteboda övre;22;1.092;http://data.europa.eu/949/operationalPoint/0bff62468e;Huvudsta;http://publications.europa.eu/resource/authority/country/SWE;Sweden;;
http://data.europa.eu/949/sectionOfLine/c89cf83941;http://data.europa.eu/949/operationalPoint/ba69260110;Edsvalla;11;4.281;http://data.europa.eu/949/operationalPoint/c8e44b0bc4;Vålberg;http://publications.europa.eu/resource/authority/country/SWE;Sweden;;
http://data.europa.eu/949/sectionOfLine/599860fff0;http://data.europa.eu/949/operationalPoint/4fb868c389;Gräsberg;10;8.732;http://data.europa.eu/949/operationalPoint/b4da821c9c;Ludvika;http://publications.europa.eu/resource/authority/country/SWE;Sweden;;
http://data.europa.eu/949/sectionOfLine/452a40132d;http://data.europa.eu/949/operationalPoint/4d7c73e990;Karlberg;22;1.026;http://data.europa.eu/949/operationalPoint/b923548426;Stockholms norra;http://publications.europa.eu/resource/authority/country/SWE;Sweden;;
http://data.europa.eu/949/sectionOfLine/6b47cc8754;http://data.europa.eu/949/operationalPoint/952f3ae57b;Fagersta central;9;21.498;http://data.europa.eu/949/operationalPoint/66e81c84da;Söderbärke;http://publications.europa.eu/resource/authority/country/SWE;Sweden;;
http://data.europa.eu/949/sectionOfLine/0278d64bf5;http://data.europa.eu/949/operationalPoint/c23efacbba;Rörstorp;4;8.977;http://data.europa.eu/949/operationalPoint/97e8fc8baa;Bor;http://publications.europa.eu/resource/authority/country/SWE;Sweden;;
http://data.europa.eu/949/sectionOfLine/b38e9a5d59;http://data.europa.eu/949/operationalPoint/f5aab2478b;Hämrasviken;28;9.976;http://data.europa.eu/949/operationalPoint/26f72ed2fb;Drömme;http://publications.europa.eu/resource/authority/country/SWE;Sweden;;
http://data.europa.eu/949/sectionOfLine/74064b8962;http://data.europa.eu/949/operationalPoint/4a332c26a9;Mörarp;13;4.879;http://data.europa.eu/949/operationalPoint/dff2887cf9;Påarp;http://publications.europa.eu/resource/authority/country/SWE;Sweden;;
http://data.europa.eu/949/sectionOfLine/cca3328b69;http://data.europa.eu/949/operationalPoint/792aa3d330;Rågsveden;53;33.479;http://data.europa.eu/949/operationalPoint/9054c55585;Malung;http://publications.europa.eu/resource/authority/country/SWE;Sweden;;
http://data.europa.eu/949/sectionOfLine/568fb1a69c;http://data.europa.eu/949/operationalPoint/0fa5245895;Sandared;4;10.12;http://data.europa.eu/949/operationalPoint/d3a067b457;Borås central;http://publications.europa.eu/resource/authority/country/SWE;Sweden;;
http://data.europa.eu/949/sectionOfLine/3a97a3136e;http://data.europa.eu/949/operationalPoint/330e803a2e;Falun central;34;14.227;http://data.europa.eu/949/operationalPoint/79749b5566;Grycksbo;http://publications.europa.eu/resource/authority/country/SWE;Sweden;;
http://data.europa.eu/949/sectionOfLine/075bf1c1cf;http://data.europa.eu/949/operationalPoint/12dc97c912;Moradal;8;7.541;http://data.europa.eu/949/operationalPoint/8a14b1ddc8;Dysjön;http://publications.europa.eu/resource/authority/country/SWE;Sweden;;
http://data.europa.eu/949/sectionOfLine/da8268ae99;http://data.europa.eu/949/operationalPoint/573bbff196;Sköldinge;1;6.705;http://data.europa.eu/949/operationalPoint/b5a6202a27;Stolpstugan;http://publications.europa.eu/resource/authority/country/SWE;Sweden;;
http://data.europa.eu/949/sectionOfLine/a6307d0039;http://data.europa.eu/949/operationalPoint/083084df1b;Örsjö;4;11.16;http://data.europa.eu/949/operationalPoint/b3fe10ae6d;Nybro;http://publications.europa.eu/resource/authority/country/SWE;Sweden;;
http://data.europa.eu/949/sectionOfLine/606d55af75;http://data.europa.eu/949/operationalPoint/61b1591722;Näsberg;21;7.157;http://data.europa.eu/949/operationalPoint/94e1b6c3cf;Tolikberget;http://publications.europa.eu/resource/authority/country/SWE;Sweden;;
http://data.europa.eu/949/sectionOfLine/d7284b502b;http://data.europa.eu/949/operationalPoint/7704f0efa4;Järna;1;10.714;http://data.europa.eu/949/operationalPoint/ee52f8e0f2;Mölnbo;http://publications.europa.eu/resource/authority/country/SWE;Sweden;;
http://data.europa.eu/949/sectionOfLine/f44bcf276c;http://data.europa.eu/949/operationalPoint/9af7bef61e;Österås;7;6.759;http://data.europa.eu/949/operationalPoint/d7eeec8cb6;Forsmo;http://publications.europa.eu/resource/authority/country/SWE;Sweden;;
http://data.europa.eu/949/sectionOfLine/71daa53afa;http://data.europa.eu/949/operationalPoint/330e803a2e;Falun central;10;8.236;http://data.europa.eu/949/operationalPoint/581a2bad9d;Hinsnoret;http://publications.europa.eu/resource/authority/country/SWE;Sweden;;
http://data.europa.eu/949/sectionOfLine/f1d9200cde;http://data.europa.eu/949/operationalPoint/c2616535e0;Regumatorp;1;6.752;http://data.europa.eu/949/operationalPoint/3c35afaa34;Stenstorp;http://publications.europa.eu/resource/authority/country/SWE;Sweden;;
http://data.europa.eu/949/sectionOfLine/1c9ec5dba6;http://data.europa.eu/949/operationalPoint/321548c2eb;Sällinge;9;9.869;http://data.europa.eu/949/operationalPoint/acf2cd02f0;Frövi;http://publications.europa.eu/resource/authority/country/SWE;Sweden;;
http://data.europa.eu/949/sectionOfLine/bd6e00be37;http://data.europa.eu/949/operationalPoint/0796ece08d;Oxmyran;7;4.784;http://data.europa.eu/949/operationalPoint/e1d3be26dd;Nyåker;http://publications.europa.eu/resource/authority/country/SWE;Sweden;;
http://data.europa.eu/949/sectionOfLine/6cbf8463e6;http://data.europa.eu/949/operationalPoint/7f89b5edcf;Storblåliden;7;7.25;http://data.europa.eu/949/operationalPoint/001edfa131;Koler;http://publications.europa.eu/resource/authority/country/SWE;Sweden;;
http://data.europa.eu/949/sectionOfLine/657b22b23e;http://data.europa.eu/949/operationalPoint/fbb539caea;Lernacken;24;6.233;http://data.europa.eu/949/operationalPoint/b0c8612b8b;Svågertorp;http://publications.europa.eu/resource/authority/country/SWE;Sweden;;
http://data.europa.eu/949/sectionOfLine/1d17795ea3;http://data.europa.eu/949/operationalPoint/d3afb24518;Smålandsstenar;84;5.428;http://data.europa.eu/949/operationalPoint/56f39834ae;Skeppshult;http://publications.europa.eu/resource/authority/country/SWE;Sweden;;
http://data.europa.eu/949/sectionOfLine/def21e4de1;http://data.europa.eu/949/operationalPoint/786396f988;Hällnäs;44;27.73;http://data.europa.eu/949/operationalPoint/ee9b2aec69;Åmsele;http://publications.europa.eu/resource/authority/country/SWE;Sweden;;
http://data.europa.eu/949/sectionOfLine/1b3f1e6470;http://data.europa.eu/949/operationalPoint/53700474a3;Älvängen;11;13.442;http://data.europa.eu/949/operationalPoint/696e96d32e;Bohus;http://publications.europa.eu/resource/authority/country/SWE;Sweden;;
http://data.europa.eu/949/sectionOfLine/38e023d8c9;http://data.europa.eu/949/operationalPoint/ab2187e518;Timrå;31;2.231;http://data.europa.eu/949/operationalPoint/af994101c0;Solbacka;http://publications.europa.eu/resource/authority/country/SWE;Sweden;;
http://data.europa.eu/949/sectionOfLine/20b1cc0dec;http://data.europa.eu/949/operationalPoint/f26046bc70;Ångsågsmossen;88;11.335;http://data.europa.eu/949/operationalPoint/0782d8ea59;Bräkne-Hoby;http://publications.europa.eu/resource/authority/country/SWE;Sweden;;
http://data.europa.eu/949/sectionOfLine/6687fa5dd1;http://data.europa.eu/949/operationalPoint/2e33ea7f05;Kungsör;17;9.254;http://data.europa.eu/949/operationalPoint/7e49860139;Valskog;http://publications.europa.eu/resource/authority/country/SWE;Sweden;;
http://data.europa.eu/949/sectionOfLine/dd7d7a0f4d;http://data.europa.eu/949/operationalPoint/1d9858a659;Frillesås;3;9.37;http://data.europa.eu/949/operationalPoint/5bb0c90779;Värö;http://publications.europa.eu/resource/authority/country/SWE;Sweden;;
http://data.europa.eu/949/sectionOfLine/0159b4edf6;http://data.europa.eu/949/operationalPoint/fa08810a20;Ormaryd;80;9.734;http://data.europa.eu/949/operationalPoint/1de6a91a43;Eksjö;http://publications.europa.eu/resource/authority/country/SWE;Sweden;;
http://data.europa.eu/949/sectionOfLine/1f8e0ff109;http://data.europa.eu/949/operationalPoint/9150fc0e46;Hedensbyn;45;5.153;http://data.europa.eu/949/operationalPoint/b99afe0ba7;Gunsen;http://publications.europa.eu/resource/authority/country/SWE;Sweden;;
http://data.europa.eu/949/sectionOfLine/3c926bed8d;http://data.europa.eu/949/operationalPoint/3d4c1e77b7;Sågbäcken;29;5.979;http://data.europa.eu/949/operationalPoint/3e1b14cfc4;Morjärv;http://publications.europa.eu/resource/authority/country/SWE;Sweden;;
http://data.europa.eu/949/sectionOfLine/aba659b3d6;http://data.europa.eu/949/operationalPoint/8f5defabed;Oskarström;84;16.578;http://data.europa.eu/949/operationalPoint/d1d78b0b07;Furet;http://publications.europa.eu/resource/authority/country/SWE;Sweden;;
http://data.europa.eu/949/sectionOfLine/7c2f3dd326;http://data.europa.eu/949/operationalPoint/66b00f0b84;Sparreholm;1;6.843;http://data.europa.eu/949/operationalPoint/c837824521;Skebokvarn;http://publications.europa.eu/resource/authority/country/SWE;Sweden;;
http://data.europa.eu/949/sectionOfLine/61f02d5b99;http://data.europa.eu/949/operationalPoint/ed1df89241;Västra Torup;13;7.023;http://data.europa.eu/949/operationalPoint/d76d023e44;Perstorp;http://publications.europa.eu/resource/authority/country/SWE;Sweden;;
http://data.europa.eu/949/sectionOfLine/0546880818;http://data.europa.eu/949/operationalPoint/d95fb0b53c;Hyllstofta;13;9.716;http://data.europa.eu/949/operationalPoint/1a23a0b6c3;Klippan;http://publications.europa.eu/resource/authority/country/SWE;Sweden;;
http://data.europa.eu/949/sectionOfLine/253935a4ba;http://data.europa.eu/949/operationalPoint/3ceac0f600;Klockarbäcken;7;5.741;http://data.europa.eu/949/operationalPoint/c1c95cef85;Umeå godsbangård;http://publications.europa.eu/resource/authority/country/SWE;Sweden;;
http://data.europa.eu/949/sectionOfLine/ed99f7e53c;http://data.europa.eu/949/operationalPoint/8914c42863;Hargshamn;55;16.062;http://data.europa.eu/949/operationalPoint/dfcc70f611;Hallstavik;http://publications.europa.eu/resource/authority/country/SWE;Sweden;;
http://data.europa.eu/949/sectionOfLine/9237f76d8a;http://data.europa.eu/949/operationalPoint/165ec787a8;Älvsjö;22;5.364;http://data.europa.eu/949/operationalPoint/2aeae4aa75;Huddinge;http://publications.europa.eu/resource/authority/country/SWE;Sweden;;
http://data.europa.eu/949/sectionOfLine/10f9748a56;http://data.europa.eu/949/operationalPoint/0e8cdaac2e;Skavstaby;30;1.622;http://data.europa.eu/949/operationalPoint/54ec9a6dda;TRV-Atrain border Skavstaby;http://publications.europa.eu/resource/authority/country/SWE;Sweden;;
http://data.europa.eu/949/sectionOfLine/60cfdd5ff7;http://data.europa.eu/949/operationalPoint/7179b4e032;Härad;17;7.118;http://data.europa.eu/949/operationalPoint/b1dffa479b;Barva;http://publications.europa.eu/resource/authority/country/SWE;Sweden;;
http://data.europa.eu/949/sectionOfLine/3cb5cc67a6;http://data.europa.eu/949/operationalPoint/1a23a0b6c3;Klippan;13;5.344;http://data.europa.eu/949/operationalPoint/a3797eb101;Kvidinge;http://publications.europa.eu/resource/authority/country/SWE;Sweden;;
http://data.europa.eu/949/sectionOfLine/4ce92fca04;http://data.europa.eu/949/operationalPoint/74854193bc;Skinnskatteberg;9;12.789;http://data.europa.eu/949/operationalPoint/693de6fd90;Krampen;http://publications.europa.eu/resource/authority/country/SWE;Sweden;;
http://data.europa.eu/949/sectionOfLine/fa3415eca7;http://data.europa.eu/949/operationalPoint/0b6f801a34;Medskogsheden;8;11.729;http://data.europa.eu/949/operationalPoint/3bd67b6e20;Ockelbo;http://publications.europa.eu/resource/authority/country/SWE;Sweden;;
http://data.europa.eu/949/sectionOfLine/96c971e69a;http://data.europa.eu/949/operationalPoint/2f3c5500bf;Gällivare central;21;1.446;http://data.europa.eu/949/operationalPoint/d4a8a26a1c;TRV-IBAB border Gällivare;http://publications.europa.eu/resource/authority/country/SWE;Sweden;;
http://data.europa.eu/949/sectionOfLine/e8dc56034d;http://data.europa.eu/949/operationalPoint/490bce2e30;Västra Ingelstad;26;2.933;http://data.europa.eu/949/operationalPoint/c7797ad6b8;Östra Grevie;http://publications.europa.eu/resource/authority/country/SWE;Sweden;;
http://data.europa.eu/949/sectionOfLine/48970b98cf;http://data.europa.eu/949/operationalPoint/263696647b;Björneborg;12;12.081;http://data.europa.eu/949/operationalPoint/657f288fcd;Kristinehamn;http://publications.europa.eu/resource/authority/country/SWE;Sweden;;
http://data.europa.eu/949/sectionOfLine/93be050cf9;http://data.europa.eu/949/operationalPoint/2ff4d33041;Landeryd;84;13.925;http://data.europa.eu/949/operationalPoint/a29c143e84;Brännögård;http://publications.europa.eu/resource/authority/country/SWE;Sweden;;
http://data.europa.eu/949/sectionOfLine/e79feac050;http://data.europa.eu/949/operationalPoint/2e281bbcc0;Kilvo;21;6.849;http://data.europa.eu/949/operationalPoint/c147dd2946;Nuortikon;http://publications.europa.eu/resource/authority/country/SWE;Sweden;;
http://data.europa.eu/949/sectionOfLine/1f8e1ac5f9;http://data.europa.eu/949/operationalPoint/46e4748cd5;Värnamo central;4;15.694;http://data.europa.eu/949/operationalPoint/0d032944de;Forsheda;http://publications.europa.eu/resource/authority/country/SWE;Sweden;;
http://data.europa.eu/949/sectionOfLine/8c59f6e0af;http://data.europa.eu/949/operationalPoint/2f90fec117;Hjulsbro;65;12.918;http://data.europa.eu/949/operationalPoint/36eb6ebeba;Bjärka-Säby;http://publications.europa.eu/resource/authority/country/SWE;Sweden;;
http://data.europa.eu/949/sectionOfLine/54986bf954;http://data.europa.eu/949/operationalPoint/7d06ce5905;Ornäs;10;5.387;http://data.europa.eu/949/operationalPoint/cc1d25b529;Domnarvet;http://publications.europa.eu/resource/authority/country/SWE;Sweden;;
http://data.europa.eu/949/sectionOfLine/05f3f3ac60;http://data.europa.eu/949/operationalPoint/93f08b1120;Ljungaverks lastplats;20;4.689;http://data.europa.eu/949/operationalPoint/029516b360;Fränsta;http://publications.europa.eu/resource/authority/country/SWE;Sweden;;
http://data.europa.eu/949/sectionOfLine/fac133c416;http://data.europa.eu/949/operationalPoint/2a7d93ed7f;Kattisavan;44;37.416;http://data.europa.eu/949/operationalPoint/bb813aa9e2;Gunnarn;http://publications.europa.eu/resource/authority/country/SWE;Sweden;;
http://data.europa.eu/949/sectionOfLine/fc46f1dd7b;http://data.europa.eu/949/operationalPoint/c32d1d3877;Jönköpings central;14;6.428;http://data.europa.eu/949/operationalPoint/88de4be812;Huskvarna;http://publications.europa.eu/resource/authority/country/SWE;Sweden;;
http://data.europa.eu/949/sectionOfLine/207733e8de;http://data.europa.eu/949/operationalPoint/7b021be12b;Insjön;6;8.316;http://data.europa.eu/949/operationalPoint/31df928b4b;Leksand;http://publications.europa.eu/resource/authority/country/SWE;Sweden;;
http://data.europa.eu/949/sectionOfLine/8bd3c8bf5b;http://data.europa.eu/949/operationalPoint/cf7a31c092;Strömsholm;16;7.933;http://data.europa.eu/949/operationalPoint/7d805f661f;Kolbäck;http://publications.europa.eu/resource/authority/country/SWE;Sweden;;
http://data.europa.eu/949/sectionOfLine/94ca5e6121;http://data.europa.eu/949/operationalPoint/d1bd24b716;Norsesund västra;1;7.293;http://data.europa.eu/949/operationalPoint/adb50df251;Floda;http://publications.europa.eu/resource/authority/country/SWE;Sweden;;
http://data.europa.eu/949/sectionOfLine/4b46e64568;http://data.europa.eu/949/operationalPoint/b26bba9cb0;Hällefors;10;4.542;http://data.europa.eu/949/operationalPoint/e11bc62816;Grythyttans norra;http://publications.europa.eu/resource/authority/country/SWE;Sweden;;
http://data.europa.eu/949/sectionOfLine/ec169d8592;http://data.europa.eu/949/operationalPoint/7c80e75b65;Kopparberg;10;7.808;http://data.europa.eu/949/operationalPoint/84de1f4ce1;Ställdalen;http://publications.europa.eu/resource/authority/country/SWE;Sweden;;
http://data.europa.eu/949/sectionOfLine/3c0db3b7c9;http://data.europa.eu/949/operationalPoint/5f866ac408;Järvsö;8;3.82;http://data.europa.eu/949/operationalPoint/b4f9f42e75;Skästra;http://publications.europa.eu/resource/authority/country/SWE;Sweden;;
http://data.europa.eu/949/sectionOfLine/1ad8cfaa58;http://data.europa.eu/949/operationalPoint/ebdd478eb5;Nacksta;5;7.786;http://data.europa.eu/949/operationalPoint/81e3de0be9;Birsta;http://publications.europa.eu/resource/authority/country/SWE;Sweden;;
http://data.europa.eu/949/sectionOfLine/710bf722c9;http://data.europa.eu/949/operationalPoint/69756b6403;Spjutsbygd;4;13.979;http://data.europa.eu/949/operationalPoint/61c8131038;Gullberna;http://publications.europa.eu/resource/authority/country/SWE;Sweden;;
http://data.europa.eu/949/sectionOfLine/4fceb00510;http://data.europa.eu/949/operationalPoint/7259f77704;Sollentuna;5;1.922;http://data.europa.eu/949/operationalPoint/15177d625f;Häggvik;http://publications.europa.eu/resource/authority/country/SWE;Sweden;;
http://data.europa.eu/949/sectionOfLine/415bd919c3;http://data.europa.eu/949/operationalPoint/bec3bb1bd6;Gävle central;5;3.209;http://data.europa.eu/949/operationalPoint/44988bcce7;Strömsbro;http://publications.europa.eu/resource/authority/country/SWE;Sweden;;
http://data.europa.eu/949/sectionOfLine/d20c90957b;http://data.europa.eu/949/operationalPoint/568ae13b2d;Reftele;84;11.526;http://data.europa.eu/949/operationalPoint/d3afb24518;Smålandsstenar;http://publications.europa.eu/resource/authority/country/SWE;Sweden;;
http://data.europa.eu/949/sectionOfLine/82ea4ca51a;http://data.europa.eu/949/operationalPoint/44dea7841d;Bäckefors;11;18.266;http://data.europa.eu/949/operationalPoint/16ee09805c;Ed;http://publications.europa.eu/resource/authority/country/SWE;Sweden;;
http://data.europa.eu/949/sectionOfLine/6f0819c925;http://data.europa.eu/949/operationalPoint/fb72a00107;Ånge godsbangård;8;1.938;http://data.europa.eu/949/operationalPoint/a8f2644d21;Ångebyn;http://publications.europa.eu/resource/authority/country/SWE;Sweden;;
http://data.europa.eu/949/sectionOfLine/03343589cc;http://data.europa.eu/949/operationalPoint/4837893ca0;Laduberg;7;9.315;http://data.europa.eu/949/operationalPoint/b554a41c33;Brännberg;http://publications.europa.eu/resource/authority/country/SWE;Sweden;;
http://data.europa.eu/949/sectionOfLine/336983b969;http://data.europa.eu/949/operationalPoint/f5c4c4c926;Leksboda;6;5.09;http://data.europa.eu/949/operationalPoint/dd3af53a28;Tällberg;http://publications.europa.eu/resource/authority/country/SWE;Sweden;;
http://data.europa.eu/949/sectionOfLine/fc1ec21914;http://data.europa.eu/949/operationalPoint/0ad7dcd008;Linköpings central;2;12.673;http://data.europa.eu/949/operationalPoint/b61b343205;Vikingstad;http://publications.europa.eu/resource/authority/country/SWE;Sweden;;
http://data.europa.eu/949/sectionOfLine/8b371b3dbd;http://data.europa.eu/949/operationalPoint/5a50ad78f4;Örbyhus;5;9.126;http://data.europa.eu/949/operationalPoint/9a075a16b8;Dannemora;http://publications.europa.eu/resource/authority/country/SWE;Sweden;;
http://data.europa.eu/949/sectionOfLine/672b7b5311;http://data.europa.eu/949/operationalPoint/8e3e946578;Gåvetorp;2;5.226;http://data.europa.eu/949/operationalPoint/5f9f27f818;Alvesta;http://publications.europa.eu/resource/authority/country/SWE;Sweden;;
http://data.europa.eu/949/sectionOfLine/1c7b645158;http://data.europa.eu/949/operationalPoint/7ae877518a;Stenungsund;73;11.832;http://data.europa.eu/949/operationalPoint/be6d656b26;Svenshögen;http://publications.europa.eu/resource/authority/country/SWE;Sweden;;
http://data.europa.eu/949/sectionOfLine/3638136740;http://data.europa.eu/949/operationalPoint/0ad7dcd008;Linköpings central;65;7.499;http://data.europa.eu/949/operationalPoint/2f90fec117;Hjulsbro;http://publications.europa.eu/resource/authority/country/SWE;Sweden;;
http://data.europa.eu/949/sectionOfLine/6b943479e3;http://data.europa.eu/949/operationalPoint/3ae92026d8;Råtsi;21;2.221;http://data.europa.eu/949/operationalPoint/9b003a0069;Kirunavaara;http://publications.europa.eu/resource/authority/country/SWE;Sweden;;
http://data.europa.eu/949/sectionOfLine/593afe0017;http://data.europa.eu/949/operationalPoint/8ac59dbbc6;Månsarp;83;18.587;http://data.europa.eu/949/operationalPoint/de68de2167;Vaggeryd;http://publications.europa.eu/resource/authority/country/SWE;Sweden;;
http://data.europa.eu/949/sectionOfLine/ee36e37b92;http://data.europa.eu/949/operationalPoint/61c8131038;Gullberna;4;4.181;http://data.europa.eu/949/operationalPoint/37606d4834;Karlskrona central;http://publications.europa.eu/resource/authority/country/SWE;Sweden;;
http://data.europa.eu/949/sectionOfLine/f950b44080;http://data.europa.eu/949/operationalPoint/de2c0ba6be;Ljusdal;8;6.953;http://data.europa.eu/949/operationalPoint/c5b2415d6e;Tallåsen;http://publications.europa.eu/resource/authority/country/SWE;Sweden;;
http://data.europa.eu/949/sectionOfLine/aa07f4c2f1;http://data.europa.eu/949/operationalPoint/504d09f905;Karlshamn;88;9.875;http://data.europa.eu/949/operationalPoint/f26046bc70;Ångsågsmossen;http://publications.europa.eu/resource/authority/country/SWE;Sweden;;
http://data.europa.eu/949/sectionOfLine/f447308483;http://data.europa.eu/949/operationalPoint/025ac50bdf;Härnösands central;31;7.271;http://data.europa.eu/949/operationalPoint/812ff8f852;Svedje;http://publications.europa.eu/resource/authority/country/SWE;Sweden;;
http://data.europa.eu/949/sectionOfLine/8b9b74c4f5;http://data.europa.eu/949/operationalPoint/c92cb01f87;Håsjö;7;5.408;http://data.europa.eu/949/operationalPoint/d0c632b534;Singsån;http://publications.europa.eu/resource/authority/country/SWE;Sweden;;
http://data.europa.eu/949/sectionOfLine/a8899115f8;http://data.europa.eu/949/operationalPoint/0ca870805d;Hultsfred;65;19.892;http://data.europa.eu/949/operationalPoint/31de37cd88;Mörlunda;http://publications.europa.eu/resource/authority/country/SWE;Sweden;;
http://data.europa.eu/949/sectionOfLine/c29c3559bc;http://data.europa.eu/949/operationalPoint/90dfcb730b;Lomma;26;4.262;http://data.europa.eu/949/operationalPoint/6bc53ff68d;Arlöv;http://publications.europa.eu/resource/authority/country/SWE;Sweden;;
http://data.europa.eu/949/sectionOfLine/d275622772;http://data.europa.eu/949/operationalPoint/c3a7177021;Mattmar;20;7.963;http://data.europa.eu/949/operationalPoint/e35ce7ca95;Äggfors;http://publications.europa.eu/resource/authority/country/SWE;Sweden;;
http://data.europa.eu/949/sectionOfLine/b5a8f2cca3;http://data.europa.eu/949/operationalPoint/69bec7214f;Karsbäcken;7;9.35;http://data.europa.eu/949/operationalPoint/a37442b5ef;Lidlund;http://publications.europa.eu/resource/authority/country/SWE;Sweden;;
http://data.europa.eu/949/sectionOfLine/56394c1182;http://data.europa.eu/949/operationalPoint/60df9072ab;Dals Rostock;11;18.056;http://data.europa.eu/949/operationalPoint/44dea7841d;Bäckefors;http://publications.europa.eu/resource/authority/country/SWE;Sweden;;
http://data.europa.eu/949/sectionOfLine/39935bca8c;http://data.europa.eu/949/operationalPoint/4133d29888;Hilleby;5;9.792;http://data.europa.eu/949/operationalPoint/99c126b50d;Trödje;http://publications.europa.eu/resource/authority/country/SWE;Sweden;;
http://data.europa.eu/949/sectionOfLine/897aa1bfd8;http://data.europa.eu/949/operationalPoint/5ca5ca8c83;Håkantorp;15;5.706;http://data.europa.eu/949/operationalPoint/02144cc8e1;Vara;http://publications.europa.eu/resource/authority/country/SWE;Sweden;;
http://data.europa.eu/949/sectionOfLine/ee7b6d99d0;http://data.europa.eu/949/operationalPoint/f02ceacc6e;Västeraspby;31;15.831;http://data.europa.eu/949/operationalPoint/0d9b332fcb;Lökom;http://publications.europa.eu/resource/authority/country/SWE;Sweden;;
http://data.europa.eu/949/sectionOfLine/35d53959f2;http://data.europa.eu/949/operationalPoint/82ad88bdd9;Mellansjö;8;9.527;http://data.europa.eu/949/operationalPoint/270520aa24;Juån;http://publications.europa.eu/resource/authority/country/SWE;Sweden;;
http://data.europa.eu/949/sectionOfLine/45751d5cda;http://data.europa.eu/949/operationalPoint/0d9b332fcb;Lökom;31;18.283;http://data.europa.eu/949/operationalPoint/d7242db6a0;Sollefteå;http://publications.europa.eu/resource/authority/country/SWE;Sweden;;
http://data.europa.eu/949/sectionOfLine/a55d7ec337;http://data.europa.eu/949/operationalPoint/0782d8ea59;Bräkne-Hoby;88;16.875;http://data.europa.eu/949/operationalPoint/7a6a8cf4b7;Ronneby;http://publications.europa.eu/resource/authority/country/SWE;Sweden;;
http://data.europa.eu/949/sectionOfLine/d9ccc9ce46;http://data.europa.eu/949/operationalPoint/bec3bb1bd6;Gävle central;51;6.907;http://data.europa.eu/949/operationalPoint/d25ee152fe;Fliskär;http://publications.europa.eu/resource/authority/country/SWE;Sweden;;
http://data.europa.eu/949/sectionOfLine/c652487908;http://data.europa.eu/949/operationalPoint/cbb7619db1;Almedal;23;3.642;http://data.europa.eu/949/operationalPoint/33477db63a;Mölndals övre;http://publications.europa.eu/resource/authority/country/SWE;Sweden;;
http://data.europa.eu/949/sectionOfLine/0927a4fcf7;http://data.europa.eu/949/operationalPoint/d76d023e44;Perstorp;13;7.155;http://data.europa.eu/949/operationalPoint/d95fb0b53c;Hyllstofta;http://publications.europa.eu/resource/authority/country/SWE;Sweden;;
http://data.europa.eu/949/sectionOfLine/5743f7e585;http://data.europa.eu/949/operationalPoint/36eb6ebeba;Bjärka-Säby;65;20.757;http://data.europa.eu/949/operationalPoint/0c7a6185a1;Rimforsa;http://publications.europa.eu/resource/authority/country/SWE;Sweden;;
http://data.europa.eu/949/sectionOfLine/c394c655c2;http://data.europa.eu/949/operationalPoint/12a3e8101e;Ånge;8;1.012;http://data.europa.eu/949/operationalPoint/fb72a00107;Ånge godsbangård;http://publications.europa.eu/resource/authority/country/SWE;Sweden;;
http://data.europa.eu/949/sectionOfLine/edf189cc36;http://data.europa.eu/949/operationalPoint/0c7a6185a1;Rimforsa;65;18.506;http://data.europa.eu/949/operationalPoint/eb39b50add;Kisa;http://publications.europa.eu/resource/authority/country/SWE;Sweden;;
http://data.europa.eu/949/sectionOfLine/75cf5db66d;http://data.europa.eu/949/operationalPoint/c8019ff22a;Bålsta;16;10.597;http://data.europa.eu/949/operationalPoint/19b3cb41b6;Ekolsund;http://publications.europa.eu/resource/authority/country/SWE;Sweden;;
http://data.europa.eu/949/sectionOfLine/dfbf7e90ad;http://data.europa.eu/949/operationalPoint/9b003a0069;Kirunavaara;21;9.22;http://data.europa.eu/949/operationalPoint/14b5afe856;Peuravaara;http://publications.europa.eu/resource/authority/country/SWE;Sweden;;
http://data.europa.eu/949/sectionOfLine/275a83b317;http://data.europa.eu/949/operationalPoint/12bfbb0d19;Mellösa;18;8.282;http://data.europa.eu/949/operationalPoint/76dec2edd7;Hälleforsnäs;http://publications.europa.eu/resource/authority/country/SWE;Sweden;;
http://data.europa.eu/949/sectionOfLine/169b68d3e8;http://data.europa.eu/949/operationalPoint/399aaa9d7c;Storvik;10;10.381;http://data.europa.eu/949/operationalPoint/dd6b0d2568;Granstanda;http://publications.europa.eu/resource/authority/country/SWE;Sweden;;
http://data.europa.eu/949/sectionOfLine/f2c0f7ed5e;http://data.europa.eu/949/operationalPoint/a0574dbaff;Kungsbacka;3;12.665;http://data.europa.eu/949/operationalPoint/647adc99c1;Lekarekulle;http://publications.europa.eu/resource/authority/country/SWE;Sweden;;
http://data.europa.eu/949/sectionOfLine/22e37cb691;http://data.europa.eu/949/operationalPoint/62bb68171d;Rydsgård;90;5.424;http://data.europa.eu/949/operationalPoint/6a65625a3a;Rynge;http://publications.europa.eu/resource/authority/country/SWE;Sweden;;
http://data.europa.eu/949/sectionOfLine/a4104dc399;http://data.europa.eu/949/operationalPoint/4e116a174c;Skellefteå;45;2.874;http://data.europa.eu/949/operationalPoint/9150fc0e46;Hedensbyn;http://publications.europa.eu/resource/authority/country/SWE;Sweden;;
http://data.europa.eu/949/sectionOfLine/7dabcdbc94;http://data.europa.eu/949/operationalPoint/d23781c1ea;Mora central;6;1.119;http://data.europa.eu/949/operationalPoint/456cc9765a;Morastrand;http://publications.europa.eu/resource/authority/country/SWE;Sweden;;
http://data.europa.eu/949/sectionOfLine/7c96f0814f;http://data.europa.eu/949/operationalPoint/84bfe39af2;Ekeby;5;6.636;http://data.europa.eu/949/operationalPoint/289b47cbdd;Säby;http://publications.europa.eu/resource/authority/country/SWE;Sweden;;
http://data.europa.eu/949/sectionOfLine/05d833f526;http://data.europa.eu/949/operationalPoint/fcb7e42a91;Mölndals nedre;3;5.474;http://data.europa.eu/949/operationalPoint/eb661c27da;Kållered;http://publications.europa.eu/resource/authority/country/SWE;Sweden;;
http://data.europa.eu/949/sectionOfLine/79c7e58f20;http://data.europa.eu/949/operationalPoint/13046081b9;Ulvshyttan;10;9.044;http://data.europa.eu/949/operationalPoint/1316c8820c;Rämshyttan;http://publications.europa.eu/resource/authority/country/SWE;Sweden;;
http://data.europa.eu/949/sectionOfLine/7bfb44cb9d;http://data.europa.eu/949/operationalPoint/a9e497dba3;Vagnhärad;2;12.989;http://data.europa.eu/949/operationalPoint/756b7882c4;Lästringe;http://publications.europa.eu/resource/authority/country/SWE;Sweden;;
http://data.europa.eu/949/sectionOfLine/a23a051268;http://data.europa.eu/949/operationalPoint/a5b11a5ef3;Frinnaryd;2;7.154;http://data.europa.eu/949/operationalPoint/3bd8962e30;Ralingsås;http://publications.europa.eu/resource/authority/country/SWE;Sweden;;
http://data.europa.eu/949/sectionOfLine/e7c78bca86;http://data.europa.eu/949/operationalPoint/58203fea33;Stenbacken;21;9.346;http://data.europa.eu/949/operationalPoint/972d5a758b;Kaisepakte;http://publications.europa.eu/resource/authority/country/SWE;Sweden;;
http://data.europa.eu/949/sectionOfLine/90f9c464d9;http://data.europa.eu/949/operationalPoint/aae4ddf75e;Storsund;7;9.345;http://data.europa.eu/949/operationalPoint/2c35cb6b89;Järneträsk;http://publications.europa.eu/resource/authority/country/SWE;Sweden;;
http://data.europa.eu/949/sectionOfLine/21efee36c6;http://data.europa.eu/949/operationalPoint/d4fdb7e11e;Kävlinge;3;5.912;http://data.europa.eu/949/operationalPoint/71c3081e46;Stävie;http://publications.europa.eu/resource/authority/country/SWE;Sweden;;
http://data.europa.eu/949/sectionOfLine/045003b47a;http://data.europa.eu/949/operationalPoint/003c1cb9b2;Frånö;31;4.061;http://data.europa.eu/949/operationalPoint/6242043b67;Kramfors;http://publications.europa.eu/resource/authority/country/SWE;Sweden;;
http://data.europa.eu/949/sectionOfLine/aab20e0425;http://data.europa.eu/949/operationalPoint/e8ab0d987f;Horndal;9;4.921;http://data.europa.eu/949/operationalPoint/3828524ac8;Byvalla;http://publications.europa.eu/resource/authority/country/SWE;Sweden;;
http://data.europa.eu/949/sectionOfLine/26d01468b1;http://data.europa.eu/949/operationalPoint/39e513a00c;Stöde;20;14.766;http://data.europa.eu/949/operationalPoint/8dbff12a5f;Nedansjö;http://publications.europa.eu/resource/authority/country/SWE;Sweden;;
http://data.europa.eu/949/sectionOfLine/8e80cc0b0a;http://data.europa.eu/949/operationalPoint/2e17e205a1;Johannisberg;20;2.808;http://data.europa.eu/949/operationalPoint/93f08b1120;Ljungaverks lastplats;http://publications.europa.eu/resource/authority/country/SWE;Sweden;;
http://data.europa.eu/949/sectionOfLine/d7a3241d10;http://data.europa.eu/949/operationalPoint/0eca03ed6a;Överum;66;11.678;http://data.europa.eu/949/operationalPoint/db384443a9;Gamleby;http://publications.europa.eu/resource/authority/country/SWE;Sweden;;
http://data.europa.eu/949/sectionOfLine/5d0ca4f413;http://data.europa.eu/949/operationalPoint/8346ada4c1;Kimstad;64;6.386;http://data.europa.eu/949/operationalPoint/50209de0c8;Skärblacka;http://publications.europa.eu/resource/authority/country/SWE;Sweden;;
http://data.europa.eu/949/sectionOfLine/3dd78409c4;http://data.europa.eu/949/operationalPoint/6514531a4e;Ottebol;12;10.255;http://data.europa.eu/949/operationalPoint/dda7d208c0;Åmotfors;http://publications.europa.eu/resource/authority/country/SWE;Sweden;;
http://data.europa.eu/949/sectionOfLine/4fc00fe2a0;http://data.europa.eu/949/operationalPoint/a1ddd98266;Tomelilla;90;15.339;http://data.europa.eu/949/operationalPoint/af2ad4d433;Gärsnäs;http://publications.europa.eu/resource/authority/country/SWE;Sweden;;
http://data.europa.eu/949/sectionOfLine/55370b9b5b;http://data.europa.eu/949/operationalPoint/095c2de343;Korsnäs;10;4.543;http://data.europa.eu/949/operationalPoint/330e803a2e;Falun central;http://publications.europa.eu/resource/authority/country/SWE;Sweden;;
http://data.europa.eu/949/sectionOfLine/70280b7ceb;http://data.europa.eu/949/operationalPoint/ce8af2108d;Frändefors;11;7.455;http://data.europa.eu/949/operationalPoint/bdef127ad8;Bjurhem;http://publications.europa.eu/resource/authority/country/SWE;Sweden;;
http://data.europa.eu/949/sectionOfLine/629a900149;http://data.europa.eu/949/operationalPoint/5a8a5e6be2;Ättekulla;3;2.797;http://data.europa.eu/949/operationalPoint/eca81cd7b8;Helsingborgs godsbangård;http://publications.europa.eu/resource/authority/country/SWE;Sweden;;
http://data.europa.eu/949/sectionOfLine/6c26a5e5df;http://data.europa.eu/949/operationalPoint/4e82a56c93;Sandhem;14;11.807;http://data.europa.eu/949/operationalPoint/cf97c77ec6;Mullsjö;http://publications.europa.eu/resource/authority/country/SWE;Sweden;;
http://data.europa.eu/949/sectionOfLine/afa9f693ea;http://data.europa.eu/949/operationalPoint/d39e1d1a5a;Sjösa;2;6.833;http://data.europa.eu/949/operationalPoint/b5a3079011;Nyköpings central;http://publications.europa.eu/resource/authority/country/SWE;Sweden;;
http://data.europa.eu/949/sectionOfLine/e12f4e15f5;http://data.europa.eu/949/operationalPoint/92aa22786b;Hudiksvall;5;11.428;http://data.europa.eu/949/operationalPoint/45e5a811bc;Via;http://publications.europa.eu/resource/authority/country/SWE;Sweden;;
http://data.europa.eu/949/sectionOfLine/987b748eb0;http://data.europa.eu/949/operationalPoint/45ca33a60b;Storebro;65;11.165;http://data.europa.eu/949/operationalPoint/0ca870805d;Hultsfred;http://publications.europa.eu/resource/authority/country/SWE;Sweden;;
http://data.europa.eu/949/sectionOfLine/87302c3182;http://data.europa.eu/949/operationalPoint/ed12cb0043;Kiruna malmbangård;21;2.036;http://data.europa.eu/949/operationalPoint/14b5afe856;Peuravaara;http://publications.europa.eu/resource/authority/country/SWE;Sweden;;
http://data.europa.eu/949/sectionOfLine/4b226fa1ff;http://data.europa.eu/949/operationalPoint/f2d3ac8a54;Daglösen;10;14.123;http://data.europa.eu/949/operationalPoint/483dcc8ed6;Geijersdal;http://publications.europa.eu/resource/authority/country/SWE;Sweden;;
http://data.europa.eu/949/sectionOfLine/d23f387440;http://data.europa.eu/949/operationalPoint/696e96d32e;Bohus;11;8.091;http://data.europa.eu/949/operationalPoint/c6610f45bc;Agnesberg;http://publications.europa.eu/resource/authority/country/SWE;Sweden;;
http://data.europa.eu/949/sectionOfLine/17dc9e4023;http://data.europa.eu/949/operationalPoint/3826ede1c8;Tyllered;3;8.532;http://data.europa.eu/949/operationalPoint/f79481126c;Torebo;http://publications.europa.eu/resource/authority/country/SWE;Sweden;;
http://data.europa.eu/949/sectionOfLine/8864b45bb8;http://data.europa.eu/949/operationalPoint/2651d5a1f6;Lyckselesågen;44;1.581;http://data.europa.eu/949/operationalPoint/e8e828fba6;Lycksele industrispår;http://publications.europa.eu/resource/authority/country/SWE;Sweden;;
http://data.europa.eu/949/sectionOfLine/ac3939ae1e;http://data.europa.eu/949/operationalPoint/3828524ac8;Byvalla;9;4.525;http://data.europa.eu/949/operationalPoint/0816b12e4b;Dalgränsen;http://publications.europa.eu/resource/authority/country/SWE;Sweden;;
http://data.europa.eu/949/sectionOfLine/9dce87899e;http://data.europa.eu/949/operationalPoint/d1d78b0b07;Furet;3;2.33;http://data.europa.eu/949/operationalPoint/9eb136cbe0;Halmstads central;http://publications.europa.eu/resource/authority/country/SWE;Sweden;;
http://data.europa.eu/949/sectionOfLine/3ccefae203;http://data.europa.eu/949/operationalPoint/aff2c15cf7;Trehörningsjö;7;13.167;http://data.europa.eu/949/operationalPoint/a300eefd47;Norrfors;http://publications.europa.eu/resource/authority/country/SWE;Sweden;;
http://data.europa.eu/949/sectionOfLine/c78e16d7a5;http://data.europa.eu/949/operationalPoint/c06d6903d7;Häggsjön;31;4.792;http://data.europa.eu/949/operationalPoint/3cf98b82a0;Hällenyland;http://publications.europa.eu/resource/authority/country/SWE;Sweden;;
http://data.europa.eu/949/sectionOfLine/c8ca8d0ebc;http://data.europa.eu/949/operationalPoint/b55e22cd9d;Uddevalla central;15;13.66;http://data.europa.eu/949/operationalPoint/11606a5808;Ryr;http://publications.europa.eu/resource/authority/country/SWE;Sweden;;
http://data.europa.eu/949/sectionOfLine/95ccd007cd;http://data.europa.eu/949/operationalPoint/9c9dd13139;Herrljunga västra;1;10.125;http://data.europa.eu/949/operationalPoint/a73bbd606e;Vårgårda;http://publications.europa.eu/resource/authority/country/SWE;Sweden;;
http://data.europa.eu/949/sectionOfLine/7cdb5c0d40;http://data.europa.eu/949/operationalPoint/8cfbd04b19;Gagnef;6;9.27;http://data.europa.eu/949/operationalPoint/7b021be12b;Insjön;http://publications.europa.eu/resource/authority/country/SWE;Sweden;;
http://data.europa.eu/949/sectionOfLine/f107887267;http://data.europa.eu/949/operationalPoint/d7abcf77a8;Grimsås;4;5.369;http://data.europa.eu/949/operationalPoint/92aa96b5f1;Hestra;http://publications.europa.eu/resource/authority/country/SWE;Sweden;;
http://data.europa.eu/949/sectionOfLine/ddbf0f4f23;http://data.europa.eu/949/operationalPoint/812bb023d4;Stavre;20;12.657;http://data.europa.eu/949/operationalPoint/fe38eea532;Gällö;http://publications.europa.eu/resource/authority/country/SWE;Sweden;;
http://data.europa.eu/949/sectionOfLine/9cd6597caa;http://data.europa.eu/949/operationalPoint/2d51c2c91d;Skene;77;19.473;http://data.europa.eu/949/operationalPoint/54ed653ad9;Horred;http://publications.europa.eu/resource/authority/country/SWE;Sweden;;
http://data.europa.eu/949/sectionOfLine/ec58d32177;http://data.europa.eu/949/operationalPoint/ec6c9be930;Silverdalens bruk;80;6.084;http://data.europa.eu/949/operationalPoint/873a6e1bd0;Hulingsryd;http://publications.europa.eu/resource/authority/country/SWE;Sweden;;
http://data.europa.eu/949/sectionOfLine/3c0c657022;http://data.europa.eu/949/operationalPoint/913c69043c;Skälebol;11;4.175;http://data.europa.eu/949/operationalPoint/6246e7c55e;Råskogen;http://publications.europa.eu/resource/authority/country/SWE;Sweden;;
http://data.europa.eu/949/sectionOfLine/a9d2f80df5;http://data.europa.eu/949/operationalPoint/5d2a1c7d7e;Surahammar;63;9.731;http://data.europa.eu/949/operationalPoint/bfd4be2447;Brattheden;http://publications.europa.eu/resource/authority/country/SWE;Sweden;;
http://data.europa.eu/949/sectionOfLine/c6394a0514;http://data.europa.eu/949/operationalPoint/d0c2b5e0bb;Ransta;18;13.355;http://data.europa.eu/949/operationalPoint/a41c1eccca;Sala;http://publications.europa.eu/resource/authority/country/SWE;Sweden;;
http://data.europa.eu/949/sectionOfLine/40883131d3;http://data.europa.eu/949/operationalPoint/4de599c534;Rottneros;70;4.903;http://data.europa.eu/949/operationalPoint/9fbe899d22;Sunne;http://publications.europa.eu/resource/authority/country/SWE;Sweden;;
http://data.europa.eu/949/sectionOfLine/a3004e994c;http://data.europa.eu/949/operationalPoint/43a57cf2fc;Fellingsbro;16;6.838;http://data.europa.eu/949/operationalPoint/3f91e96a21;Ålsäng;http://publications.europa.eu/resource/authority/country/SWE;Sweden;;
http://data.europa.eu/949/sectionOfLine/32456335fb;http://data.europa.eu/949/operationalPoint/a65100c19e;Umeå central;7;2.016;http://data.europa.eu/949/operationalPoint/08793836b0;Umeå östra;http://publications.europa.eu/resource/authority/country/SWE;Sweden;;
http://data.europa.eu/949/sectionOfLine/968403269a;http://data.europa.eu/949/operationalPoint/25a714c6cd;Uppsala central;5;6.592;http://data.europa.eu/949/operationalPoint/0a792e4f35;Samnan;http://publications.europa.eu/resource/authority/country/SWE;Sweden;;
http://data.europa.eu/949/sectionOfLine/9538416e35;http://data.europa.eu/949/operationalPoint/4cedfa3393;Åstorp;13;1.509;http://data.europa.eu/949/operationalPoint/88e2d40263;Annedal;http://publications.europa.eu/resource/authority/country/SWE;Sweden;;
http://data.europa.eu/949/sectionOfLine/b8e004ee1c;http://data.europa.eu/949/operationalPoint/4ddd97cb50;Södertälje syd undre;1;3.061;http://data.europa.eu/949/operationalPoint/5b69c52e29;Södertälje syd övre;http://publications.europa.eu/resource/authority/country/SWE;Sweden;;
http://data.europa.eu/949/sectionOfLine/7b32276edd;http://data.europa.eu/949/operationalPoint/36eb6ebeba;Bjärka-Säby;65;12.968;http://data.europa.eu/949/operationalPoint/973220b288;Viresjö;http://publications.europa.eu/resource/authority/country/SWE;Sweden;;
http://data.europa.eu/949/sectionOfLine/1e5eae4c64;http://data.europa.eu/949/operationalPoint/4cedfa3393;Åstorp;13;8.96;http://data.europa.eu/949/operationalPoint/edf78e4817;Billesholm;http://publications.europa.eu/resource/authority/country/SWE;Sweden;;
http://data.europa.eu/949/sectionOfLine/3c8f588695;http://data.europa.eu/949/operationalPoint/bbeef5cfb0;Tomteboda bangård;27;0.892;http://data.europa.eu/949/operationalPoint/b923548426;Stockholms norra;http://publications.europa.eu/resource/authority/country/SWE;Sweden;;
http://data.europa.eu/949/sectionOfLine/e48fd55a41;http://data.europa.eu/949/operationalPoint/54c72d6a8c;Dala-Järna;53;11.085;http://data.europa.eu/949/operationalPoint/da2057c52d;Vansbro;http://publications.europa.eu/resource/authority/country/SWE;Sweden;;
http://data.europa.eu/949/sectionOfLine/bee30ad8dc;http://data.europa.eu/949/operationalPoint/f3176506de;Ölme;12;9.049;http://data.europa.eu/949/operationalPoint/dbff0e9192;Väse;http://publications.europa.eu/resource/authority/country/SWE;Sweden;;
http://data.europa.eu/949/sectionOfLine/f1c3e9c2b5;http://data.europa.eu/949/operationalPoint/715882f733;Kungsgården;10;5.841;http://data.europa.eu/949/operationalPoint/399aaa9d7c;Storvik;http://publications.europa.eu/resource/authority/country/SWE;Sweden;;
http://data.europa.eu/949/sectionOfLine/712ad450b3;http://data.europa.eu/949/operationalPoint/f72f5f2e5d;Kallhäll;16;5.203;http://data.europa.eu/949/operationalPoint/256881fa48;Kungsängen;http://publications.europa.eu/resource/authority/country/SWE;Sweden;;
http://data.europa.eu/949/sectionOfLine/fd475ab5f0;http://data.europa.eu/949/operationalPoint/9751631408;Björkliden;21;9.129;http://data.europa.eu/949/operationalPoint/e4d1f0805d;Kopparåsen;http://publications.europa.eu/resource/authority/country/SWE;Sweden;;
http://data.europa.eu/949/sectionOfLine/371d46156b;http://data.europa.eu/949/operationalPoint/4db573d51e;Bräcke;8;11.046;http://data.europa.eu/949/operationalPoint/812bb023d4;Stavre;http://publications.europa.eu/resource/authority/country/SWE;Sweden;;
http://data.europa.eu/949/sectionOfLine/01e40d5dcc;http://data.europa.eu/949/operationalPoint/b800effa02;Stockviksverkens nedre;5;6.158;http://data.europa.eu/949/operationalPoint/53b961f03b;Sundsvalls central;http://publications.europa.eu/resource/authority/country/SWE;Sweden;;
http://data.europa.eu/949/sectionOfLine/c6280b75a7;http://data.europa.eu/949/operationalPoint/bbc67c354e;Örnsköldsvik norra;28;3.14;http://data.europa.eu/949/operationalPoint/9ab78a3c45;Arnäsvall;http://publications.europa.eu/resource/authority/country/SWE;Sweden;;
http://data.europa.eu/949/sectionOfLine/a770fe2979;http://data.europa.eu/949/operationalPoint/92545ee5fb;Habo;14;8.336;http://data.europa.eu/949/operationalPoint/6f8bb59e26;Bankeryd;http://publications.europa.eu/resource/authority/country/SWE;Sweden;;
http://data.europa.eu/949/sectionOfLine/9c9adc7405;http://data.europa.eu/949/operationalPoint/dff2887cf9;Påarp;13;3.241;http://data.europa.eu/949/operationalPoint/5a8a5e6be2;Ättekulla;http://publications.europa.eu/resource/authority/country/SWE;Sweden;;
http://data.europa.eu/949/sectionOfLine/3198012170;http://data.europa.eu/949/operationalPoint/7eeae69904;Alingsås;1;5.418;http://data.europa.eu/949/operationalPoint/20966f766f;Bryngenäs;http://publications.europa.eu/resource/authority/country/SWE;Sweden;;
http://data.europa.eu/949/sectionOfLine/3761533799;http://data.europa.eu/949/operationalPoint/c9478737fa;Strängnäs;17;6.931;http://data.europa.eu/949/operationalPoint/7179b4e032;Härad;http://publications.europa.eu/resource/authority/country/SWE;Sweden;;
http://data.europa.eu/949/sectionOfLine/38a37e030b;http://data.europa.eu/949/operationalPoint/59bab71781;Skärpan;5;5.554;http://data.europa.eu/949/operationalPoint/f000d8d2b2;Tierp;http://publications.europa.eu/resource/authority/country/SWE;Sweden;;
http://data.europa.eu/949/sectionOfLine/bb08509a69;http://data.europa.eu/949/operationalPoint/d4fdb7e11e;Kävlinge;3;11.034;http://data.europa.eu/949/operationalPoint/0584ec4a76;Lund c;http://publications.europa.eu/resource/authority/country/SWE;Sweden;;
http://data.europa.eu/949/sectionOfLine/bf9aa72840;http://data.europa.eu/949/operationalPoint/ab420260b4;Genevad;33;19.117;http://data.europa.eu/949/operationalPoint/89e5f8b1ce;Knäred;http://publications.europa.eu/resource/authority/country/SWE;Sweden;;
http://data.europa.eu/949/sectionOfLine/46b355c67f;http://data.europa.eu/949/operationalPoint/2c9ebdf089;Alvhem;74;2.105;http://data.europa.eu/949/operationalPoint/fb6dfb184b;Lödöse;http://publications.europa.eu/resource/authority/country/SWE;Sweden;;
http://data.europa.eu/949/sectionOfLine/b3acf395a4;http://data.europa.eu/949/operationalPoint/e034f84d4f;Blomstermåla;65;20.827;http://data.europa.eu/949/operationalPoint/ad2ba2d0dd;Ruda;http://publications.europa.eu/resource/authority/country/SWE;Sweden;;
http://data.europa.eu/949/sectionOfLine/99608fae15;http://data.europa.eu/949/operationalPoint/913c69043c;Skälebol;11;5.789;http://data.europa.eu/949/operationalPoint/43334a97e2;Brålanda;http://publications.europa.eu/resource/authority/country/SWE;Sweden;;
http://data.europa.eu/949/sectionOfLine/3080cfb313;http://data.europa.eu/949/operationalPoint/891afa6650;Skorped;7;10.627;http://data.europa.eu/949/operationalPoint/41c83748bd;Kälvattnet;http://publications.europa.eu/resource/authority/country/SWE;Sweden;;
http://data.europa.eu/949/sectionOfLine/69e8099f45;http://data.europa.eu/949/operationalPoint/812ff8f852;Svedje;31;10.875;http://data.europa.eu/949/operationalPoint/9aa1d65297;Mörtsal;http://publications.europa.eu/resource/authority/country/SWE;Sweden;;
http://data.europa.eu/949/sectionOfLine/ff6ff559ce;http://data.europa.eu/949/operationalPoint/54090fc79c;Pölsebo;23;2.824;http://data.europa.eu/949/operationalPoint/a0b45bd27b;Göteborg Skandiahamnen;http://publications.europa.eu/resource/authority/country/SWE;Sweden;;
http://data.europa.eu/949/sectionOfLine/7cc02fbaee;http://data.europa.eu/949/operationalPoint/d7eeec8cb6;Forsmo;7;28.4;http://data.europa.eu/949/operationalPoint/39b068e17e;Ådalsliden;http://publications.europa.eu/resource/authority/country/SWE;Sweden;;
http://data.europa.eu/949/sectionOfLine/cdf588eac6;http://data.europa.eu/949/operationalPoint/af970a4947;Dynäs;31;12.78;http://data.europa.eu/949/operationalPoint/f02ceacc6e;Västeraspby;http://publications.europa.eu/resource/authority/country/SWE;Sweden;;
http://data.europa.eu/949/sectionOfLine/f2d61c652a;http://data.europa.eu/949/operationalPoint/14c7b315c0;Ljuså;21;13.086;http://data.europa.eu/949/operationalPoint/7fda2a3b84;Gransjö;http://publications.europa.eu/resource/authority/country/SWE;Sweden;;
http://data.europa.eu/949/sectionOfLine/bcaddf61c7;http://data.europa.eu/949/operationalPoint/542249e91d;Skattkärr;12;5.716;http://data.europa.eu/949/operationalPoint/a679d654f3;Karlstad Välsviken;http://publications.europa.eu/resource/authority/country/SWE;Sweden;;
http://data.europa.eu/949/sectionOfLine/9353ec1a0b;http://data.europa.eu/949/operationalPoint/a1c47ee121;Bredviken;29;7.995;http://data.europa.eu/949/operationalPoint/6455842808;Stensundberget;http://publications.europa.eu/resource/authority/country/SWE;Sweden;;
http://data.europa.eu/949/sectionOfLine/86379c43ed;http://data.europa.eu/949/operationalPoint/88de4be812;Huskvarna;14;9.526;http://data.europa.eu/949/operationalPoint/4804752bd5;Tenhult;http://publications.europa.eu/resource/authority/country/SWE;Sweden;;
http://data.europa.eu/949/sectionOfLine/f9938aae7d;http://data.europa.eu/949/operationalPoint/83f5b2caeb;Harasjön;28;12.506;http://data.europa.eu/949/operationalPoint/f5aab2478b;Hämrasviken;http://publications.europa.eu/resource/authority/country/SWE;Sweden;;
http://data.europa.eu/949/sectionOfLine/4d08d166a0;http://data.europa.eu/949/operationalPoint/075e6ad447;Velanda södra;11;9.877;http://data.europa.eu/949/operationalPoint/3767d82064;Varpemossen;http://publications.europa.eu/resource/authority/country/SWE;Sweden;;
http://data.europa.eu/949/sectionOfLine/857d150e5a;http://data.europa.eu/949/operationalPoint/6d4f5fb0c8;Norra Valbo;10;7.308;http://data.europa.eu/949/operationalPoint/a2d3164878;Forsbacka;http://publications.europa.eu/resource/authority/country/SWE;Sweden;;
http://data.europa.eu/949/sectionOfLine/97a7d2a2f3;http://data.europa.eu/949/operationalPoint/94b6b44f21;Kärreberga;13;2.27;http://data.europa.eu/949/operationalPoint/4cedfa3393;Åstorp;http://publications.europa.eu/resource/authority/country/SWE;Sweden;;
http://data.europa.eu/949/sectionOfLine/25e3bfd25e;http://data.europa.eu/949/operationalPoint/7d1f25fea0;Gammelstad;7;5.028;http://data.europa.eu/949/operationalPoint/54ca3f1d6f;Notviken;http://publications.europa.eu/resource/authority/country/SWE;Sweden;;
http://data.europa.eu/949/sectionOfLine/2a0d762828;http://data.europa.eu/949/operationalPoint/3ced5590d7;Garsås;6;17.968;http://data.europa.eu/949/operationalPoint/d23781c1ea;Mora central;http://publications.europa.eu/resource/authority/country/SWE;Sweden;;
http://data.europa.eu/949/sectionOfLine/0040a15b36;http://data.europa.eu/949/operationalPoint/a44d36281b;Toresta;16;4.733;http://data.europa.eu/949/operationalPoint/c8019ff22a;Bålsta;http://publications.europa.eu/resource/authority/country/SWE;Sweden;;
http://data.europa.eu/949/sectionOfLine/4b260dec0d;http://data.europa.eu/949/operationalPoint/66528cf51f;Skåre;12;8.31;http://data.europa.eu/949/operationalPoint/f35956a24e;Klingerud;http://publications.europa.eu/resource/authority/country/SWE;Sweden;;
http://data.europa.eu/949/sectionOfLine/bbaffea042;http://data.europa.eu/949/operationalPoint/c32d1d3877;Jönköpings central;14;4.505;http://data.europa.eu/949/operationalPoint/87d1e91b0c;Jönköpings godsbangård;http://publications.europa.eu/resource/authority/country/SWE;Sweden;;
http://data.europa.eu/949/sectionOfLine/53c67d8697;http://data.europa.eu/949/operationalPoint/b1dffa479b;Barva;17;7.701;http://data.europa.eu/949/operationalPoint/e1082b3430;Kjula;http://publications.europa.eu/resource/authority/country/SWE;Sweden;;
http://data.europa.eu/949/sectionOfLine/1f2d36fb5f;http://data.europa.eu/949/operationalPoint/7c8b920e12;Älmhult;2;10.12;http://data.europa.eu/949/operationalPoint/50ca50d5df;Hökön;http://publications.europa.eu/resource/authority/country/SWE;Sweden;;
http://data.europa.eu/949/sectionOfLine/0d33634817;http://data.europa.eu/949/operationalPoint/c893e7aaab;Västerås central;16;2.955;http://data.europa.eu/949/operationalPoint/1f04fd4acf;Västerås västra;http://publications.europa.eu/resource/authority/country/SWE;Sweden;;
http://data.europa.eu/949/sectionOfLine/90d439fba2;http://data.europa.eu/949/operationalPoint/8f3c94d886;Koskivaara;21;12.466;http://data.europa.eu/949/operationalPoint/e266f2c9a5;Nattavaara;http://publications.europa.eu/resource/authority/country/SWE;Sweden;;
http://data.europa.eu/949/sectionOfLine/eeedc842c3;http://data.europa.eu/949/operationalPoint/dda7d208c0;Åmotfors;12;14.328;http://data.europa.eu/949/operationalPoint/ca09f582cf;Charlottenberg;http://publications.europa.eu/resource/authority/country/SWE;Sweden;;
http://data.europa.eu/949/sectionOfLine/0a2ba47d1f;http://data.europa.eu/949/operationalPoint/0e8e850cc4;Lindome;3;5.975;http://data.europa.eu/949/operationalPoint/3dc4537201;Ledsgård;http://publications.europa.eu/resource/authority/country/SWE;Sweden;;
http://data.europa.eu/949/sectionOfLine/56b45ad044;http://data.europa.eu/949/operationalPoint/8dbff12a5f;Nedansjö;20;8.466;http://data.europa.eu/949/operationalPoint/fb0c354cda;Vattjom;http://publications.europa.eu/resource/authority/country/SWE;Sweden;;
http://data.europa.eu/949/sectionOfLine/b3a8b359ab;http://data.europa.eu/949/operationalPoint/3fa75824dd;Kil;11;10.348;http://data.europa.eu/949/operationalPoint/ba69260110;Edsvalla;http://publications.europa.eu/resource/authority/country/SWE;Sweden;;
http://data.europa.eu/949/sectionOfLine/131b2a3ebd;http://data.europa.eu/949/operationalPoint/492e88ac47;Stöcke;28;6.706;http://data.europa.eu/949/operationalPoint/d1528fd82a;Gimonäs;http://publications.europa.eu/resource/authority/country/SWE;Sweden;;
http://data.europa.eu/949/sectionOfLine/845cf38fad;http://data.europa.eu/949/operationalPoint/db384443a9;Gamleby;66;24.309;http://data.europa.eu/949/operationalPoint/dd8529077e;Västervik;http://publications.europa.eu/resource/authority/country/SWE;Sweden;;
http://data.europa.eu/949/sectionOfLine/bc5a57b2f2;http://data.europa.eu/949/operationalPoint/a4d3562a20;Attarp;13;5.628;http://data.europa.eu/949/operationalPoint/4f86dad8bc;Vinslöv;http://publications.europa.eu/resource/authority/country/SWE;Sweden;;
http://data.europa.eu/949/sectionOfLine/58b91e4f85;http://data.europa.eu/949/operationalPoint/399db9d5cc;Slätte;1;7.931;http://data.europa.eu/949/operationalPoint/d812d79b73;Töreboda;http://publications.europa.eu/resource/authority/country/SWE;Sweden;;
http://data.europa.eu/949/sectionOfLine/c9dad2a5d9;http://data.europa.eu/949/operationalPoint/0b138a5b9d;Härryda;4;9.129;http://data.europa.eu/949/operationalPoint/a64c27d127;Hindås;http://publications.europa.eu/resource/authority/country/SWE;Sweden;;
http://data.europa.eu/949/sectionOfLine/fa5b72f100;http://data.europa.eu/949/operationalPoint/86401ef9e0;Enstaberga;2;7.492;http://data.europa.eu/949/operationalPoint/95f7832f5f;Jönåker;http://publications.europa.eu/resource/authority/country/SWE;Sweden;;
http://data.europa.eu/949/sectionOfLine/ba106ac74e;http://data.europa.eu/949/operationalPoint/4e69b4099d;Mertainen;21;5.447;http://data.europa.eu/949/operationalPoint/a61139ed9b;Pitkäjärvi;http://publications.europa.eu/resource/authority/country/SWE;Sweden;;
http://data.europa.eu/949/sectionOfLine/d2271baa20;http://data.europa.eu/949/operationalPoint/64d5b4365a;Krokom OJ;20;1.872;http://data.europa.eu/949/operationalPoint/f8b6b1cff7;Storflon;http://publications.europa.eu/resource/authority/country/SWE;Sweden;;
http://data.europa.eu/949/sectionOfLine/c36bf9ca3f;http://data.europa.eu/949/operationalPoint/e5763fdc21;Bjärnum;33;15.906;http://data.europa.eu/949/operationalPoint/f387e14cd9;Hässleholm;http://publications.europa.eu/resource/authority/country/SWE;Sweden;;
http://data.europa.eu/949/sectionOfLine/d69fec3945;http://data.europa.eu/949/operationalPoint/6c6ea0a39f;Handen;19;6.51;http://data.europa.eu/949/operationalPoint/27db4bfe7b;Skogås;http://publications.europa.eu/resource/authority/country/SWE;Sweden;;
http://data.europa.eu/949/sectionOfLine/242e9870f0;http://data.europa.eu/949/operationalPoint/5cdef13d38;Söderhamns västra;5;4.434;http://data.europa.eu/949/operationalPoint/05328aaa1a;Källene;http://publications.europa.eu/resource/authority/country/SWE;Sweden;;
http://data.europa.eu/949/sectionOfLine/f5cc668ea0;http://data.europa.eu/949/operationalPoint/2be37b1695;Hamrångefjärden;5;7.922;http://data.europa.eu/949/operationalPoint/a364afdc91;Kringlan;http://publications.europa.eu/resource/authority/country/SWE;Sweden;;
http://data.europa.eu/949/sectionOfLine/3f219868ab;http://data.europa.eu/949/operationalPoint/7035366a13;Repbäcken;53;23.123;http://data.europa.eu/949/operationalPoint/14cc2bdb0a;Mockfjärd;http://publications.europa.eu/resource/authority/country/SWE;Sweden;;
http://data.europa.eu/949/sectionOfLine/53c32e17a7;http://data.europa.eu/949/operationalPoint/741a6f186f;Äng;14;8.903;http://data.europa.eu/949/operationalPoint/95ea2ad491;Nässjö central;http://publications.europa.eu/resource/authority/country/SWE;Sweden;;
http://data.europa.eu/949/sectionOfLine/61c3f3f6f1;http://data.europa.eu/949/operationalPoint/c5bb6ca8cd;Torsåker;9;8.862;http://data.europa.eu/949/operationalPoint/399aaa9d7c;Storvik;http://publications.europa.eu/resource/authority/country/SWE;Sweden;;
http://data.europa.eu/949/sectionOfLine/4c5af1dbfc;http://data.europa.eu/949/operationalPoint/eb661c27da;Kållered;3;4.276;http://data.europa.eu/949/operationalPoint/0e8e850cc4;Lindome;http://publications.europa.eu/resource/authority/country/SWE;Sweden;;
http://data.europa.eu/949/sectionOfLine/e787df965b;http://data.europa.eu/949/operationalPoint/75622918b7;Gideåbacka;28;4.543;http://data.europa.eu/949/operationalPoint/e2e2638249;Husums norra;http://publications.europa.eu/resource/authority/country/SWE;Sweden;;
http://data.europa.eu/949/sectionOfLine/16e90de150;http://data.europa.eu/949/operationalPoint/cd73ef0f7e;Karlsberg;7;5.717;http://data.europa.eu/949/operationalPoint/b642b38117;Dockmyr;http://publications.europa.eu/resource/authority/country/SWE;Sweden;;
http://data.europa.eu/949/sectionOfLine/7137f295c4;http://data.europa.eu/949/operationalPoint/d4c58c602e;Lappberg;21;10.66;http://data.europa.eu/949/operationalPoint/ef875d2d2b;Gäddmyr;http://publications.europa.eu/resource/authority/country/SWE;Sweden;;
http://data.europa.eu/949/sectionOfLine/19862c8b96;http://data.europa.eu/949/operationalPoint/657f288fcd;Kristinehamn;12;2.348;http://data.europa.eu/949/operationalPoint/b162223f0e;Spjutbäcken;http://publications.europa.eu/resource/authority/country/SWE;Sweden;;
http://data.europa.eu/949/sectionOfLine/215261280a;http://data.europa.eu/949/operationalPoint/3d7d4dd577;Stockholm Odenplan;22;1.611;http://data.europa.eu/949/operationalPoint/2564c6301c;Stockholm City;http://publications.europa.eu/resource/authority/country/SWE;Sweden;;
http://data.europa.eu/949/sectionOfLine/e70d7f793e;http://data.europa.eu/949/operationalPoint/483dcc8ed6;Geijersdal;10;20.845;http://data.europa.eu/949/operationalPoint/094a3df6e5;Sandmon;http://publications.europa.eu/resource/authority/country/SWE;Sweden;;
http://data.europa.eu/949/sectionOfLine/6d48acf953;http://data.europa.eu/949/operationalPoint/5c5241e4b6;Arboga;16;8.346;http://data.europa.eu/949/operationalPoint/7e49860139;Valskog;http://publications.europa.eu/resource/authority/country/SWE;Sweden;;
http://data.europa.eu/949/sectionOfLine/53ae579f75;http://data.europa.eu/949/operationalPoint/ee52f8e0f2;Mölnbo;1;6.655;http://data.europa.eu/949/operationalPoint/faf8b410be;Gnesta;http://publications.europa.eu/resource/authority/country/SWE;Sweden;;
http://data.europa.eu/949/sectionOfLine/42a53c8bf7;http://data.europa.eu/949/operationalPoint/075c6412da;Vargön;15;18.572;http://data.europa.eu/949/operationalPoint/f6ed8dac4e;Grästorp;http://publications.europa.eu/resource/authority/country/SWE;Sweden;;
http://data.europa.eu/949/sectionOfLine/5c297a8133;http://data.europa.eu/949/operationalPoint/14cc2bdb0a;Mockfjärd;53;18.028;http://data.europa.eu/949/operationalPoint/a7db7bee13;Björbo;http://publications.europa.eu/resource/authority/country/SWE;Sweden;;
http://data.europa.eu/949/sectionOfLine/e69dab5812;http://data.europa.eu/949/operationalPoint/6fc3f73606;Laxå;1;11.5;http://data.europa.eu/949/operationalPoint/31f6d4262f;Hasselfors;http://publications.europa.eu/resource/authority/country/SWE;Sweden;;
http://data.europa.eu/949/sectionOfLine/bfbd251040;http://data.europa.eu/949/operationalPoint/d04b5da2ec;Önaskogen;9;10.7;http://data.europa.eu/949/operationalPoint/756b10de39;Motala central;http://publications.europa.eu/resource/authority/country/SWE;Sweden;;
http://data.europa.eu/949/sectionOfLine/1910e27b63;http://data.europa.eu/949/operationalPoint/b08770c5e3;Hovmantorp;4;8.865;http://data.europa.eu/949/operationalPoint/2bd3c8dba2;Lessebo;http://publications.europa.eu/resource/authority/country/SWE;Sweden;;
http://data.europa.eu/949/sectionOfLine/000fcaa096;http://data.europa.eu/949/operationalPoint/e749193892;Borlänge central;6;7.331;http://data.europa.eu/949/operationalPoint/7035366a13;Repbäcken;http://publications.europa.eu/resource/authority/country/SWE;Sweden;;
http://data.europa.eu/949/sectionOfLine/11554442ea;http://data.europa.eu/949/operationalPoint/b0c8612b8b;Svågertorp;24;2.602;http://data.europa.eu/949/operationalPoint/2607fc1637;Lockarp;http://publications.europa.eu/resource/authority/country/SWE;Sweden;;
http://data.europa.eu/949/sectionOfLine/272d07e324;http://data.europa.eu/949/operationalPoint/2bd3c8dba2;Lessebo;4;11.402;http://data.europa.eu/949/operationalPoint/6d21b9b4f9;Skruv;http://publications.europa.eu/resource/authority/country/SWE;Sweden;;
http://data.europa.eu/949/sectionOfLine/485817727f;http://data.europa.eu/949/operationalPoint/3c35afaa34;Stenstorp;1;12.37;http://data.europa.eu/949/operationalPoint/15f26306d8;Falköpings norra;http://publications.europa.eu/resource/authority/country/SWE;Sweden;;
http://data.europa.eu/949/sectionOfLine/cab39f99ee;http://data.europa.eu/949/operationalPoint/320f8ba37e;Norra Sunderbyn;7;4.232;http://data.europa.eu/949/operationalPoint/8616685145;Sunderbyns sjukhus;http://publications.europa.eu/resource/authority/country/SWE;Sweden;;
http://data.europa.eu/949/sectionOfLine/b4ea019f80;http://data.europa.eu/949/operationalPoint/b04c6e8bfb;Stordalen;21;10.315;http://data.europa.eu/949/operationalPoint/6377425103;Abisko östra;http://publications.europa.eu/resource/authority/country/SWE;Sweden;;
http://data.europa.eu/949/sectionOfLine/bb78e87d56;http://data.europa.eu/949/operationalPoint/a420033d68;Hälsingenybo;8;6.33;http://data.europa.eu/949/operationalPoint/a3091912c7;Örabäcken;http://publications.europa.eu/resource/authority/country/SWE;Sweden;;
http://data.europa.eu/949/sectionOfLine/7941ebd834;http://data.europa.eu/949/operationalPoint/dff09cec09;Oxelösund;18;12.202;http://data.europa.eu/949/operationalPoint/ba9b2f3357;Nyköping södra;http://publications.europa.eu/resource/authority/country/SWE;Sweden;;
http://data.europa.eu/949/sectionOfLine/1ceb9e9de5;http://data.europa.eu/949/operationalPoint/bdef127ad8;Bjurhem;11;8.068;http://data.europa.eu/949/operationalPoint/e48e0db7dc;Öxnered;http://publications.europa.eu/resource/authority/country/SWE;Sweden;;
http://data.europa.eu/949/sectionOfLine/52aee42a2a;http://data.europa.eu/949/operationalPoint/c785e44b46;Rotebro;5;5.351;http://data.europa.eu/949/operationalPoint/d5f39f7317;Upplands Väsby;http://publications.europa.eu/resource/authority/country/SWE;Sweden;;
http://data.europa.eu/949/sectionOfLine/4030c54208;http://data.europa.eu/949/operationalPoint/8346ada4c1;Kimstad;2;3.427;http://data.europa.eu/949/operationalPoint/dbc9941da6;Norsholm;http://publications.europa.eu/resource/authority/country/SWE;Sweden;;
http://data.europa.eu/949/sectionOfLine/6201e0c580;http://data.europa.eu/949/operationalPoint/2362d3eddc;Degerön;9;8.773;http://data.europa.eu/949/operationalPoint/d04b5da2ec;Önaskogen;http://publications.europa.eu/resource/authority/country/SWE;Sweden;;
http://data.europa.eu/949/sectionOfLine/050015bcdd;http://data.europa.eu/949/operationalPoint/145f805c7f;Nälden;20;14.76;http://data.europa.eu/949/operationalPoint/768651e49f;Trångsviken;http://publications.europa.eu/resource/authority/country/SWE;Sweden;;
http://data.europa.eu/949/sectionOfLine/df6296da93;http://data.europa.eu/949/operationalPoint/97e8fc8baa;Bor;4;17.248;http://data.europa.eu/949/operationalPoint/4c01103e18;Rydaholm;http://publications.europa.eu/resource/authority/country/SWE;Sweden;;
http://data.europa.eu/949/sectionOfLine/13f3bb48c9;http://data.europa.eu/949/operationalPoint/a5d9787934;Bastuträsk;7;15.432;http://data.europa.eu/949/operationalPoint/de27b42221;Finnforsfallet;http://publications.europa.eu/resource/authority/country/SWE;Sweden;;
http://data.europa.eu/949/sectionOfLine/6850f331e2;http://data.europa.eu/949/operationalPoint/1753453ce0;Lörstrand;8;6.687;http://data.europa.eu/949/operationalPoint/5f866ac408;Järvsö;http://publications.europa.eu/resource/authority/country/SWE;Sweden;;
http://data.europa.eu/949/sectionOfLine/2e5ed04168;http://data.europa.eu/949/operationalPoint/f387e14cd9;Hässleholm;2;5.202;http://data.europa.eu/949/operationalPoint/9d04a007f9;Finja;http://publications.europa.eu/resource/authority/country/SWE;Sweden;;
http://data.europa.eu/949/sectionOfLine/3654c38dbf;http://data.europa.eu/949/operationalPoint/094a3df6e5;Sandmon;12;26.45;http://data.europa.eu/949/operationalPoint/3fa75824dd;Kil;http://publications.europa.eu/resource/authority/country/SWE;Sweden;;
http://data.europa.eu/949/sectionOfLine/2bd813c3f9;http://data.europa.eu/949/operationalPoint/7cc0d20640;Mörsil;20;10.447;http://data.europa.eu/949/operationalPoint/0cc5a356d9;Järpen;http://publications.europa.eu/resource/authority/country/SWE;Sweden;;
http://data.europa.eu/949/sectionOfLine/63b1608078;http://data.europa.eu/949/operationalPoint/4d7c73e990;Karlberg;27;0.524;http://data.europa.eu/949/operationalPoint/bbeef5cfb0;Tomteboda bangård;http://publications.europa.eu/resource/authority/country/SWE;Sweden;;
http://data.europa.eu/949/sectionOfLine/6dcbc01807;http://data.europa.eu/949/operationalPoint/408487f4da;Hedemora;6;7.26;http://data.europa.eu/949/operationalPoint/23097477c5;Vikmanshyttan;http://publications.europa.eu/resource/authority/country/SWE;Sweden;;
http://data.europa.eu/949/sectionOfLine/6971766981;http://data.europa.eu/949/operationalPoint/ebc91f4d28;Jädersbruk;16;2.752;http://data.europa.eu/949/operationalPoint/5c5241e4b6;Arboga;http://publications.europa.eu/resource/authority/country/SWE;Sweden;;
http://data.europa.eu/949/sectionOfLine/68e2d8b3b6;http://data.europa.eu/949/operationalPoint/ee53bdd645;Mora kommuns industrispår;54;1.139;http://data.europa.eu/949/operationalPoint/456cc9765a;Morastrand;http://publications.europa.eu/resource/authority/country/SWE;Sweden;;
http://data.europa.eu/949/sectionOfLine/6bcb9849a8;http://data.europa.eu/949/operationalPoint/af2ad4d433;Gärsnäs;90;11.219;http://data.europa.eu/949/operationalPoint/969fb6a1a1;Simrishamn;http://publications.europa.eu/resource/authority/country/SWE;Sweden;;
http://data.europa.eu/949/sectionOfLine/3447767b34;http://data.europa.eu/949/operationalPoint/5a50ad78f4;Örbyhus;5;5.163;http://data.europa.eu/949/operationalPoint/045a017531;Tobo;http://publications.europa.eu/resource/authority/country/SWE;Sweden;;
http://data.europa.eu/949/sectionOfLine/e737638f79;http://data.europa.eu/949/operationalPoint/112fc89d30;Hållsta;18;4.327;http://data.europa.eu/949/operationalPoint/db1891da7d;Skogstorp;http://publications.europa.eu/resource/authority/country/SWE;Sweden;;
http://data.europa.eu/949/sectionOfLine/1cf9403a54;http://data.europa.eu/949/operationalPoint/18e6f0b431;Gårdsjön;5;3.863;http://data.europa.eu/949/operationalPoint/fcabb68731;Maj;http://publications.europa.eu/resource/authority/country/SWE;Sweden;;
http://data.europa.eu/949/sectionOfLine/7656e8687d;http://data.europa.eu/949/operationalPoint/33a42b4ad2;Grundbro;17;6.67;http://data.europa.eu/949/operationalPoint/f5fb7bbeb5;Malmby;http://publications.europa.eu/resource/authority/country/SWE;Sweden;;
http://data.europa.eu/949/sectionOfLine/928e210e32;http://data.europa.eu/949/operationalPoint/f8b6b1cff7;Storflon;20;7.042;http://data.europa.eu/949/operationalPoint/145f805c7f;Nälden;http://publications.europa.eu/resource/authority/country/SWE;Sweden;;
http://data.europa.eu/949/sectionOfLine/da89c797d6;http://data.europa.eu/949/operationalPoint/0f79add3c7;Roback;7;5.79;http://data.europa.eu/949/operationalPoint/c92cb01f87;Håsjö;http://publications.europa.eu/resource/authority/country/SWE;Sweden;;
http://data.europa.eu/949/sectionOfLine/73a0e9a6cc;http://data.europa.eu/949/operationalPoint/fd0d692d97;Ljungskile;73;9.154;http://data.europa.eu/949/operationalPoint/c3f50eb542;Grohed;http://publications.europa.eu/resource/authority/country/SWE;Sweden;;
http://data.europa.eu/949/sectionOfLine/e6ab7905ff;http://data.europa.eu/949/operationalPoint/dd94761251;Märsta;5;8.173;http://data.europa.eu/949/operationalPoint/9d37701f20;Myrbacken;http://publications.europa.eu/resource/authority/country/SWE;Sweden;;
http://data.europa.eu/949/sectionOfLine/599afcfc27;http://data.europa.eu/949/operationalPoint/468012cdaf;Grimstorp;2;8.996;http://data.europa.eu/949/operationalPoint/1424aaf700;Ulvstorp;http://publications.europa.eu/resource/authority/country/SWE;Sweden;;
http://data.europa.eu/949/sectionOfLine/9baabe95b3;http://data.europa.eu/949/operationalPoint/c22266613b;Mellerud;11;12.477;http://data.europa.eu/949/operationalPoint/a4767c957c;Åsensbruk;http://publications.europa.eu/resource/authority/country/SWE;Sweden;;
http://data.europa.eu/949/sectionOfLine/dd240cf519;http://data.europa.eu/949/operationalPoint/2ec49fc3f0;Vrena;18;20.168;http://data.europa.eu/949/operationalPoint/c606cffbd2;Silinge;http://publications.europa.eu/resource/authority/country/SWE;Sweden;;
http://data.europa.eu/949/sectionOfLine/c98ace0ea9;http://data.europa.eu/949/operationalPoint/24c9382842;Fors;9;7.644;http://data.europa.eu/949/operationalPoint/9deea3bd84;Morshyttan;http://publications.europa.eu/resource/authority/country/SWE;Sweden;;
http://data.europa.eu/949/sectionOfLine/b8c9b4959a;http://data.europa.eu/949/operationalPoint/33085bd2c3;Grängesberg;10;19.973;http://data.europa.eu/949/operationalPoint/84de1f4ce1;Ställdalen;http://publications.europa.eu/resource/authority/country/SWE;Sweden;;
http://data.europa.eu/949/sectionOfLine/991eab7175;http://data.europa.eu/949/operationalPoint/52abbb6f60;Alväng;16;21.204;http://data.europa.eu/949/operationalPoint/ec62bad3d0;Hovsta;http://publications.europa.eu/resource/authority/country/SWE;Sweden;;
http://data.europa.eu/949/sectionOfLine/b412f79d66;http://data.europa.eu/949/operationalPoint/f2b67cf94e;Köpmannebro;11;7.924;http://data.europa.eu/949/operationalPoint/c22266613b;Mellerud;http://publications.europa.eu/resource/authority/country/SWE;Sweden;;
http://data.europa.eu/949/sectionOfLine/9fa9ca5711;http://data.europa.eu/949/operationalPoint/5f8d68146c;Fjälkinge;88;13.192;http://data.europa.eu/949/operationalPoint/c5d9ba4699;Bromölla;http://publications.europa.eu/resource/authority/country/SWE;Sweden;;
http://data.europa.eu/949/sectionOfLine/9f15fdc464;http://data.europa.eu/949/operationalPoint/b81b68dd36;Lindesberg;10;15.049;http://data.europa.eu/949/operationalPoint/6fad009b5b;Storå;http://publications.europa.eu/resource/authority/country/SWE;Sweden;;
http://data.europa.eu/949/sectionOfLine/cfe53d4cdb;http://data.europa.eu/949/operationalPoint/b554a41c33;Brännberg;7;12.633;http://data.europa.eu/949/operationalPoint/90ec5da434;Degerbäcken;http://publications.europa.eu/resource/authority/country/SWE;Sweden;;
http://data.europa.eu/949/sectionOfLine/35fa678499;http://data.europa.eu/949/operationalPoint/ef9b18e1f8;Bodens södra;7;3.349;http://data.europa.eu/949/operationalPoint/eb018a18c8;Bodens central;http://publications.europa.eu/resource/authority/country/SWE;Sweden;;
http://data.europa.eu/949/sectionOfLine/d502b5210d;http://data.europa.eu/949/operationalPoint/8f64c0fcf0;Tvärålund;7;12.356;http://data.europa.eu/949/operationalPoint/5e597ca1c2;Vindeln;http://publications.europa.eu/resource/authority/country/SWE;Sweden;;
http://data.europa.eu/949/sectionOfLine/19cf2c2421;http://data.europa.eu/949/operationalPoint/ff94830d37;Nordskogen;15;1.871;http://data.europa.eu/949/operationalPoint/89cd6793db;Knalleland;http://publications.europa.eu/resource/authority/country/SWE;Sweden;;
http://data.europa.eu/949/sectionOfLine/049fc1920a;http://data.europa.eu/949/operationalPoint/4d72af8c31;Torup;84;20.474;http://data.europa.eu/949/operationalPoint/8f5defabed;Oskarström;http://publications.europa.eu/resource/authority/country/SWE;Sweden;;
http://data.europa.eu/949/sectionOfLine/de04cf075b;http://data.europa.eu/949/operationalPoint/ddcb03dc59;Södra Svartbyn;7;2.3;http://data.europa.eu/949/operationalPoint/ecde6f7570;Sävastklinten;http://publications.europa.eu/resource/authority/country/SWE;Sweden;;
http://data.europa.eu/949/sectionOfLine/6c139be46b;http://data.europa.eu/949/operationalPoint/e3231ca160;Vallåkra;32;6.791;http://data.europa.eu/949/operationalPoint/d2c6cbbd7c;Tågarp;http://publications.europa.eu/resource/authority/country/SWE;Sweden;;
http://data.europa.eu/949/sectionOfLine/99dd351d9c;http://data.europa.eu/949/operationalPoint/7e3f0b84f4;Mon;11;6.822;http://data.europa.eu/949/operationalPoint/801452d53e;Kornsjö gränsen;http://publications.europa.eu/resource/authority/country/SWE;Sweden;;
http://data.europa.eu/949/sectionOfLine/d0c2806849;http://data.europa.eu/949/operationalPoint/8f71f1ef9f;Buddbyn;7;14.996;http://data.europa.eu/949/operationalPoint/1b8e9eaf7a;Hundsjön;http://publications.europa.eu/resource/authority/country/SWE;Sweden;;
http://data.europa.eu/949/sectionOfLine/d5249d3d48;http://data.europa.eu/949/operationalPoint/6dbc048562;Sellnäs;10;10.552;http://data.europa.eu/949/operationalPoint/13046081b9;Ulvshyttan;http://publications.europa.eu/resource/authority/country/SWE;Sweden;;
http://data.europa.eu/949/sectionOfLine/2b37b083a0;http://data.europa.eu/949/operationalPoint/54ca3f1d6f;Notviken;7;3.788;http://data.europa.eu/949/operationalPoint/9f41546d6e;Luleå;http://publications.europa.eu/resource/authority/country/SWE;Sweden;;
http://data.europa.eu/949/sectionOfLine/80fda9f74d;http://data.europa.eu/949/operationalPoint/96b7f7ebbc;Älvho;99;37.346;http://data.europa.eu/949/operationalPoint/e01e34d9e6;Fågelsjö;http://publications.europa.eu/resource/authority/country/SWE;Sweden;;
http://data.europa.eu/949/sectionOfLine/039670fd42;http://data.europa.eu/949/operationalPoint/7ff160cbf1;Kallholsfors;99;4.922;http://data.europa.eu/949/operationalPoint/fcf6f8f6ea;Born;http://publications.europa.eu/resource/authority/country/SWE;Sweden;;
http://data.europa.eu/949/sectionOfLine/693a7b0bea;http://data.europa.eu/949/operationalPoint/b3f2ff2264;Ulriksfors;99;19.691;http://data.europa.eu/949/operationalPoint/4854af666f;Lövberga;http://publications.europa.eu/resource/authority/country/SWE;Sweden;;
http://data.europa.eu/949/sectionOfLine/5575c5b673;http://data.europa.eu/949/operationalPoint/b7993442e2;Överhogdals grusgrop;99;38.745;http://data.europa.eu/949/operationalPoint/95a6429429;Röjan;http://publications.europa.eu/resource/authority/country/SWE;Sweden;;
http://data.europa.eu/949/sectionOfLine/914c8dd4de;http://data.europa.eu/949/operationalPoint/0e3889ca64;TRV-IBAB border Mora;99;12.825;http://data.europa.eu/949/operationalPoint/90d34060f0;Orsa;http://publications.europa.eu/resource/authority/country/SWE;Sweden;;
http://data.europa.eu/949/sectionOfLine/c131bd6675;http://data.europa.eu/949/operationalPoint/2bcd2a6ab3;Vojmån;99;31.271;http://data.europa.eu/949/operationalPoint/b0f0dabab3;Vinlidsberg;http://publications.europa.eu/resource/authority/country/SWE;Sweden;;
http://data.europa.eu/949/sectionOfLine/4e21098f81;http://data.europa.eu/949/operationalPoint/fcf6f8f6ea;Born;99;2.239;http://data.europa.eu/949/operationalPoint/90d34060f0;Orsa;http://publications.europa.eu/resource/authority/country/SWE;Sweden;;
http://data.europa.eu/949/sectionOfLine/672e01565f;http://data.europa.eu/949/operationalPoint/97b70b9b0d;TRV-IBAB border Storuman;99;3.652;http://data.europa.eu/949/operationalPoint/847bcb2892;Storuman;http://publications.europa.eu/resource/authority/country/SWE;Sweden;;
http://data.europa.eu/949/sectionOfLine/75dd7d24e6;http://data.europa.eu/949/operationalPoint/c89642b4fa;Norra Kikkejaur;99;41.904;http://data.europa.eu/949/operationalPoint/962f9af487;Moskosel;http://publications.europa.eu/resource/authority/country/SWE;Sweden;;
http://data.europa.eu/949/sectionOfLine/6690acb72c;http://data.europa.eu/949/operationalPoint/95a6429429;Röjan;99;19.469;http://data.europa.eu/949/operationalPoint/53531a0993;Åsarna central;http://publications.europa.eu/resource/authority/country/SWE;Sweden;;
http://data.europa.eu/949/sectionOfLine/ed65c6e1b9;http://data.europa.eu/949/operationalPoint/27c7a6d95d;Lit;99;33.754;http://data.europa.eu/949/operationalPoint/1b6a4c7433;Munkflohögen;http://publications.europa.eu/resource/authority/country/SWE;Sweden;;
http://data.europa.eu/949/sectionOfLine/3fa388b5fb;http://data.europa.eu/949/operationalPoint/6ecc242bf2;Varjisträsk;99;38.319;http://data.europa.eu/949/operationalPoint/15f29787a1;Kåbdalis;http://publications.europa.eu/resource/authority/country/SWE;Sweden;;
http://data.europa.eu/949/sectionOfLine/23b6c1d222;http://data.europa.eu/949/operationalPoint/e01e34d9e6;Fågelsjö;99;34.184;http://data.europa.eu/949/operationalPoint/1664ab6fe3;Sveg;http://publications.europa.eu/resource/authority/country/SWE;Sweden;;
http://data.europa.eu/949/sectionOfLine/cdd8cb9188;http://data.europa.eu/949/operationalPoint/59feb229c1;Jämtlands Sikås;99;35.336;http://data.europa.eu/949/operationalPoint/b3f2ff2264;Ulriksfors;http://publications.europa.eu/resource/authority/country/SWE;Sweden;;
http://data.europa.eu/949/sectionOfLine/44a8b965ae;http://data.europa.eu/949/operationalPoint/c75c90a81a;Porjus;99;51.519;http://data.europa.eu/949/operationalPoint/d4a8a26a1c;TRV-IBAB border Gällivare;http://publications.europa.eu/resource/authority/country/SWE;Sweden;;
http://data.europa.eu/949/sectionOfLine/35721f7c9f;http://data.europa.eu/949/operationalPoint/645d6ab9d0;Sorsele;99;3.459;http://data.europa.eu/949/operationalPoint/6cc7f92d6c;Sorsele industrispår;http://publications.europa.eu/resource/authority/country/SWE;Sweden;;
http://data.europa.eu/949/sectionOfLine/609748a42c;http://data.europa.eu/949/operationalPoint/b055a41ff7;Vilhelmina;99;3.871;http://data.europa.eu/949/operationalPoint/b62812d563;Vilhelmina timmer;http://publications.europa.eu/resource/authority/country/SWE;Sweden;;
http://data.europa.eu/949/sectionOfLine/cec23c026b;http://data.europa.eu/949/operationalPoint/15f29787a1;Kåbdalis;99;31.428;http://data.europa.eu/949/operationalPoint/f776732086;Maitum;http://publications.europa.eu/resource/authority/country/SWE;Sweden;;
http://data.europa.eu/949/sectionOfLine/2e64fa4c6d;http://data.europa.eu/949/operationalPoint/c95a6a04bf;Ytterhogdal;99;4.431;http://data.europa.eu/949/operationalPoint/b7993442e2;Överhogdals grusgrop;http://publications.europa.eu/resource/authority/country/SWE;Sweden;;
http://data.europa.eu/949/sectionOfLine/1ce11b18ca;http://data.europa.eu/949/operationalPoint/962f9af487;Moskosel;99;23.809;http://data.europa.eu/949/operationalPoint/6ecc242bf2;Varjisträsk;http://publications.europa.eu/resource/authority/country/SWE;Sweden;;
http://data.europa.eu/949/sectionOfLine/e155964182;http://data.europa.eu/949/operationalPoint/ffd1669300;Tallhed;99;40.077;http://data.europa.eu/949/operationalPoint/96b7f7ebbc;Älvho;http://publications.europa.eu/resource/authority/country/SWE;Sweden;;
http://data.europa.eu/949/sectionOfLine/6daf944fc7;http://data.europa.eu/949/operationalPoint/bad066ac72;Arvidsjaur;99;6.203;http://data.europa.eu/949/operationalPoint/c89642b4fa;Norra Kikkejaur;http://publications.europa.eu/resource/authority/country/SWE;Sweden;;
http://data.europa.eu/949/sectionOfLine/fd89e50dce;http://data.europa.eu/949/operationalPoint/90d34060f0;Orsa;99;11.307;http://data.europa.eu/949/operationalPoint/ffd1669300;Tallhed;http://publications.europa.eu/resource/authority/country/SWE;Sweden;;
http://data.europa.eu/949/sectionOfLine/0c90798ac6;http://data.europa.eu/949/operationalPoint/b62812d563;Vilhelmina timmer;99;0.573;http://data.europa.eu/949/operationalPoint/68b27c2c74;Lövliden;http://publications.europa.eu/resource/authority/country/SWE;Sweden;;
http://data.europa.eu/949/sectionOfLine/cf9f8df52c;http://data.europa.eu/949/operationalPoint/100f627957;Avaviken;99;25.34;http://data.europa.eu/949/operationalPoint/bad066ac72;Arvidsjaur;http://publications.europa.eu/resource/authority/country/SWE;Sweden;;
http://data.europa.eu/949/sectionOfLine/4dbd640742;http://data.europa.eu/949/operationalPoint/68b27c2c74;Lövliden;99;22.115;http://data.europa.eu/949/operationalPoint/2bcd2a6ab3;Vojmån;http://publications.europa.eu/resource/authority/country/SWE;Sweden;;
http://data.europa.eu/949/sectionOfLine/faab106eec;http://data.europa.eu/949/operationalPoint/b0f0dabab3;Vinlidsberg;99;10.188;http://data.europa.eu/949/operationalPoint/847bcb2892;Storuman;http://publications.europa.eu/resource/authority/country/SWE;Sweden;;
http://data.europa.eu/949/sectionOfLine/88ee649b6b;http://data.europa.eu/949/operationalPoint/3746f9deff;Fåker;99;20.306;http://data.europa.eu/949/operationalPoint/f3870c1b3f;TRV-IBAB border Brunflo;http://publications.europa.eu/resource/authority/country/SWE;Sweden;;
http://data.europa.eu/949/sectionOfLine/2689f328c9;http://data.europa.eu/949/operationalPoint/dc3369cdd3;Dorotea;99;2.25;http://data.europa.eu/949/operationalPoint/fc3300ba3f;Storbergets industrispår;http://publications.europa.eu/resource/authority/country/SWE;Sweden;;
http://data.europa.eu/949/sectionOfLine/263ebb7e95;http://data.europa.eu/949/operationalPoint/53531a0993;Åsarna central;99;5.746;http://data.europa.eu/949/operationalPoint/af28b695ee;Brånan;http://publications.europa.eu/resource/authority/country/SWE;Sweden;;
http://data.europa.eu/949/sectionOfLine/e11e6bb3ba;http://data.europa.eu/949/operationalPoint/4854af666f;Lövberga;99;31.679;http://data.europa.eu/949/operationalPoint/7d5672c649;Hoting;http://publications.europa.eu/resource/authority/country/SWE;Sweden;;
http://data.europa.eu/949/sectionOfLine/5dcc6cb495;http://data.europa.eu/949/operationalPoint/f776732086;Maitum;99;31.801;http://data.europa.eu/949/operationalPoint/eb113705da;Jokkmokk;http://publications.europa.eu/resource/authority/country/SWE;Sweden;;
http://data.europa.eu/949/sectionOfLine/c5170c5f38;http://data.europa.eu/949/operationalPoint/7d5672c649;Hoting;99;0.791;http://data.europa.eu/949/operationalPoint/93cd43ea5a;TRV-IBAB border Hoting;http://publications.europa.eu/resource/authority/country/SWE;Sweden;;
http://data.europa.eu/949/sectionOfLine/8eb3e6ab7f;http://data.europa.eu/949/operationalPoint/fc3300ba3f;Storbergets industrispår;99;31.73;http://data.europa.eu/949/operationalPoint/1ea0bb6527;Meselefors;http://publications.europa.eu/resource/authority/country/SWE;Sweden;;
http://data.europa.eu/949/sectionOfLine/a27fa0df10;http://data.europa.eu/949/operationalPoint/847bcb2892;Storuman;99;33.284;http://data.europa.eu/949/operationalPoint/5234447a42;Lomselenäs;http://publications.europa.eu/resource/authority/country/SWE;Sweden;;
http://data.europa.eu/949/sectionOfLine/1429d2d665;http://data.europa.eu/949/operationalPoint/af28b695ee;Brånan;99;9.6;http://data.europa.eu/949/operationalPoint/66774c636d;Svenstavik;http://publications.europa.eu/resource/authority/country/SWE;Sweden;;
http://data.europa.eu/949/sectionOfLine/73630d50f2;http://data.europa.eu/949/operationalPoint/1664ab6fe3;Sveg;99;39.556;http://data.europa.eu/949/operationalPoint/c95a6a04bf;Ytterhogdal;http://publications.europa.eu/resource/authority/country/SWE;Sweden;;
http://data.europa.eu/949/sectionOfLine/8c29975402;http://data.europa.eu/949/operationalPoint/54850f5e37;Slagnäs;99;27.902;http://data.europa.eu/949/operationalPoint/100f627957;Avaviken;http://publications.europa.eu/resource/authority/country/SWE;Sweden;;
http://data.europa.eu/949/sectionOfLine/92b7f38fe3;http://data.europa.eu/949/operationalPoint/7d5672c649;Hoting;99;21.16;http://data.europa.eu/949/operationalPoint/dc3369cdd3;Dorotea;http://publications.europa.eu/resource/authority/country/SWE;Sweden;;
http://data.europa.eu/949/sectionOfLine/77eb9afe94;http://data.europa.eu/949/operationalPoint/3478a4fd10;Åskott;99;15.752;http://data.europa.eu/949/operationalPoint/27c7a6d95d;Lit;http://publications.europa.eu/resource/authority/country/SWE;Sweden;;
http://data.europa.eu/949/sectionOfLine/8074e17cba;http://data.europa.eu/949/operationalPoint/eb113705da;Jokkmokk;99;47.484;http://data.europa.eu/949/operationalPoint/c75c90a81a;Porjus;http://publications.europa.eu/resource/authority/country/SWE;Sweden;;
http://data.europa.eu/949/sectionOfLine/ee9b545f11;http://data.europa.eu/949/operationalPoint/66774c636d;Svenstavik;99;29.444;http://data.europa.eu/949/operationalPoint/3746f9deff;Fåker;http://publications.europa.eu/resource/authority/country/SWE;Sweden;;
http://data.europa.eu/949/sectionOfLine/2eef629467;http://data.europa.eu/949/operationalPoint/2f5b7055f1;TRV-IBAB border Östersund;99;9.824;http://data.europa.eu/949/operationalPoint/3478a4fd10;Åskott;http://publications.europa.eu/resource/authority/country/SWE;Sweden;;
http://data.europa.eu/949/sectionOfLine/e56568fd70;http://data.europa.eu/949/operationalPoint/5234447a42;Lomselenäs;99;38.554;http://data.europa.eu/949/operationalPoint/645d6ab9d0;Sorsele;http://publications.europa.eu/resource/authority/country/SWE;Sweden;;
http://data.europa.eu/949/sectionOfLine/1fc3611632;http://data.europa.eu/949/operationalPoint/1ea0bb6527;Meselefors;99;22.236;http://data.europa.eu/949/operationalPoint/b055a41ff7;Vilhelmina;http://publications.europa.eu/resource/authority/country/SWE;Sweden;;
http://data.europa.eu/949/sectionOfLine/3918a2a58c;http://data.europa.eu/949/operationalPoint/6cc7f92d6c;Sorsele industrispår;99;31.637;http://data.europa.eu/949/operationalPoint/54850f5e37;Slagnäs;http://publications.europa.eu/resource/authority/country/SWE;Sweden;;
http://data.europa.eu/949/sectionOfLine/81712dfb1d;http://data.europa.eu/949/operationalPoint/1b6a4c7433;Munkflohögen;99;17.746;http://data.europa.eu/949/operationalPoint/59feb229c1;Jämtlands Sikås;http://publications.europa.eu/resource/authority/country/SWE;Sweden;;
http://data.europa.eu/949/sectionOfLine/3a0a7996a7;http://data.europa.eu/949/operationalPoint/a61139ed9b;Pitkäjärvi;21;3.168;http://data.europa.eu/949/operationalPoint/ac90949205;Svappavaara;http://publications.europa.eu/resource/authority/country/SWE;Sweden;;
http://data.europa.eu/949/sectionOfLine/371e6c0d0c;http://data.europa.eu/949/operationalPoint/4d72af8c31;Torup;84;11.799;http://data.europa.eu/949/operationalPoint/459a700318;Hyltebruk;http://publications.europa.eu/resource/authority/country/SWE;Sweden;;
http://data.europa.eu/949/sectionOfLine/d152da36ed;http://data.europa.eu/949/operationalPoint/1f5c8c97da;Koijuvaara;21;2.469;http://data.europa.eu/949/operationalPoint/7d156dda72;Aitik;http://publications.europa.eu/resource/authority/country/SWE;Sweden;;
http://data.europa.eu/949/sectionOfLine/e0dfff91ab;http://data.europa.eu/949/operationalPoint/700855d6f7;Snoghøj;224086;2.715;http://data.europa.eu/949/operationalPoint/e654cb5025;Fredericia;http://publications.europa.eu/resource/authority/country/DNK;Denmark;;
http://data.europa.eu/949/sectionOfLine/9d669d2044;http://data.europa.eu/949/operationalPoint/9e916e29ec;Varde;312074;13.0;http://data.europa.eu/949/operationalPoint/60c1f88326;Tistrup;http://publications.europa.eu/resource/authority/country/DNK;Denmark;;
http://data.europa.eu/949/sectionOfLine/47cf6fa82d;http://data.europa.eu/949/operationalPoint/aa555a4eb3;Sakskøbing;632018;7.45;http://data.europa.eu/949/operationalPoint/f395dc57be;Maribo;http://publications.europa.eu/resource/authority/country/DNK;Denmark;;
http://data.europa.eu/949/sectionOfLine/36ce3bc90b;http://data.europa.eu/949/operationalPoint/6399d60ff0;Jægersborg;602002;2.33;http://data.europa.eu/949/operationalPoint/e8e2930181;Fuglevad;http://publications.europa.eu/resource/authority/country/DNK;Denmark;;
http://data.europa.eu/949/sectionOfLine/f6b8235185;http://data.europa.eu/949/operationalPoint/da81da5197;Tommerup;224046;7.076;http://data.europa.eu/949/operationalPoint/2930b92e72;Aarup;http://publications.europa.eu/resource/authority/country/DNK;Denmark;;
http://data.europa.eu/949/sectionOfLine/5841be68ed;http://data.europa.eu/949/operationalPoint/e3ab59bdcc;København H;811000821000;0.203;http://data.europa.eu/949/operationalPoint/947e6ec43a;København H;http://publications.europa.eu/resource/authority/country/DNK;Denmark;;
http://data.europa.eu/949/sectionOfLine/690e421b47;http://data.europa.eu/949/operationalPoint/8e0e47d3be;Tjæreborg;294050;6.389;http://data.europa.eu/949/operationalPoint/b0f6763084;Esbjerg;http://publications.europa.eu/resource/authority/country/DNK;Denmark;;
http://data.europa.eu/949/sectionOfLine/a179fcd4fd;http://data.europa.eu/949/operationalPoint/e654cb5025;Fredericia;225000225801;0.615;http://data.europa.eu/949/operationalPoint/53b2908225;Fredericia godsstation;http://publications.europa.eu/resource/authority/country/DNK;Denmark;;
http://data.europa.eu/949/sectionOfLine/f12639d1f1;http://data.europa.eu/949/operationalPoint/3abba892d0;Ejby;224066;7.688;http://data.europa.eu/949/operationalPoint/5f8863b95d;Kavslunde;http://publications.europa.eu/resource/authority/country/DNK;Denmark;;
http://data.europa.eu/949/sectionOfLine/e9e21ae9d2;http://data.europa.eu/949/operationalPoint/f8ad2dd632;Klampenborg;104014;3.97;http://data.europa.eu/949/operationalPoint/66f0f514c7;Skodsborg;http://publications.europa.eu/resource/authority/country/DNK;Denmark;;
http://data.europa.eu/949/sectionOfLine/b53d006a5f;http://data.europa.eu/949/operationalPoint/e96c24aaf7;Ikast;352062;5.4;http://data.europa.eu/949/operationalPoint/d081830b4f;Hammerum;http://publications.europa.eu/resource/authority/country/DNK;Denmark;;
http://data.europa.eu/949/sectionOfLine/122d1b58ba;http://data.europa.eu/949/operationalPoint/f85df9bf71;Hinnerup;242134;8.2;http://data.europa.eu/949/operationalPoint/8b237e1712;Hadsten;http://publications.europa.eu/resource/authority/country/DNK;Denmark;;
http://data.europa.eu/949/sectionOfLine/80d1bdfab6;http://data.europa.eu/949/operationalPoint/7460febef7;Kregme;604022;3.215;http://data.europa.eu/949/operationalPoint/298adeb3b4;Frederiksværk;http://publications.europa.eu/resource/authority/country/DNK;Denmark;;
http://data.europa.eu/949/sectionOfLine/1d8191efc5;http://data.europa.eu/949/operationalPoint/9c62156248;Bavnehøj;852004;3.004;http://data.europa.eu/949/operationalPoint/0bdac40618;Åmarken;http://publications.europa.eu/resource/authority/country/DNK;Denmark;;
http://data.europa.eu/949/sectionOfLine/f5cd50c5da;http://data.europa.eu/949/operationalPoint/b56254fbc2;Langholm;668008;4.177;http://data.europa.eu/949/operationalPoint/04c15f06b6;Tornby;http://publications.europa.eu/resource/authority/country/DNK;Denmark;;
http://data.europa.eu/949/sectionOfLine/0844b2f4c9;http://data.europa.eu/949/operationalPoint/474aaa6c25;Svanemøllen;824006;0.895;http://data.europa.eu/949/operationalPoint/386d6ce272;Hellerup;http://publications.europa.eu/resource/authority/country/DNK;Denmark;;
http://data.europa.eu/949/sectionOfLine/44cbff5768;http://data.europa.eu/949/operationalPoint/7b8adb50d3;Sindal;254312;12.6;http://data.europa.eu/949/operationalPoint/1fb3291a3e;Kvissel;http://publications.europa.eu/resource/authority/country/DNK;Denmark;;
http://data.europa.eu/949/sectionOfLine/cd355fd304;http://data.europa.eu/949/operationalPoint/0953de4aae;Jelling;334102;8.0;http://data.europa.eu/949/operationalPoint/79d1052cad;Grejsdal;http://publications.europa.eu/resource/authority/country/DNK;Denmark;;
http://data.europa.eu/949/sectionOfLine/c9c4aeb14b;http://data.europa.eu/949/operationalPoint/700855d6f7;Snoghøj;271216;3.481;http://data.europa.eu/949/operationalPoint/d6e4d7fdd4;Taulov;http://publications.europa.eu/resource/authority/country/DNK;Denmark;;
http://data.europa.eu/949/sectionOfLine/a4646c3750;http://data.europa.eu/949/operationalPoint/83adffdbd4;Hvidbjerg;342024;17.0;http://data.europa.eu/949/operationalPoint/a0f036000c;Hurup Thy;http://publications.europa.eu/resource/authority/country/DNK;Denmark;;
http://data.europa.eu/949/sectionOfLine/d21688fdb6;http://data.europa.eu/949/operationalPoint/e9ab0cd992;Østerport;102004;0.881;http://data.europa.eu/949/operationalPoint/d7543daf67;Helgoland;http://publications.europa.eu/resource/authority/country/DNK;Denmark;;
http://data.europa.eu/949/sectionOfLine/3e3e2f2c11;http://data.europa.eu/949/operationalPoint/0aecab029b;Snekkersten;106044;1.542;http://data.europa.eu/949/operationalPoint/04f18f5ae4;Helsingør;http://publications.europa.eu/resource/authority/country/DNK;Denmark;;
http://data.europa.eu/949/sectionOfLine/ae96bacde9;http://data.europa.eu/949/operationalPoint/a38a9b9b78;Grubberholm;618010;2.91;http://data.europa.eu/949/operationalPoint/a5465f1802;Hårlev;http://publications.europa.eu/resource/authority/country/DNK;Denmark;;
http://data.europa.eu/949/sectionOfLine/5e688428a0;http://data.europa.eu/949/operationalPoint/ab8586a872;Hesselmed;662014;0.337;http://data.europa.eu/949/operationalPoint/256efce5b9;Oksbøl;http://publications.europa.eu/resource/authority/country/DNK;Denmark;;
http://data.europa.eu/949/sectionOfLine/8b3f30473c;http://data.europa.eu/949/operationalPoint/4f3e728cdb;Hobro;246200;22.0;http://data.europa.eu/949/operationalPoint/3eb0ea8963;Skørping;http://publications.europa.eu/resource/authority/country/DNK;Denmark;;
http://data.europa.eu/949/sectionOfLine/520a2012d3;http://data.europa.eu/949/operationalPoint/9277246a4b;Odense;224032;6.517;http://data.europa.eu/949/operationalPoint/bfbcef4743;Holmstrup;http://publications.europa.eu/resource/authority/country/DNK;Denmark;;
http://data.europa.eu/949/sectionOfLine/5b80703632;http://data.europa.eu/949/operationalPoint/ffee25560a;Søllested;632042;7.74;http://data.europa.eu/949/operationalPoint/f89b1053c3;Nakskov;http://publications.europa.eu/resource/authority/country/DNK;Denmark;;
http://data.europa.eu/949/sectionOfLine/65f2561d2c;http://data.europa.eu/949/operationalPoint/4ebcd1a370;Ruds Vedby;616008;4.023;http://data.europa.eu/949/operationalPoint/d1cac906a4;Skellebjerg;http://publications.europa.eu/resource/authority/country/DNK;Denmark;;
http://data.europa.eu/949/sectionOfLine/d9afd28fac;http://data.europa.eu/949/operationalPoint/0df6226c14;Skanderborg;236088;5.509;http://data.europa.eu/949/operationalPoint/6260a594e0;Hørning;http://publications.europa.eu/resource/authority/country/DNK;Denmark;;
http://data.europa.eu/949/sectionOfLine/0c9bb0db28;http://data.europa.eu/949/operationalPoint/3dd3723dfe;Ulstrup;322008;7.6;http://data.europa.eu/949/operationalPoint/f5fe4abf4b;Bjerringbro;http://publications.europa.eu/resource/authority/country/DNK;Denmark;;
http://data.europa.eu/949/sectionOfLine/9be774b849;http://data.europa.eu/949/operationalPoint/abeae7c75b;Høng;616002;6.33;http://data.europa.eu/949/operationalPoint/4ebcd1a370;Ruds Vedby;http://publications.europa.eu/resource/authority/country/DNK;Denmark;;
http://data.europa.eu/949/sectionOfLine/a8d572b248;http://data.europa.eu/949/operationalPoint/319b55fd8a;Aarhus Logistikparken;242118;14.0;http://data.europa.eu/949/operationalPoint/f85df9bf71;Hinnerup;http://publications.europa.eu/resource/authority/country/DNK;Denmark;;
http://data.europa.eu/949/sectionOfLine/065451974f;http://data.europa.eu/949/operationalPoint/0e077c3648;Sorø;16080;12.265;http://data.europa.eu/949/operationalPoint/ec3805c540;Slagelse;http://publications.europa.eu/resource/authority/country/DNK;Denmark;;
http://data.europa.eu/949/sectionOfLine/f198b77f43;http://data.europa.eu/949/operationalPoint/39ec1fa690;Hillerød;604002;3.478;http://data.europa.eu/949/operationalPoint/fbc06db45f;Brødeskov;http://publications.europa.eu/resource/authority/country/DNK;Denmark;;
http://data.europa.eu/949/sectionOfLine/b407859b50;http://data.europa.eu/949/operationalPoint/1ae84fe982;Nørre Asmindrup;609042;2.5;http://data.europa.eu/949/operationalPoint/8cddfc1dad;Højby Sjælland;http://publications.europa.eu/resource/authority/country/DNK;Denmark;;
http://data.europa.eu/949/sectionOfLine/a8e97bd8b6;http://data.europa.eu/949/operationalPoint/ec3805c540;Slagelse;615002;4.578;http://data.europa.eu/949/operationalPoint/683889fb3e;Havrebjerg;http://publications.europa.eu/resource/authority/country/DNK;Denmark;;
http://data.europa.eu/949/sectionOfLine/f4e2de11c4;http://data.europa.eu/949/operationalPoint/23e5ac572a;Nyborg;222002;2.694;http://data.europa.eu/949/operationalPoint/fa45667604;Hjulby;http://publications.europa.eu/resource/authority/country/DNK;Denmark;;
http://data.europa.eu/949/sectionOfLine/f3f056e7bd;http://data.europa.eu/949/operationalPoint/0ab560985c;København H;11000101000;0.282;http://data.europa.eu/949/operationalPoint/b6b3971c14;København H;http://publications.europa.eu/resource/authority/country/DNK;Denmark;;
http://data.europa.eu/949/sectionOfLine/4120d37c18;http://data.europa.eu/949/operationalPoint/d84a0b328d;Bavnehøj;122038;0.474;http://data.europa.eu/949/operationalPoint/4695056063;Kalvebod;http://publications.europa.eu/resource/authority/country/DNK;Denmark;;
http://data.europa.eu/949/sectionOfLine/4850688d1e;http://data.europa.eu/949/operationalPoint/2a73bfd935;Allerød;826032;5.25;http://data.europa.eu/949/operationalPoint/39ec1fa690;Hillerød;http://publications.europa.eu/resource/authority/country/DNK;Denmark;;
http://data.europa.eu/949/sectionOfLine/7a89a6b813;http://data.europa.eu/949/operationalPoint/ab2da2759a;Lyngby;826016;3.666;http://data.europa.eu/949/operationalPoint/5d102c0191;Holte;http://publications.europa.eu/resource/authority/country/DNK;Denmark;;
http://data.europa.eu/949/sectionOfLine/595ed66546;http://data.europa.eu/949/operationalPoint/eb35be1462;Jyderup;52092;6.245;http://data.europa.eu/949/operationalPoint/2140dea6c1;Svebølle;http://publications.europa.eu/resource/authority/country/DNK;Denmark;;
http://data.europa.eu/949/sectionOfLine/09fb408659;http://data.europa.eu/949/operationalPoint/72f408c387;Vigerslev;882002;2.799;http://data.europa.eu/949/operationalPoint/7f3d1bd6b2;Flintholm;http://publications.europa.eu/resource/authority/country/DNK;Denmark;;
http://data.europa.eu/949/sectionOfLine/4d0143ca9a;http://data.europa.eu/949/operationalPoint/bbff051db4;Roskilde;14034;8.665;http://data.europa.eu/949/operationalPoint/2c9c8fb882;Viby Sjælland;http://publications.europa.eu/resource/authority/country/DNK;Denmark;;
http://data.europa.eu/949/sectionOfLine/51623cb219;http://data.europa.eu/949/operationalPoint/11a9e66d36;Ølsted;604020;1.591;http://data.europa.eu/949/operationalPoint/7460febef7;Kregme;http://publications.europa.eu/resource/authority/country/DNK;Denmark;;
http://data.europa.eu/949/sectionOfLine/0aa45f389f;http://data.europa.eu/949/operationalPoint/ca03035cd5;Holbæk;52068;6.777;http://data.europa.eu/949/operationalPoint/bd0a5ddc10;Regstrup;http://publications.europa.eu/resource/authority/country/DNK;Denmark;;
http://data.europa.eu/949/sectionOfLine/38f87024bf;http://data.europa.eu/949/operationalPoint/2d8d264f12;Vinderup;322090;12.2;http://data.europa.eu/949/operationalPoint/fbdbed12e0;Struer;http://publications.europa.eu/resource/authority/country/DNK;Denmark;;
http://data.europa.eu/949/sectionOfLine/fe1e8b57d5;http://data.europa.eu/949/operationalPoint/a56670bdd4;Herning;354074;13.6;http://data.europa.eu/949/operationalPoint/121d8e2f74;Kibæk;http://publications.europa.eu/resource/authority/country/DNK;Denmark;;
http://data.europa.eu/949/sectionOfLine/69623d8211;http://data.europa.eu/949/operationalPoint/c825e647f9;Vejen;292014;11.741;http://data.europa.eu/949/operationalPoint/17180baa59;Holsted;http://publications.europa.eu/resource/authority/country/DNK;Denmark;;
http://data.europa.eu/949/sectionOfLine/2c06ab11e8;http://data.europa.eu/949/operationalPoint/26e2b49b6b;Klippinge;619008;4.98;http://data.europa.eu/949/operationalPoint/0274f4669a;Store Heddinge;http://publications.europa.eu/resource/authority/country/DNK;Denmark;;
http://data.europa.eu/949/sectionOfLine/bcd43ab0cb;http://data.europa.eu/949/operationalPoint/386d6ce272;Hellerup;862010;4.244;http://data.europa.eu/949/operationalPoint/0ca30760e8;Klampenborg;http://publications.europa.eu/resource/authority/country/DNK;Denmark;;
http://data.europa.eu/949/sectionOfLine/af19b6599d;http://data.europa.eu/949/operationalPoint/a562242947;Fasterholt;334060;6.2;http://data.europa.eu/949/operationalPoint/246039c58f;Brande;http://publications.europa.eu/resource/authority/country/DNK;Denmark;;
http://data.europa.eu/949/sectionOfLine/17d8d454fc;http://data.europa.eu/949/operationalPoint/faf85f82f0;Nykøbing Falster Vest;632002;5.37;http://data.europa.eu/949/operationalPoint/cf2688a669;Grænge;http://publications.europa.eu/resource/authority/country/DNK;Denmark;;
http://data.europa.eu/949/sectionOfLine/b68903ebda;http://data.europa.eu/949/operationalPoint/fc11a1b21c;København G;72002;1.085;http://data.europa.eu/949/operationalPoint/e21bc3b315;Vigerslev;http://publications.europa.eu/resource/authority/country/DNK;Denmark;;
http://data.europa.eu/949/sectionOfLine/2e5925ff60;http://data.europa.eu/949/operationalPoint/aab83b12bd;Skævinge;604016;3.72;http://data.europa.eu/949/operationalPoint/11a9e66d36;Ølsted;http://publications.europa.eu/resource/authority/country/DNK;Denmark;;
http://data.europa.eu/949/sectionOfLine/e2f826de13;http://data.europa.eu/949/operationalPoint/0ab560985c;København H;70002;0.315;http://data.europa.eu/949/operationalPoint/fc11a1b21c;København G;http://publications.europa.eu/resource/authority/country/DNK;Denmark;;
http://data.europa.eu/949/sectionOfLine/55a557ee81;http://data.europa.eu/949/operationalPoint/308f3059a1;Højby;212012;2.616;http://data.europa.eu/949/operationalPoint/8c83c8b253;Årslev;http://publications.europa.eu/resource/authority/country/DNK;Denmark;;
http://data.europa.eu/949/sectionOfLine/00673128d3;http://data.europa.eu/949/operationalPoint/8b237e1712;Hadsten;242142;12.2;http://data.europa.eu/949/operationalPoint/42fc4f4542;Langå;http://publications.europa.eu/resource/authority/country/DNK;Denmark;;
http://data.europa.eu/949/sectionOfLine/77e102c816;http://data.europa.eu/949/operationalPoint/f3a3c7ac67;Hulsig;669030;10.459;http://data.europa.eu/949/operationalPoint/17cccd80fe;Skagen;http://publications.europa.eu/resource/authority/country/DNK;Denmark;;
http://data.europa.eu/949/sectionOfLine/1bd6a592d1;http://data.europa.eu/949/operationalPoint/e654cb5025;Fredericia;232004;9.861;http://data.europa.eu/949/operationalPoint/081d61e7cd;Børkop;http://publications.europa.eu/resource/authority/country/DNK;Denmark;;
http://data.europa.eu/949/sectionOfLine/75f076b0dd;http://data.europa.eu/949/operationalPoint/9a6fafd723;Vildbjerg;332026;5.2;http://data.europa.eu/949/operationalPoint/bcc0396648;Skibbild;http://publications.europa.eu/resource/authority/country/DNK;Denmark;;
http://data.europa.eu/949/sectionOfLine/1a82208521;http://data.europa.eu/949/operationalPoint/0ed028acd1;Svinninge;609018;3.18;http://data.europa.eu/949/operationalPoint/25ada43e5e;Hørve;http://publications.europa.eu/resource/authority/country/DNK;Denmark;;
http://data.europa.eu/949/sectionOfLine/48ae6439ac;http://data.europa.eu/949/operationalPoint/f395dc57be;Maribo;632026;7.48;http://data.europa.eu/949/operationalPoint/555c806945;Ryde;http://publications.europa.eu/resource/authority/country/DNK;Denmark;;
http://data.europa.eu/949/sectionOfLine/5a643d2843;http://data.europa.eu/949/operationalPoint/c63729b694;Middelfart;224080;3.238;http://data.europa.eu/949/operationalPoint/700855d6f7;Snoghøj;http://publications.europa.eu/resource/authority/country/DNK;Denmark;;
http://data.europa.eu/949/sectionOfLine/51347f6572;http://data.europa.eu/949/operationalPoint/b17d7ec851;Dyssekilde;604032;1.221;http://data.europa.eu/949/operationalPoint/d2b5f3d0cc;Østerbjerg;http://publications.europa.eu/resource/authority/country/DNK;Denmark;;
http://data.europa.eu/949/sectionOfLine/ab0bc14f18;http://data.europa.eu/949/operationalPoint/ad240a21f8;Hellebæk;605008;0.851;http://data.europa.eu/949/operationalPoint/6f79d3f502;Ålsgårde;http://publications.europa.eu/resource/authority/country/DNK;Denmark;;
http://data.europa.eu/949/sectionOfLine/4bbc58473e;http://data.europa.eu/949/operationalPoint/94a214ed55;Vig;609038;3.73;http://data.europa.eu/949/operationalPoint/1ae84fe982;Nørre Asmindrup;http://publications.europa.eu/resource/authority/country/DNK;Denmark;;
http://data.europa.eu/949/sectionOfLine/dbb6b165b5;http://data.europa.eu/949/operationalPoint/598fc9c9e3;Høje Taastrup;12019012519;0.369;http://data.europa.eu/949/operationalPoint/00711d7f02;Høje Taastrup kombiterminal;http://publications.europa.eu/resource/authority/country/DNK;Denmark;;
http://data.europa.eu/949/sectionOfLine/6edc7b39d1;http://data.europa.eu/949/operationalPoint/81122f6147;Brabrand;242116;0.6;http://data.europa.eu/949/operationalPoint/319b55fd8a;Aarhus Logistikparken;http://publications.europa.eu/resource/authority/country/DNK;Denmark;;
http://data.europa.eu/949/sectionOfLine/607803568b;http://data.europa.eu/949/operationalPoint/d7543daf67;Helgoland;102006;0.654;http://data.europa.eu/949/operationalPoint/b41507f474;Hellerup;http://publications.europa.eu/resource/authority/country/DNK;Denmark;;
http://data.europa.eu/949/sectionOfLine/54f8f0decf;http://data.europa.eu/949/operationalPoint/994e0e342a;Herlev;834014;4.041;http://data.europa.eu/949/operationalPoint/9bf2cfc9a6;Ballerup;http://publications.europa.eu/resource/authority/country/DNK;Denmark;;
http://data.europa.eu/949/sectionOfLine/d88afab15a;http://data.europa.eu/949/operationalPoint/e55a819cda;Lindholm;521252;1.2;http://data.europa.eu/949/operationalPoint/184e9d8df3;Aalborg Lufthavn;http://publications.europa.eu/resource/authority/country/DNK;Denmark;;
http://data.europa.eu/949/sectionOfLine/cbbf9d5212;http://data.europa.eu/949/operationalPoint/c96cfac745;Farris;264046;6.191;http://data.europa.eu/949/operationalPoint/d1c5a3c61b;Sommersted;http://publications.europa.eu/resource/authority/country/DNK;Denmark;;
http://data.europa.eu/949/sectionOfLine/03c3ad8a1f;http://data.europa.eu/949/operationalPoint/51229ea8e5;Ålbæk;669022;7.495;http://data.europa.eu/949/operationalPoint/f3a3c7ac67;Hulsig;http://publications.europa.eu/resource/authority/country/DNK;Denmark;;
http://data.europa.eu/949/sectionOfLine/1fec5f13d8;http://data.europa.eu/949/operationalPoint/1fb7fda9cb;Horsens;234060;12.051;http://data.europa.eu/949/operationalPoint/ff952848be;Hovedgård;http://publications.europa.eu/resource/authority/country/DNK;Denmark;;
http://data.europa.eu/949/sectionOfLine/5c198055f8;http://data.europa.eu/949/operationalPoint/2c9c8fb882;Viby Sjælland;14044;5.255;http://data.europa.eu/949/operationalPoint/61fe59e162;Borup;http://publications.europa.eu/resource/authority/country/DNK;Denmark;;
http://data.europa.eu/949/sectionOfLine/25bdcd71df;http://data.europa.eu/949/operationalPoint/e1498cd90f;Lejre;52042;5.53;http://data.europa.eu/949/operationalPoint/67b9ca93ad;Hvalsø;http://publications.europa.eu/resource/authority/country/DNK;Denmark;;
http://data.europa.eu/949/sectionOfLine/7ddce688a7;http://data.europa.eu/949/operationalPoint/4695056063;Kalvebod;124006;4.777;http://data.europa.eu/949/operationalPoint/5c36576ea6;Københavns Lufthavn;http://publications.europa.eu/resource/authority/country/DNK;Denmark;;
http://data.europa.eu/949/sectionOfLine/7a3554ff16;http://data.europa.eu/949/operationalPoint/098deb04f3;Ringkøbing;314142;20.0;http://data.europa.eu/949/operationalPoint/e5aceb7fe3;Ulfborg;http://publications.europa.eu/resource/authority/country/DNK;Denmark;;
http://data.europa.eu/949/sectionOfLine/953a19af0f;http://data.europa.eu/949/operationalPoint/cd98bda167;Masnedø;24124;3.6;http://data.europa.eu/949/operationalPoint/2cc41caea2;Orehoved;http://publications.europa.eu/resource/authority/country/DNK;Denmark;;
http://data.europa.eu/949/sectionOfLine/1783c94e76;http://data.europa.eu/949/operationalPoint/39ec1fa690;Hillerød;606002;0.281;http://data.europa.eu/949/operationalPoint/b31b167ef9;Slotspavillonen;http://publications.europa.eu/resource/authority/country/DNK;Denmark;;
http://data.europa.eu/949/sectionOfLine/8531831b89;http://data.europa.eu/949/operationalPoint/e21bc3b315;Vigerslev;129002;1.04;http://data.europa.eu/949/operationalPoint/4695056063;Kalvebod;http://publications.europa.eu/resource/authority/country/DNK;Denmark;;
http://data.europa.eu/949/sectionOfLine/0a079268c7;http://data.europa.eu/949/operationalPoint/f6de7dcb12;Eskilstrup;26014;6.6;http://data.europa.eu/949/operationalPoint/b3052227d3;Nykøbing Falster;http://publications.europa.eu/resource/authority/country/DNK;Denmark;;
http://data.europa.eu/949/sectionOfLine/772a772e6e;http://data.europa.eu/949/operationalPoint/9e916e29ec;Varde;662002;1.255;http://data.europa.eu/949/operationalPoint/4ff91a487f;Varde Vest;http://publications.europa.eu/resource/authority/country/DNK;Denmark;;
http://data.europa.eu/949/sectionOfLine/5e75e7294f;http://data.europa.eu/949/operationalPoint/68572b173f;Lunderskov;264034;4.127;http://data.europa.eu/949/operationalPoint/8f13b8a618;Vamdrup;http://publications.europa.eu/resource/authority/country/DNK;Denmark;;
http://data.europa.eu/949/sectionOfLine/4f94b2b19e;http://data.europa.eu/949/operationalPoint/44b3c0de97;Skive;322072;6.2;http://data.europa.eu/949/operationalPoint/f2ab51909b;Rønbjerg;http://publications.europa.eu/resource/authority/country/DNK;Denmark;;
http://data.europa.eu/949/sectionOfLine/5563730872;http://data.europa.eu/949/operationalPoint/a5dbd647f4;Ribe;302018;18.654;http://data.europa.eu/949/operationalPoint/fd68e4f01f;Skærbæk;http://publications.europa.eu/resource/authority/country/DNK;Denmark;;
http://data.europa.eu/949/sectionOfLine/b10f96d167;http://data.europa.eu/949/operationalPoint/284602f098;Køge;42056;4.4;http://data.europa.eu/949/operationalPoint/4fd0feae93;Herfølge;http://publications.europa.eu/resource/authority/country/DNK;Denmark;;
http://data.europa.eu/949/sectionOfLine/6fb2b1ce5e;http://data.europa.eu/949/operationalPoint/cf2688a669;Grænge;632010;7.2;http://data.europa.eu/949/operationalPoint/aa555a4eb3;Sakskøbing;http://publications.europa.eu/resource/authority/country/DNK;Denmark;;
http://data.europa.eu/949/sectionOfLine/ad2a23d6fb;http://data.europa.eu/949/operationalPoint/a7c66482f9;Holme-Olstrup;42086;6.074;http://data.europa.eu/949/operationalPoint/2216e9c662;Næstved;http://publications.europa.eu/resource/authority/country/DNK;Denmark;;
http://data.europa.eu/949/sectionOfLine/0c5af8758e;http://data.europa.eu/949/operationalPoint/9c20f556ba;Sønderborg;282002;14.542;http://data.europa.eu/949/operationalPoint/8b90403abf;Gråsten;http://publications.europa.eu/resource/authority/country/DNK;Denmark;;
http://data.europa.eu/949/sectionOfLine/a142ae049b;http://data.europa.eu/949/operationalPoint/8ccd54a209;Guldager;312064;8.6;http://data.europa.eu/949/operationalPoint/9e916e29ec;Varde;http://publications.europa.eu/resource/authority/country/DNK;Denmark;;
http://data.europa.eu/949/sectionOfLine/4c762796ad;http://data.europa.eu/949/operationalPoint/a56670bdd4;Herning;334044;8.4;http://data.europa.eu/949/operationalPoint/fb4eeac5ce;Kølkær;http://publications.europa.eu/resource/authority/country/DNK;Denmark;;
http://data.europa.eu/949/sectionOfLine/8fb018f12f;http://data.europa.eu/949/operationalPoint/a5465f1802;Hårlev;618014;4.62;http://data.europa.eu/949/operationalPoint/eff12c712f;Karise;http://publications.europa.eu/resource/authority/country/DNK;Denmark;;
http://data.europa.eu/949/sectionOfLine/2c15f60ceb;http://data.europa.eu/949/operationalPoint/a59c6554f6;Bedsted Thy;342048;12.0;http://data.europa.eu/949/operationalPoint/acf7f40256;Snedsted;http://publications.europa.eu/resource/authority/country/DNK;Denmark;;
http://data.europa.eu/949/sectionOfLine/fcea013205;http://data.europa.eu/949/operationalPoint/bce2008b7e;Fårup;244184;15.0;http://data.europa.eu/949/operationalPoint/4f3e728cdb;Hobro;http://publications.europa.eu/resource/authority/country/DNK;Denmark;;
http://data.europa.eu/949/sectionOfLine/d9b791e836;http://data.europa.eu/949/operationalPoint/021f66d325;Vejbæk;268104;4.734;http://data.europa.eu/949/operationalPoint/7c31898968;Padborg;http://publications.europa.eu/resource/authority/country/DNK;Denmark;;
http://data.europa.eu/949/sectionOfLine/fad835a528;http://data.europa.eu/949/operationalPoint/1b69d4ccd9;Valby;816006;5.632;http://data.europa.eu/949/operationalPoint/86c3496cf7;Glostrup;http://publications.europa.eu/resource/authority/country/DNK;Denmark;;
http://data.europa.eu/949/sectionOfLine/5dc31fe0ae;http://data.europa.eu/949/operationalPoint/c11f206ffc;Borris;354104;9.0;http://data.europa.eu/949/operationalPoint/3c041c8a69;Skjern;http://publications.europa.eu/resource/authority/country/DNK;Denmark;;
http://data.europa.eu/949/sectionOfLine/995e951372;http://data.europa.eu/949/operationalPoint/d1b37c67d9;Hjørring;253000668001;0.01;http://data.europa.eu/949/operationalPoint/3564bfb9dc;Hjørring;http://publications.europa.eu/resource/authority/country/DNK;Denmark;;
http://data.europa.eu/949/sectionOfLine/cb016d6f16;http://data.europa.eu/949/operationalPoint/598fc9c9e3;Høje Taastrup;12022;9.102;http://data.europa.eu/949/operationalPoint/bbff051db4;Roskilde;http://publications.europa.eu/resource/authority/country/DNK;Denmark;;
http://data.europa.eu/949/sectionOfLine/76885b6079;http://data.europa.eu/949/operationalPoint/60c1f88326;Tistrup;312088;9.6;http://data.europa.eu/949/operationalPoint/130e3cfe52;Ølgod;http://publications.europa.eu/resource/authority/country/DNK;Denmark;;
http://data.europa.eu/949/sectionOfLine/316a6f985a;http://data.europa.eu/949/operationalPoint/bcc0396648;Skibbild;332034;8.8;http://data.europa.eu/949/operationalPoint/a56670bdd4;Herning;http://publications.europa.eu/resource/authority/country/DNK;Denmark;;
http://data.europa.eu/949/sectionOfLine/5eed6454bf;http://data.europa.eu/949/operationalPoint/d91f2d5a39;Taastrup;818020;0.93;http://data.europa.eu/949/operationalPoint/738ceeb39c;Høje Taastrup;http://publications.europa.eu/resource/authority/country/DNK;Denmark;;
http://data.europa.eu/949/sectionOfLine/f1a0d0f861;http://data.europa.eu/949/operationalPoint/386d6ce272;Hellerup;826010;1.508;http://data.europa.eu/949/operationalPoint/34562439f4;Gentofte;http://publications.europa.eu/resource/authority/country/DNK;Denmark;;
http://data.europa.eu/949/sectionOfLine/fb862bf7b7;http://data.europa.eu/949/operationalPoint/7c31898968;Padborg;269000269500;0.029;http://data.europa.eu/949/operationalPoint/42c66d4528;Padborg kombiterminal;http://publications.europa.eu/resource/authority/country/DNK;Denmark;;
http://data.europa.eu/949/sectionOfLine/4da5fdb31f;http://data.europa.eu/949/operationalPoint/2b57939583;Grevinge;609032;5.93;http://data.europa.eu/949/operationalPoint/94a214ed55;Vig;http://publications.europa.eu/resource/authority/country/DNK;Denmark;;
http://data.europa.eu/949/sectionOfLine/0f736dd13f;http://data.europa.eu/949/operationalPoint/b0f6763084;Esbjerg;312058;6.531;http://data.europa.eu/949/operationalPoint/8ccd54a209;Guldager;http://publications.europa.eu/resource/authority/country/DNK;Denmark;;
http://data.europa.eu/949/sectionOfLine/dd181ed7c0;http://data.europa.eu/949/operationalPoint/1a08fc276d;Vejle;234028;13.01;http://data.europa.eu/949/operationalPoint/cbf770db93;Hedensted;http://publications.europa.eu/resource/authority/country/DNK;Denmark;;
http://data.europa.eu/949/sectionOfLine/90dd8861ac;http://data.europa.eu/949/operationalPoint/17180baa59;Holsted;292028;11.63;http://data.europa.eu/949/operationalPoint/e8436ea38d;Bramming;http://publications.europa.eu/resource/authority/country/DNK;Denmark;;
http://data.europa.eu/949/sectionOfLine/1b60f14dd0;http://data.europa.eu/949/operationalPoint/8f13b8a618;Vamdrup;264040;2.632;http://data.europa.eu/949/operationalPoint/c96cfac745;Farris;http://publications.europa.eu/resource/authority/country/DNK;Denmark;;
http://data.europa.eu/949/sectionOfLine/857adc77e3;http://data.europa.eu/949/operationalPoint/8bc33e54bf;Karlslunde;854026;3.837;http://data.europa.eu/949/operationalPoint/d576aa4b6a;Solrød Strand;http://publications.europa.eu/resource/authority/country/DNK;Denmark;;
http://data.europa.eu/949/sectionOfLine/9122ba73c3;http://data.europa.eu/949/operationalPoint/9b1b70002d;Haslev;42076;9.8;http://data.europa.eu/949/operationalPoint/a7c66482f9;Holme-Olstrup;http://publications.europa.eu/resource/authority/country/DNK;Denmark;;
http://data.europa.eu/949/sectionOfLine/1086a7678a;http://data.europa.eu/949/operationalPoint/6d86feca00;Vordingborg;24122;1.8;http://data.europa.eu/949/operationalPoint/cd98bda167;Masnedø;http://publications.europa.eu/resource/authority/country/DNK;Denmark;;
http://data.europa.eu/949/sectionOfLine/a95e6c35a0;http://data.europa.eu/949/operationalPoint/cd30c62818;Jersie Fjern;20034;0.2;http://data.europa.eu/949/operationalPoint/4c8399ffcc;Køge Nord;http://publications.europa.eu/resource/authority/country/DNK;Denmark;;
http://data.europa.eu/949/sectionOfLine/24bc4c5718;http://data.europa.eu/949/operationalPoint/9c950d8db9;Mårum;606014;5.479;http://data.europa.eu/949/operationalPoint/421e098e7c;Græsted;http://publications.europa.eu/resource/authority/country/DNK;Denmark;;
http://data.europa.eu/949/sectionOfLine/e5673a3d46;http://data.europa.eu/949/operationalPoint/b0f6763084;Esbjerg;295000295901;0.033;http://data.europa.eu/949/operationalPoint/31e8d107c8;Esbjerg Havn;http://publications.europa.eu/resource/authority/country/DNK;Denmark;;
http://data.europa.eu/949/sectionOfLine/18649f8116;http://data.europa.eu/949/operationalPoint/7b44bea978;Mørkøv;52084;5.336;http://data.europa.eu/949/operationalPoint/eb35be1462;Jyderup;http://publications.europa.eu/resource/authority/country/DNK;Denmark;;
http://data.europa.eu/949/sectionOfLine/c65c48b621;http://data.europa.eu/949/operationalPoint/ec3805c540;Slagelse;16096;5.435;http://data.europa.eu/949/operationalPoint/0cfeeb2c55;Forlev;http://publications.europa.eu/resource/authority/country/DNK;Denmark;;
http://data.europa.eu/949/sectionOfLine/d81de25f63;http://data.europa.eu/949/operationalPoint/5c36576ea6;Københavns Lufthavn;126016;3.695;http://data.europa.eu/949/operationalPoint/58a1913e98;Peberholm grænse;http://publications.europa.eu/resource/authority/country/DNK;Denmark;;
http://data.europa.eu/949/sectionOfLine/446e785172;http://data.europa.eu/949/operationalPoint/a4d854312c;Vojens;266062;18.193;http://data.europa.eu/949/operationalPoint/7cbf77462e;Rødekro;http://publications.europa.eu/resource/authority/country/DNK;Denmark;;
http://data.europa.eu/949/sectionOfLine/bccce7c96d;http://data.europa.eu/949/operationalPoint/e98d602e5f;Østerport;822004;1.722;http://data.europa.eu/949/operationalPoint/474aaa6c25;Svanemøllen;http://publications.europa.eu/resource/authority/country/DNK;Denmark;;
http://data.europa.eu/949/sectionOfLine/3dc6d4a7fb;http://data.europa.eu/949/operationalPoint/f7c97f7994;Ullerslev;222012;7.443;http://data.europa.eu/949/operationalPoint/5662d585ef;Marslev;http://publications.europa.eu/resource/authority/country/DNK;Denmark;;
http://data.europa.eu/949/sectionOfLine/3b59a5ee0e;http://data.europa.eu/949/operationalPoint/878e4d0987;Aalborg;252250;0.8;http://data.europa.eu/949/operationalPoint/e55a819cda;Lindholm;http://publications.europa.eu/resource/authority/country/DNK;Denmark;;
http://data.europa.eu/949/sectionOfLine/bc0f7004ec;http://data.europa.eu/949/operationalPoint/bd0a5ddc10;Regstrup;52076;6.382;http://data.europa.eu/949/operationalPoint/7b44bea978;Mørkøv;http://publications.europa.eu/resource/authority/country/DNK;Denmark;;
http://data.europa.eu/949/sectionOfLine/35cb4250d9;http://data.europa.eu/949/operationalPoint/1ec6737ae9;Svejbæk;352024;6.0;http://data.europa.eu/949/operationalPoint/8cb36e0d2a;Silkeborg;http://publications.europa.eu/resource/authority/country/DNK;Denmark;;
http://data.europa.eu/949/sectionOfLine/58d48d3def;http://data.europa.eu/949/operationalPoint/fb4eeac5ce;Kølkær;334052;5.0;http://data.europa.eu/949/operationalPoint/a562242947;Fasterholt;http://publications.europa.eu/resource/authority/country/DNK;Denmark;;
http://data.europa.eu/949/sectionOfLine/f8265df007;http://data.europa.eu/949/operationalPoint/0cfeeb2c55;Forlev;16102;5.38;http://data.europa.eu/949/operationalPoint/f9336b4ec3;Korsør;http://publications.europa.eu/resource/authority/country/DNK;Denmark;;
http://data.europa.eu/949/sectionOfLine/5217c9eefa;http://data.europa.eu/949/operationalPoint/eff12c712f;Karise;618018;8.18;http://data.europa.eu/949/operationalPoint/dec12195f9;Faxe Syd;http://publications.europa.eu/resource/authority/country/DNK;Denmark;;
http://data.europa.eu/949/sectionOfLine/fbb698d100;http://data.europa.eu/949/operationalPoint/c1a928303a;Firhøj;605022;4.381;http://data.europa.eu/949/operationalPoint/b4de69224f;Gilleleje;http://publications.europa.eu/resource/authority/country/DNK;Denmark;;
http://data.europa.eu/949/sectionOfLine/26f06ab0c3;http://data.europa.eu/949/operationalPoint/ac04aa595f;Ringsted;16066;5.276;http://data.europa.eu/949/operationalPoint/8da4a0ede5;Fjenneslev;http://publications.europa.eu/resource/authority/country/DNK;Denmark;;
http://data.europa.eu/949/sectionOfLine/d1212a3218;http://data.europa.eu/949/operationalPoint/0274f4669a;Store Heddinge;619014;5.41;http://data.europa.eu/949/operationalPoint/8559949c78;Rødvig;http://publications.europa.eu/resource/authority/country/DNK;Denmark;;
http://data.europa.eu/949/sectionOfLine/180a3d7287;http://data.europa.eu/949/operationalPoint/39ec1fa690;Hillerød;92038;7.523;http://data.europa.eu/949/operationalPoint/b80036fe43;Fredensborg;http://publications.europa.eu/resource/authority/country/DNK;Denmark;;
http://data.europa.eu/949/sectionOfLine/4fed709abb;http://data.europa.eu/949/operationalPoint/38ec8b12a2;Gørløse;604012;3.725;http://data.europa.eu/949/operationalPoint/aab83b12bd;Skævinge;http://publications.europa.eu/resource/authority/country/DNK;Denmark;;
http://data.europa.eu/949/sectionOfLine/f95a0b1fd8;http://data.europa.eu/949/operationalPoint/b6b3971c14;København H;102002;1.183;http://data.europa.eu/949/operationalPoint/e9ab0cd992;Østerport;http://publications.europa.eu/resource/authority/country/DNK;Denmark;;
http://data.europa.eu/949/sectionOfLine/264a9ce698;http://data.europa.eu/949/operationalPoint/30e9c0c54a;Lersøen;884012;0.925;http://data.europa.eu/949/operationalPoint/386d6ce272;Hellerup;http://publications.europa.eu/resource/authority/country/DNK;Denmark;;
http://data.europa.eu/949/sectionOfLine/b614753cca;http://data.europa.eu/949/operationalPoint/25ada43e5e;Hørve;609022;3.37;http://data.europa.eu/949/operationalPoint/6f5b375732;Fårevejle;http://publications.europa.eu/resource/authority/country/DNK;Denmark;;
http://data.europa.eu/949/sectionOfLine/d36138d55c;http://data.europa.eu/949/operationalPoint/79d1052cad;Grejsdal;334112;3.6;http://data.europa.eu/949/operationalPoint/1a08fc276d;Vejle;http://publications.europa.eu/resource/authority/country/DNK;Denmark;;
http://data.europa.eu/949/sectionOfLine/0f890f3fd2;http://data.europa.eu/949/operationalPoint/284602f098;Køge;42053855000;0.052;http://data.europa.eu/949/operationalPoint/443978e2cc;Køge;http://publications.europa.eu/resource/authority/country/DNK;Denmark;;
http://data.europa.eu/949/sectionOfLine/143af1e472;http://data.europa.eu/949/operationalPoint/0ab560985c;København H;122020;0.15;http://data.europa.eu/949/operationalPoint/d84a0b328d;Bavnehøj;http://publications.europa.eu/resource/authority/country/DNK;Denmark;;
http://data.europa.eu/949/sectionOfLine/c8370e3ae5;http://data.europa.eu/949/operationalPoint/67b9ca93ad;Hvalsø;52050;3.08;http://data.europa.eu/949/operationalPoint/4a45f5a2d6;Tølløse;http://publications.europa.eu/resource/authority/country/DNK;Denmark;;
http://data.europa.eu/949/sectionOfLine/498139452e;http://data.europa.eu/949/operationalPoint/1b9f3b56f1;Vrå;252286;9.6;http://data.europa.eu/949/operationalPoint/d1b37c67d9;Hjørring;http://publications.europa.eu/resource/authority/country/DNK;Denmark;;
http://data.europa.eu/949/sectionOfLine/5902bb6e54;http://data.europa.eu/949/operationalPoint/598fc9c9e3;Høje Taastrup;12019819000;0.055;http://data.europa.eu/949/operationalPoint/738ceeb39c;Høje Taastrup;http://publications.europa.eu/resource/authority/country/DNK;Denmark;;
http://data.europa.eu/949/sectionOfLine/8559840d9b;http://data.europa.eu/949/operationalPoint/61fe59e162;Borup;14052;5.363;http://data.europa.eu/949/operationalPoint/4bf49f968f;Kværkeby;http://publications.europa.eu/resource/authority/country/DNK;Denmark;;
http://data.europa.eu/949/sectionOfLine/8170aae109;http://data.europa.eu/949/operationalPoint/e654cb5025;Fredericia;262004;3.789;http://data.europa.eu/949/operationalPoint/d6e4d7fdd4;Taulov;http://publications.europa.eu/resource/authority/country/DNK;Denmark;;
http://data.europa.eu/949/sectionOfLine/80c1a0f9b2;http://data.europa.eu/949/operationalPoint/284602f098;Køge;618002;2.226;http://data.europa.eu/949/operationalPoint/b8e9703906;Egøje;http://publications.europa.eu/resource/authority/country/DNK;Denmark;;
http://data.europa.eu/949/sectionOfLine/c7a3e9244a;http://data.europa.eu/949/operationalPoint/a0f036000c;Hurup Thy;342042;6.0;http://data.europa.eu/949/operationalPoint/a59c6554f6;Bedsted Thy;http://publications.europa.eu/resource/authority/country/DNK;Denmark;;
http://data.europa.eu/949/sectionOfLine/5d2d7655a4;http://data.europa.eu/949/operationalPoint/02f9d268d1;Mårsø;609006;4.73;http://data.europa.eu/949/operationalPoint/2051aac352;Gislinge;http://publications.europa.eu/resource/authority/country/DNK;Denmark;;
http://data.europa.eu/949/sectionOfLine/e547c814c7;http://data.europa.eu/949/operationalPoint/d576aa4b6a;Solrød Strand;854030;2.829;http://data.europa.eu/949/operationalPoint/22d2e54fed;Ølsemagle;http://publications.europa.eu/resource/authority/country/DNK;Denmark;;
http://data.europa.eu/949/sectionOfLine/350abc65d9;http://data.europa.eu/949/operationalPoint/d1996fdbeb;Grønnehave;605004;0.91;http://data.europa.eu/949/operationalPoint/437d93aee1;Højstrup;http://publications.europa.eu/resource/authority/country/DNK;Denmark;;
http://data.europa.eu/949/sectionOfLine/7fe342cb14;http://data.europa.eu/949/operationalPoint/298adeb3b4;Frederiksværk;604026;3.485;http://data.europa.eu/949/operationalPoint/42308d9419;Melby;http://publications.europa.eu/resource/authority/country/DNK;Denmark;;
http://data.europa.eu/949/sectionOfLine/f879becdc1;http://data.europa.eu/949/operationalPoint/04c15f06b6;Tornby;668012;5.625;http://data.europa.eu/949/operationalPoint/b09c307dea;Hirtshals;http://publications.europa.eu/resource/authority/country/DNK;Denmark;;
http://data.europa.eu/949/sectionOfLine/5104135bdc;http://data.europa.eu/949/operationalPoint/dec12195f9;Faxe Syd;618028;2.55;http://data.europa.eu/949/operationalPoint/25df499c54;Faxe Ladeplads;http://publications.europa.eu/resource/authority/country/DNK;Denmark;;
http://data.europa.eu/949/sectionOfLine/83562956ea;http://data.europa.eu/949/operationalPoint/9a19a1b456;Ravnstrup;322050;8.4;http://data.europa.eu/949/operationalPoint/6517b745ea;Stoholm;http://publications.europa.eu/resource/authority/country/DNK;Denmark;;
http://data.europa.eu/949/sectionOfLine/ebce953926;http://data.europa.eu/949/operationalPoint/bfb6cd4c8a;Sulsted;252266;10.0;http://data.europa.eu/949/operationalPoint/f5713e9a7c;Brønderslev;http://publications.europa.eu/resource/authority/country/DNK;Denmark;;
http://data.europa.eu/949/sectionOfLine/459148df07;http://data.europa.eu/949/operationalPoint/8590f17c3c;Gadstrup;42042;2.4;http://data.europa.eu/949/operationalPoint/c0fff7983c;Havdrup;http://publications.europa.eu/resource/authority/country/DNK;Denmark;;
http://data.europa.eu/949/sectionOfLine/43e169441a;http://data.europa.eu/949/operationalPoint/9277246a4b;Odense;212002;3.091;http://data.europa.eu/949/operationalPoint/0df41197db;Fruens Bøge;http://publications.europa.eu/resource/authority/country/DNK;Denmark;;
http://data.europa.eu/949/sectionOfLine/ec5594bf92;http://data.europa.eu/949/operationalPoint/34562439f4;Gentofte;826012;1.348;http://data.europa.eu/949/operationalPoint/ab2da2759a;Lyngby;http://publications.europa.eu/resource/authority/country/DNK;Denmark;;
http://data.europa.eu/949/sectionOfLine/34d784e8ad;http://data.europa.eu/949/operationalPoint/fd68e4f01f;Skærbæk;302038;11.071;http://data.europa.eu/949/operationalPoint/ecf3666487;Bredebro;http://publications.europa.eu/resource/authority/country/DNK;Denmark;;
http://data.europa.eu/949/sectionOfLine/4151cbf0e9;http://data.europa.eu/949/operationalPoint/9387769d03;Hundested;604039604041;0.207;http://data.europa.eu/949/operationalPoint/5c17a512f4;Hundested Havn;http://publications.europa.eu/resource/authority/country/DNK;Denmark;;
http://data.europa.eu/949/sectionOfLine/3780b8ea73;http://data.europa.eu/949/operationalPoint/e8436ea38d;Bramming;294042;6.65;http://data.europa.eu/949/operationalPoint/8e0e47d3be;Tjæreborg;http://publications.europa.eu/resource/authority/country/DNK;Denmark;;
http://data.europa.eu/949/sectionOfLine/1aa57c9d5a;http://data.europa.eu/949/operationalPoint/0df6226c14;Skanderborg;352002;11.002;http://data.europa.eu/949/operationalPoint/deaf1994f1;Ry;http://publications.europa.eu/resource/authority/country/DNK;Denmark;;
http://data.europa.eu/949/sectionOfLine/800f544650;http://data.europa.eu/949/operationalPoint/084ba45745;Buddinge;842016;5.479;http://data.europa.eu/949/operationalPoint/db703776d6;Hareskov;http://publications.europa.eu/resource/authority/country/DNK;Denmark;;
http://data.europa.eu/949/sectionOfLine/4068f1e687;http://data.europa.eu/949/operationalPoint/733d359a74;Vipperød;52062;3.589;http://data.europa.eu/949/operationalPoint/ca03035cd5;Holbæk;http://publications.europa.eu/resource/authority/country/DNK;Denmark;;
http://data.europa.eu/949/sectionOfLine/8fef87beac;http://data.europa.eu/949/operationalPoint/078be2d3dc;Kolding;262022;10.692;http://data.europa.eu/949/operationalPoint/68572b173f;Lunderskov;http://publications.europa.eu/resource/authority/country/DNK;Denmark;;
http://data.europa.eu/949/sectionOfLine/2049161b23;http://data.europa.eu/949/operationalPoint/0992f47b2d;Adamshøj;21060;3.594;http://data.europa.eu/949/operationalPoint/ac04aa595f;Ringsted;http://publications.europa.eu/resource/authority/country/DNK;Denmark;;
http://data.europa.eu/949/sectionOfLine/b3c202eea8;http://data.europa.eu/949/operationalPoint/cbf770db93;Hedensted;234042;14.201;http://data.europa.eu/949/operationalPoint/1fb7fda9cb;Horsens;http://publications.europa.eu/resource/authority/country/DNK;Denmark;;
http://data.europa.eu/949/sectionOfLine/16af14758d;http://data.europa.eu/949/operationalPoint/68572b173f;Lunderskov;292002;9.983;http://data.europa.eu/949/operationalPoint/c825e647f9;Vejen;http://publications.europa.eu/resource/authority/country/DNK;Denmark;;
http://data.europa.eu/949/sectionOfLine/e8d512d46a;http://data.europa.eu/949/operationalPoint/336a7065d0;Vanløse;834010;3.392;http://data.europa.eu/949/operationalPoint/994e0e342a;Herlev;http://publications.europa.eu/resource/authority/country/DNK;Denmark;;
http://data.europa.eu/949/sectionOfLine/63990eebe5;http://data.europa.eu/949/operationalPoint/bbff051db4;Roskilde;42034;6.709;http://data.europa.eu/949/operationalPoint/8590f17c3c;Gadstrup;http://publications.europa.eu/resource/authority/country/DNK;Denmark;;
http://data.europa.eu/949/sectionOfLine/b8d2a087fd;http://data.europa.eu/949/operationalPoint/00d6ce7816;Aulum;332020;6.4;http://data.europa.eu/949/operationalPoint/9a6fafd723;Vildbjerg;http://publications.europa.eu/resource/authority/country/DNK;Denmark;;
http://data.europa.eu/949/sectionOfLine/575ab58be7;http://data.europa.eu/949/operationalPoint/b31b167ef9;Slotspavillonen;606004;6.097;http://data.europa.eu/949/operationalPoint/afdae0afff;Kagerup;http://publications.europa.eu/resource/authority/country/DNK;Denmark;;
http://data.europa.eu/949/sectionOfLine/1a49c6ce5c;http://data.europa.eu/949/operationalPoint/ad435a91e7;Svanemøllen;76013823000;0.191;http://data.europa.eu/949/operationalPoint/474aaa6c25;Svanemøllen;http://publications.europa.eu/resource/authority/country/DNK;Denmark;;
http://data.europa.eu/949/sectionOfLine/d88c795615;http://data.europa.eu/949/operationalPoint/fbdbed12e0;Struer;342002;21.0;http://data.europa.eu/949/operationalPoint/83adffdbd4;Hvidbjerg;http://publications.europa.eu/resource/authority/country/DNK;Denmark;;
http://data.europa.eu/949/sectionOfLine/b8442d6046;http://data.europa.eu/949/operationalPoint/c74f805af3;Viborg;322042;6.2;http://data.europa.eu/949/operationalPoint/9a19a1b456;Ravnstrup;http://publications.europa.eu/resource/authority/country/DNK;Denmark;;
http://data.europa.eu/949/sectionOfLine/e9185b37c3;http://data.europa.eu/949/operationalPoint/1fb3291a3e;Kvissel;254326;7.6;http://data.europa.eu/949/operationalPoint/c2bedd99be;Frederikshavn;http://publications.europa.eu/resource/authority/country/DNK;Denmark;;
http://data.europa.eu/949/sectionOfLine/b53c3d165c;http://data.europa.eu/949/operationalPoint/e55a819cda;Lindholm;252254;9.6;http://data.europa.eu/949/operationalPoint/bfb6cd4c8a;Sulsted;http://publications.europa.eu/resource/authority/country/DNK;Denmark;;
http://data.europa.eu/949/sectionOfLine/d17f1babde;http://data.europa.eu/949/operationalPoint/02826f593b;Kværndrup;212032;4.807;http://data.europa.eu/949/operationalPoint/946fe66ae8;Stenstrup;http://publications.europa.eu/resource/authority/country/DNK;Denmark;;
http://data.europa.eu/949/sectionOfLine/8ed7fdcd3e;http://data.europa.eu/949/operationalPoint/e7a0353dd6;Holstebro;316188;7.4;http://data.europa.eu/949/operationalPoint/97b588b3d7;Hjerm;http://publications.europa.eu/resource/authority/country/DNK;Denmark;;
http://data.europa.eu/949/sectionOfLine/87d81c4a3a;http://data.europa.eu/949/operationalPoint/421e098e7c;Græsted;606022;5.346;http://data.europa.eu/949/operationalPoint/b4de69224f;Gilleleje;http://publications.europa.eu/resource/authority/country/DNK;Denmark;;
http://data.europa.eu/949/sectionOfLine/42f6bbf67d;http://data.europa.eu/949/operationalPoint/26e2b49b6b;Klippinge;619002;5.87;http://data.europa.eu/949/operationalPoint/a5465f1802;Hårlev;http://publications.europa.eu/resource/authority/country/DNK;Denmark;;
http://data.europa.eu/949/sectionOfLine/5aa621fb44;http://data.europa.eu/949/operationalPoint/432b8007eb;Gadbjerg;334094;6.0;http://data.europa.eu/949/operationalPoint/0953de4aae;Jelling;http://publications.europa.eu/resource/authority/country/DNK;Denmark;;
http://data.europa.eu/949/sectionOfLine/b3fc3475e0;http://data.europa.eu/949/operationalPoint/c23fbc7601;Jerup;669014;6.217;http://data.europa.eu/949/operationalPoint/51229ea8e5;Ålbæk;http://publications.europa.eu/resource/authority/country/DNK;Denmark;;
http://data.europa.eu/949/sectionOfLine/5afc62b21c;http://data.europa.eu/949/operationalPoint/437d93aee1;Højstrup;605006;2.75;http://data.europa.eu/949/operationalPoint/ad240a21f8;Hellebæk;http://publications.europa.eu/resource/authority/country/DNK;Denmark;;
http://data.europa.eu/949/sectionOfLine/2d3bca2fc9;http://data.europa.eu/949/operationalPoint/474aaa6c25;Svanemøllen;842008;2.913;http://data.europa.eu/949/operationalPoint/cf46eb9337;Dyssegård;http://publications.europa.eu/resource/authority/country/DNK;Denmark;;
http://data.europa.eu/949/sectionOfLine/2f4355653a;http://data.europa.eu/949/operationalPoint/c2bedd99be;Frederikshavn;669002;4.86;http://data.europa.eu/949/operationalPoint/8cf11a27a7;Strandby;http://publications.europa.eu/resource/authority/country/DNK;Denmark;;
http://data.europa.eu/949/sectionOfLine/2b98036d01;http://data.europa.eu/949/operationalPoint/4c8399ffcc;Køge Nord;21036;3.0;http://data.europa.eu/949/operationalPoint/6945ba3a9c;Lellinge;http://publications.europa.eu/resource/authority/country/DNK;Denmark;;
http://data.europa.eu/949/sectionOfLine/982455b6ab;http://data.europa.eu/949/operationalPoint/8d2cfeabce;Veksø;836028;5.938;http://data.europa.eu/949/operationalPoint/ab73da6ade;Ølstykke;http://publications.europa.eu/resource/authority/country/DNK;Denmark;;
http://data.europa.eu/949/sectionOfLine/6ad8d4cbea;http://data.europa.eu/949/operationalPoint/3fa6afcc14;Skelbæk;852002;0.232;http://data.europa.eu/949/operationalPoint/9c62156248;Bavnehøj;http://publications.europa.eu/resource/authority/country/DNK;Denmark;;
http://data.europa.eu/949/sectionOfLine/e6725d4824;http://data.europa.eu/949/operationalPoint/9669ea2f4a;Sprogø;16124;8.264;http://data.europa.eu/949/operationalPoint/23e5ac572a;Nyborg;http://publications.europa.eu/resource/authority/country/DNK;Denmark;;
http://data.europa.eu/949/sectionOfLine/cb9824f7aa;http://data.europa.eu/949/operationalPoint/3fa6afcc14;Skelbæk;814002;1.705;http://data.europa.eu/949/operationalPoint/1b69d4ccd9;Valby;http://publications.europa.eu/resource/authority/country/DNK;Denmark;;
http://data.europa.eu/949/sectionOfLine/27d18482a8;http://data.europa.eu/949/operationalPoint/b78de4ff03;Højslev;322066;4.0;http://data.europa.eu/949/operationalPoint/44b3c0de97;Skive;http://publications.europa.eu/resource/authority/country/DNK;Denmark;;
http://data.europa.eu/949/sectionOfLine/bb17f5792f;http://data.europa.eu/949/operationalPoint/abb1bed9cb;Funder;352038;8.2;http://data.europa.eu/949/operationalPoint/d07d6bb651;Engesvang;http://publications.europa.eu/resource/authority/country/DNK;Denmark;;
http://data.europa.eu/949/sectionOfLine/a51bfa882e;http://data.europa.eu/949/operationalPoint/7838dc3999;Glostrup;12014;5.678;http://data.europa.eu/949/operationalPoint/598fc9c9e3;Høje Taastrup;http://publications.europa.eu/resource/authority/country/DNK;Denmark;;
http://data.europa.eu/949/sectionOfLine/93cccb42e3;http://data.europa.eu/949/operationalPoint/ca03035cd5;Holbæk;609002;3.7;http://data.europa.eu/949/operationalPoint/02f9d268d1;Mårsø;http://publications.europa.eu/resource/authority/country/DNK;Denmark;;
http://data.europa.eu/949/sectionOfLine/9230c3f204;http://data.europa.eu/949/operationalPoint/e9ab0cd992;Østerport;102003822003;0.364;http://data.europa.eu/949/operationalPoint/e98d602e5f;Østerport;http://publications.europa.eu/resource/authority/country/DNK;Denmark;;
http://data.europa.eu/949/sectionOfLine/759d035286;http://data.europa.eu/949/operationalPoint/d1cac906a4;Skellebjerg;616014;2.34;http://data.europa.eu/949/operationalPoint/9f0aeed7f8;Dianalund;http://publications.europa.eu/resource/authority/country/DNK;Denmark;;
http://data.europa.eu/949/sectionOfLine/9378b798d9;http://data.europa.eu/949/operationalPoint/7c31898968;Padborg;269000269700;0.025;http://data.europa.eu/949/operationalPoint/245b10bd6e;Padborg grænse;http://publications.europa.eu/resource/authority/country/DNK;Denmark;;
http://data.europa.eu/949/sectionOfLine/731d554442;http://data.europa.eu/949/operationalPoint/7e8809bf8e;Bording;352054;6.8;http://data.europa.eu/949/operationalPoint/e96c24aaf7;Ikast;http://publications.europa.eu/resource/authority/country/DNK;Denmark;;
http://data.europa.eu/949/sectionOfLine/3e48fa9089;http://data.europa.eu/949/operationalPoint/2680b38640;Lundby;24110;9.2;http://data.europa.eu/949/operationalPoint/6d86feca00;Vordingborg;http://publications.europa.eu/resource/authority/country/DNK;Denmark;;
http://data.europa.eu/949/sectionOfLine/441af5764e;http://data.europa.eu/949/operationalPoint/0caf1e3bed;Birkerød;826026;4.018;http://data.europa.eu/949/operationalPoint/2a73bfd935;Allerød;http://publications.europa.eu/resource/authority/country/DNK;Denmark;;
http://data.europa.eu/949/sectionOfLine/9fef9c7b4f;http://data.europa.eu/949/operationalPoint/6260a594e0;Hørning;236096;10.268;http://data.europa.eu/949/operationalPoint/d4ebf5540d;Aarhus H;http://publications.europa.eu/resource/authority/country/DNK;Denmark;;
http://data.europa.eu/949/sectionOfLine/8c09c646d6;http://data.europa.eu/949/operationalPoint/7cbf77462e;Rødekro;266084;13.001;http://data.europa.eu/949/operationalPoint/8e41ce4e50;Tinglev;http://publications.europa.eu/resource/authority/country/DNK;Denmark;;
http://data.europa.eu/949/sectionOfLine/53c49b5bc4;http://data.europa.eu/949/operationalPoint/2b699201ee;Vallensbæk;852016;3.179;http://data.europa.eu/949/operationalPoint/d857d1bdbc;Hundige;http://publications.europa.eu/resource/authority/country/DNK;Denmark;;
http://data.europa.eu/949/sectionOfLine/7f201daa73;http://data.europa.eu/949/operationalPoint/8b90403abf;Gråsten;282018;23.383;http://data.europa.eu/949/operationalPoint/8e41ce4e50;Tinglev;http://publications.europa.eu/resource/authority/country/DNK;Denmark;;
http://data.europa.eu/949/sectionOfLine/5381bb9d74;http://data.europa.eu/949/operationalPoint/abe9b66b32;Værslev;52104;5.39;http://data.europa.eu/949/operationalPoint/b2e365c471;Kalundborg;http://publications.europa.eu/resource/authority/country/DNK;Denmark;;
http://data.europa.eu/949/sectionOfLine/9594293f3e;http://data.europa.eu/949/operationalPoint/555c806945;Ryde;632036;6.22;http://data.europa.eu/949/operationalPoint/ffee25560a;Søllested;http://publications.europa.eu/resource/authority/country/DNK;Denmark;;
http://data.europa.eu/949/sectionOfLine/df0cb7771b;http://data.europa.eu/949/operationalPoint/22d2e54fed;Ølsemagle;854034;3.633;http://data.europa.eu/949/operationalPoint/443978e2cc;Køge;http://publications.europa.eu/resource/authority/country/DNK;Denmark;;
http://data.europa.eu/949/sectionOfLine/ba503a0667;http://data.europa.eu/949/operationalPoint/eb9688e572;Nivå;104034;8.426;http://data.europa.eu/949/operationalPoint/0aecab029b;Snekkersten;http://publications.europa.eu/resource/authority/country/DNK;Denmark;;
http://data.europa.eu/949/sectionOfLine/ff41472b8d;http://data.europa.eu/949/operationalPoint/17960660ed;Give;334084;9.4;http://data.europa.eu/949/operationalPoint/432b8007eb;Gadbjerg;http://publications.europa.eu/resource/authority/country/DNK;Denmark;;
http://data.europa.eu/949/sectionOfLine/5ba0091fff;http://data.europa.eu/949/operationalPoint/e8e2930181;Fuglevad;602004;1.64;http://data.europa.eu/949/operationalPoint/ee41deb17b;Ørholm;http://publications.europa.eu/resource/authority/country/DNK;Denmark;;
http://data.europa.eu/949/sectionOfLine/725a1b25c4;http://data.europa.eu/949/operationalPoint/66f0f514c7;Skodsborg;104020;5.702;http://data.europa.eu/949/operationalPoint/87b4c1a105;Rungsted Kyst;http://publications.europa.eu/resource/authority/country/DNK;Denmark;;
http://data.europa.eu/949/sectionOfLine/8fbd348c8e;http://data.europa.eu/949/operationalPoint/256efce5b9;Oksbøl;662016;8.78;http://data.europa.eu/949/operationalPoint/0f68c2ba9d;Henne;http://publications.europa.eu/resource/authority/country/DNK;Denmark;;
http://data.europa.eu/949/sectionOfLine/14af2f1519;http://data.europa.eu/949/operationalPoint/b41507f474;Hellerup;103000825000;0.043;http://data.europa.eu/949/operationalPoint/386d6ce272;Hellerup;http://publications.europa.eu/resource/authority/country/DNK;Denmark;;
http://data.europa.eu/949/sectionOfLine/eaeccb9a3d;http://data.europa.eu/949/operationalPoint/97b588b3d7;Hjerm;316196;5.6;http://data.europa.eu/949/operationalPoint/fbdbed12e0;Struer;http://publications.europa.eu/resource/authority/country/DNK;Denmark;;
http://data.europa.eu/949/sectionOfLine/c8b7201d3e;http://data.europa.eu/949/operationalPoint/d1c5a3c61b;Sommersted;264054;5.205;http://data.europa.eu/949/operationalPoint/a4d854312c;Vojens;http://publications.europa.eu/resource/authority/country/DNK;Denmark;;
http://data.europa.eu/949/sectionOfLine/8097d80e84;http://data.europa.eu/949/operationalPoint/121d8e2f74;Kibæk;354088;15.2;http://data.europa.eu/949/operationalPoint/c11f206ffc;Borris;http://publications.europa.eu/resource/authority/country/DNK;Denmark;;
http://data.europa.eu/949/sectionOfLine/79cc2f49e7;http://data.europa.eu/949/operationalPoint/18d3cf3817;Mogenstrup;24098;9.0;http://data.europa.eu/949/operationalPoint/2680b38640;Lundby;http://publications.europa.eu/resource/authority/country/DNK;Denmark;;
http://data.europa.eu/949/sectionOfLine/370f13ddd3;http://data.europa.eu/949/operationalPoint/e7a0353dd6;Holstebro;332002;8.4;http://data.europa.eu/949/operationalPoint/1724030e13;Tvis;http://publications.europa.eu/resource/authority/country/DNK;Denmark;;
http://data.europa.eu/949/sectionOfLine/d114152064;http://data.europa.eu/949/operationalPoint/0ab560985c;København H;12002;4.467;http://data.europa.eu/949/operationalPoint/70af42973e;Hvidovre Fjern;http://publications.europa.eu/resource/authority/country/DNK;Denmark;;
http://data.europa.eu/949/sectionOfLine/4f275bcbb7;http://data.europa.eu/949/operationalPoint/8cddfc1dad;Højby Sjælland;609046;4.2;http://data.europa.eu/949/operationalPoint/4f6cb15ea7;Nykøbing Sjælland;http://publications.europa.eu/resource/authority/country/DNK;Denmark;;
http://data.europa.eu/949/sectionOfLine/b2a9250fe7;http://data.europa.eu/949/operationalPoint/e8436ea38d;Bramming;302002;6.858;http://data.europa.eu/949/operationalPoint/7e4ac6f062;Gredstedbro;http://publications.europa.eu/resource/authority/country/DNK;Denmark;;
http://data.europa.eu/949/sectionOfLine/16530d95b8;http://data.europa.eu/949/operationalPoint/8501e042e2;Bjæverskov;21048;10.2;http://data.europa.eu/949/operationalPoint/0992f47b2d;Adamshøj;http://publications.europa.eu/resource/authority/country/DNK;Denmark;;
http://data.europa.eu/949/sectionOfLine/4509bccede;http://data.europa.eu/949/operationalPoint/2216e9c662;Næstved;24096;2.868;http://data.europa.eu/949/operationalPoint/18d3cf3817;Mogenstrup;http://publications.europa.eu/resource/authority/country/DNK;Denmark;;
http://data.europa.eu/949/sectionOfLine/223afa841b;http://data.europa.eu/949/operationalPoint/fbc06db45f;Brødeskov;604006;4.18;http://data.europa.eu/949/operationalPoint/38ec8b12a2;Gørløse;http://publications.europa.eu/resource/authority/country/DNK;Denmark;;
http://data.europa.eu/949/sectionOfLine/cd719765a6;http://data.europa.eu/949/operationalPoint/3358a67821;Saunte;605014;1.64;http://data.europa.eu/949/operationalPoint/407ae16667;Hornbæk;http://publications.europa.eu/resource/authority/country/DNK;Denmark;;
http://data.europa.eu/949/sectionOfLine/2ab9e0a65a;http://data.europa.eu/949/operationalPoint/04f18f5ae4;Helsingør;605002;0.7;http://data.europa.eu/949/operationalPoint/d1996fdbeb;Grønnehave;http://publications.europa.eu/resource/authority/country/DNK;Denmark;;
http://data.europa.eu/949/sectionOfLine/63f32f0a9a;http://data.europa.eu/949/operationalPoint/6f79d3f502;Ålsgårde;605010;2.73;http://data.europa.eu/949/operationalPoint/3358a67821;Saunte;http://publications.europa.eu/resource/authority/country/DNK;Denmark;;
http://data.europa.eu/949/sectionOfLine/6918f66bf0;http://data.europa.eu/949/operationalPoint/8c83c8b253;Årslev;212016;6.526;http://data.europa.eu/949/operationalPoint/b25fd50e52;Ringe;http://publications.europa.eu/resource/authority/country/DNK;Denmark;;
http://data.europa.eu/949/sectionOfLine/3acf8a560e;http://data.europa.eu/949/operationalPoint/e21bc3b315;Vigerslev;20006;2.67;http://data.europa.eu/949/operationalPoint/ab3bfba577;Avedøre Havnevej;http://publications.europa.eu/resource/authority/country/DNK;Denmark;;
http://data.europa.eu/949/sectionOfLine/c11bb47d6c;http://data.europa.eu/949/operationalPoint/70af42973e;Hvidovre Fjern;12010;2.224;http://data.europa.eu/949/operationalPoint/7838dc3999;Glostrup;http://publications.europa.eu/resource/authority/country/DNK;Denmark;;
http://data.europa.eu/949/sectionOfLine/d65f0d5d86;http://data.europa.eu/949/operationalPoint/ac04aa595f;Ringsted;22066;23.17;http://data.europa.eu/949/operationalPoint/2216e9c662;Næstved;http://publications.europa.eu/resource/authority/country/DNK;Denmark;;
http://data.europa.eu/949/sectionOfLine/3d91d850cc;http://data.europa.eu/949/operationalPoint/3564bfb9dc;Hjørring;668002;4.628;http://data.europa.eu/949/operationalPoint/b56254fbc2;Langholm;http://publications.europa.eu/resource/authority/country/DNK;Denmark;;
http://data.europa.eu/949/sectionOfLine/652e8068cc;http://data.europa.eu/949/operationalPoint/e21bc3b315;Vigerslev;72003881000;0.045;http://data.europa.eu/949/operationalPoint/72f408c387;Vigerslev;http://publications.europa.eu/resource/authority/country/DNK;Denmark;;
http://data.europa.eu/949/sectionOfLine/9bc01a8417;http://data.europa.eu/949/operationalPoint/4ff91a487f;Varde Vest;662004;5.74;http://data.europa.eu/949/operationalPoint/2d9936c1b2;Janderup;http://publications.europa.eu/resource/authority/country/DNK;Denmark;;
http://data.europa.eu/949/sectionOfLine/c403407bf9;http://data.europa.eu/949/operationalPoint/c0fff7983c;Havdrup;42044;3.0;http://data.europa.eu/949/operationalPoint/01e2af0185;Lille Skensved;http://publications.europa.eu/resource/authority/country/DNK;Denmark;;
http://data.europa.eu/949/sectionOfLine/07b0864574;http://data.europa.eu/949/operationalPoint/4fd0feae93;Herfølge;42060;5.2;http://data.europa.eu/949/operationalPoint/2c2836c6ba;Tureby;http://publications.europa.eu/resource/authority/country/DNK;Denmark;;
http://data.europa.eu/949/sectionOfLine/51c261f599;http://data.europa.eu/949/operationalPoint/59a6a86d61;Væggerløse;32030;7.477;http://data.europa.eu/949/operationalPoint/73136b3506;Fiskebæk;http://publications.europa.eu/resource/authority/country/DNK;Denmark;;
http://data.europa.eu/949/sectionOfLine/ba3aacab9b;http://data.europa.eu/949/operationalPoint/2140dea6c1;Svebølle;52098;4.228;http://data.europa.eu/949/operationalPoint/abe9b66b32;Værslev;http://publications.europa.eu/resource/authority/country/DNK;Denmark;;
http://data.europa.eu/949/sectionOfLine/3e8b92d7ec;http://data.europa.eu/949/operationalPoint/2d9936c1b2;Janderup;662010;2.1;http://data.europa.eu/949/operationalPoint/d4a033bf5f;Billum;http://publications.europa.eu/resource/authority/country/DNK;Denmark;;
http://data.europa.eu/949/sectionOfLine/942d13e56b;http://data.europa.eu/949/operationalPoint/7e4ac6f062;Gredstedbro;302010;6.338;http://data.europa.eu/949/operationalPoint/a5dbd647f4;Ribe;http://publications.europa.eu/resource/authority/country/DNK;Denmark;;
http://data.europa.eu/949/sectionOfLine/127beffa6b;http://data.europa.eu/949/operationalPoint/4466808a6d;Outrup;662028;9.35;http://data.europa.eu/949/operationalPoint/4d250a9d09;Nørre Nebel;http://publications.europa.eu/resource/authority/country/DNK;Denmark;;
http://data.europa.eu/949/sectionOfLine/da2bb17b22;http://data.europa.eu/949/operationalPoint/246039c58f;Brande;334068;8.4;http://data.europa.eu/949/operationalPoint/ba6d1eeef2;Thyregod;http://publications.europa.eu/resource/authority/country/DNK;Denmark;;
http://data.europa.eu/949/sectionOfLine/05a7f16bbe;http://data.europa.eu/949/operationalPoint/8df4fe2c1e;Vallø;618008;1.58;http://data.europa.eu/949/operationalPoint/a38a9b9b78;Grubberholm;http://publications.europa.eu/resource/authority/country/DNK;Denmark;;
http://data.europa.eu/949/sectionOfLine/e56ef3c709;http://data.europa.eu/949/operationalPoint/fc6d08d5fe;Østerport;77000102003;0.219;http://data.europa.eu/949/operationalPoint/e9ab0cd992;Østerport;http://publications.europa.eu/resource/authority/country/DNK;Denmark;;
http://data.europa.eu/949/sectionOfLine/4340b90560;http://data.europa.eu/949/operationalPoint/d6e4d7fdd4;Taulov;262009262509;0.042;http://data.europa.eu/949/operationalPoint/661a3e4828;Taulov kombiterminal;http://publications.europa.eu/resource/authority/country/DNK;Denmark;;
http://data.europa.eu/949/sectionOfLine/6e23029ced;http://data.europa.eu/949/operationalPoint/4a45f5a2d6;Tølløse;52056;4.586;http://data.europa.eu/949/operationalPoint/733d359a74;Vipperød;http://publications.europa.eu/resource/authority/country/DNK;Denmark;;
http://data.europa.eu/949/sectionOfLine/a6b49076d4;http://data.europa.eu/949/operationalPoint/19f426e6cb;Asnæs;609028;2.81;http://data.europa.eu/949/operationalPoint/2b57939583;Grevinge;http://publications.europa.eu/resource/authority/country/DNK;Denmark;;
http://data.europa.eu/949/sectionOfLine/723952359c;http://data.europa.eu/949/operationalPoint/3c041c8a69;Skjern;314118;10.2;http://data.europa.eu/949/operationalPoint/7556ab3ebc;Lem;http://publications.europa.eu/resource/authority/country/DNK;Denmark;;
http://data.europa.eu/949/sectionOfLine/74c550b8ca;http://data.europa.eu/949/operationalPoint/73136b3506;Fiskebæk;32038;6.341;http://data.europa.eu/949/operationalPoint/51b57c4077;Gedser;http://publications.europa.eu/resource/authority/country/DNK;Denmark;;
http://data.europa.eu/949/sectionOfLine/82c4c3c707;http://data.europa.eu/949/operationalPoint/afdae0afff;Kagerup;606010;4.473;http://data.europa.eu/949/operationalPoint/9c950d8db9;Mårum;http://publications.europa.eu/resource/authority/country/DNK;Denmark;;
http://data.europa.eu/949/sectionOfLine/3f8fbda856;http://data.europa.eu/949/operationalPoint/acf7f40256;Snedsted;342060;13.4;http://data.europa.eu/949/operationalPoint/2b6143e919;Thisted;http://publications.europa.eu/resource/authority/country/DNK;Denmark;;
http://data.europa.eu/949/sectionOfLine/1c75fb781e;http://data.europa.eu/949/operationalPoint/946fe66ae8;Stenstrup;212038;11.132;http://data.europa.eu/949/operationalPoint/5cd7ed58ed;Svendborg;http://publications.europa.eu/resource/authority/country/DNK;Denmark;;
http://data.europa.eu/949/sectionOfLine/6705a50939;http://data.europa.eu/949/operationalPoint/947e6ec43a;København H;822002;1.975;http://data.europa.eu/949/operationalPoint/e98d602e5f;Østerport;http://publications.europa.eu/resource/authority/country/DNK;Denmark;;
http://data.europa.eu/949/sectionOfLine/2898a37e8e;http://data.europa.eu/949/operationalPoint/ee41deb17b;Ørholm;602006;1.68;http://data.europa.eu/949/operationalPoint/1c1a8ca548;Nærum;http://publications.europa.eu/resource/authority/country/DNK;Denmark;;
http://data.europa.eu/949/sectionOfLine/2b245b2f3e;http://data.europa.eu/949/operationalPoint/0df41197db;Fruens Bøge;212006;4.808;http://data.europa.eu/949/operationalPoint/308f3059a1;Højby;http://publications.europa.eu/resource/authority/country/DNK;Denmark;;
http://data.europa.eu/949/sectionOfLine/a84cc30dc6;http://data.europa.eu/949/operationalPoint/d4a033bf5f;Billum;662012;1.81;http://data.europa.eu/949/operationalPoint/ab8586a872;Hesselmed;http://publications.europa.eu/resource/authority/country/DNK;Denmark;;
http://data.europa.eu/949/sectionOfLine/07aaeb88d2;http://data.europa.eu/949/operationalPoint/1b69d4ccd9;Valby;832006;1.76;http://data.europa.eu/949/operationalPoint/336a7065d0;Vanløse;http://publications.europa.eu/resource/authority/country/DNK;Denmark;;
http://data.europa.eu/949/sectionOfLine/a8f05302f6;http://data.europa.eu/949/operationalPoint/87b4c1a105;Rungsted Kyst;104028;5.4;http://data.europa.eu/949/operationalPoint/eb9688e572;Nivå;http://publications.europa.eu/resource/authority/country/DNK;Denmark;;
http://data.europa.eu/949/sectionOfLine/fa57be5067;http://data.europa.eu/949/operationalPoint/4bf49f968f;Kværkeby;14058;3.713;http://data.europa.eu/949/operationalPoint/ac04aa595f;Ringsted;http://publications.europa.eu/resource/authority/country/DNK;Denmark;;
http://data.europa.eu/949/sectionOfLine/674e85b39a;http://data.europa.eu/949/operationalPoint/130e3cfe52;Ølgod;312100;16.4;http://data.europa.eu/949/operationalPoint/3c041c8a69;Skjern;http://publications.europa.eu/resource/authority/country/DNK;Denmark;;
http://data.europa.eu/949/sectionOfLine/1a93771191;http://data.europa.eu/949/operationalPoint/86c3496cf7;Glostrup;816012;4.904;http://data.europa.eu/949/operationalPoint/d91f2d5a39;Taastrup;http://publications.europa.eu/resource/authority/country/DNK;Denmark;;
http://data.europa.eu/949/sectionOfLine/c83841f401;http://data.europa.eu/949/operationalPoint/b25fd50e52;Ringe;212024;5.637;http://data.europa.eu/949/operationalPoint/02826f593b;Kværndrup;http://publications.europa.eu/resource/authority/country/DNK;Denmark;;
http://data.europa.eu/949/sectionOfLine/886a3a332d;http://data.europa.eu/949/operationalPoint/ff952848be;Hovedgård;234074;12.301;http://data.europa.eu/949/operationalPoint/0df6226c14;Skanderborg;http://publications.europa.eu/resource/authority/country/DNK;Denmark;;
http://data.europa.eu/949/sectionOfLine/97f75270b1;http://data.europa.eu/949/operationalPoint/42fc4f4542;Langå;244156;12.4;http://data.europa.eu/949/operationalPoint/8bad7b52a0;Randers;http://publications.europa.eu/resource/authority/country/DNK;Denmark;;
http://data.europa.eu/949/sectionOfLine/897b44e54b;http://data.europa.eu/949/operationalPoint/0bdac40618;Åmarken;852008;6.387;http://data.europa.eu/949/operationalPoint/2b699201ee;Vallensbæk;http://publications.europa.eu/resource/authority/country/DNK;Denmark;;
http://data.europa.eu/949/sectionOfLine/49cb6b8110;http://data.europa.eu/949/operationalPoint/d07d6bb651;Engesvang;352048;5.2;http://data.europa.eu/949/operationalPoint/7e8809bf8e;Bording;http://publications.europa.eu/resource/authority/country/DNK;Denmark;;
http://data.europa.eu/949/sectionOfLine/18c263abca;http://data.europa.eu/949/operationalPoint/fa45667604;Hjulby;222006;3.76;http://data.europa.eu/949/operationalPoint/f7c97f7994;Ullerslev;http://publications.europa.eu/resource/authority/country/DNK;Denmark;;
http://data.europa.eu/949/sectionOfLine/8e2f294ddd;http://data.europa.eu/949/operationalPoint/30e9c0c54a;Lersøen;76012;0.616;http://data.europa.eu/949/operationalPoint/ad435a91e7;Svanemøllen;http://publications.europa.eu/resource/authority/country/DNK;Denmark;;
http://data.europa.eu/949/sectionOfLine/a3cb03fc6c;http://data.europa.eu/949/operationalPoint/ab73da6ade;Ølstykke;836036;5.921;http://data.europa.eu/949/operationalPoint/b4f64881dd;Frederikssund;http://publications.europa.eu/resource/authority/country/DNK;Denmark;;
http://data.europa.eu/949/sectionOfLine/2cea71d5cc;http://data.europa.eu/949/operationalPoint/081d61e7cd;Børkop;232014;11.289;http://data.europa.eu/949/operationalPoint/1a08fc276d;Vejle;http://publications.europa.eu/resource/authority/country/DNK;Denmark;;
http://data.europa.eu/949/sectionOfLine/4b7024c028;http://data.europa.eu/949/operationalPoint/b3052227d3;Nykøbing Falster;32024;4.851;http://data.europa.eu/949/operationalPoint/59a6a86d61;Væggerløse;http://publications.europa.eu/resource/authority/country/DNK;Denmark;;
http://data.europa.eu/949/sectionOfLine/36b008f6c4;http://data.europa.eu/949/operationalPoint/ecf3666487;Bredebro;302050;13.683;http://data.europa.eu/949/operationalPoint/ae4ab34331;Tønder;http://publications.europa.eu/resource/authority/country/DNK;Denmark;;
http://data.europa.eu/949/sectionOfLine/76a8d023f8;http://data.europa.eu/949/operationalPoint/dee643cfa8;Helsinge;608016;5.84;http://data.europa.eu/949/operationalPoint/59654a87c8;Vejby;http://publications.europa.eu/resource/authority/country/DNK;Denmark;;
http://data.europa.eu/949/sectionOfLine/83ffde014d;http://data.europa.eu/949/operationalPoint/d4ebf5540d;Aarhus H;242112;2.91;http://data.europa.eu/949/operationalPoint/81122f6147;Brabrand;http://publications.europa.eu/resource/authority/country/DNK;Denmark;;
http://data.europa.eu/949/sectionOfLine/7e25bb6ed8;http://data.europa.eu/949/operationalPoint/8e41ce4e50;Tinglev;268098;5.7;http://data.europa.eu/949/operationalPoint/021f66d325;Vejbæk;http://publications.europa.eu/resource/authority/country/DNK;Denmark;;
http://data.europa.eu/949/sectionOfLine/27b6c84d10;http://data.europa.eu/949/operationalPoint/bfbcef4743;Holmstrup;224040;4.915;http://data.europa.eu/949/operationalPoint/da81da5197;Tommerup;http://publications.europa.eu/resource/authority/country/DNK;Denmark;;
http://data.europa.eu/949/sectionOfLine/116a79cef9;http://data.europa.eu/949/operationalPoint/59654a87c8;Vejby;608022;2.95;http://data.europa.eu/949/operationalPoint/76d309dae8;Tisvildeleje;http://publications.europa.eu/resource/authority/country/DNK;Denmark;;
http://data.europa.eu/949/sectionOfLine/3c18a0bf17;http://data.europa.eu/949/operationalPoint/8cb36e0d2a;Silkeborg;352032;5.2;http://data.europa.eu/949/operationalPoint/abb1bed9cb;Funder;http://publications.europa.eu/resource/authority/country/DNK;Denmark;;
http://data.europa.eu/949/sectionOfLine/4fdef6c2b0;http://data.europa.eu/949/operationalPoint/e21bc3b315;Vigerslev;72006;0.349;http://data.europa.eu/949/operationalPoint/70af42973e;Hvidovre Fjern;http://publications.europa.eu/resource/authority/country/DNK;Denmark;;
http://data.europa.eu/949/sectionOfLine/649286418a;http://data.europa.eu/949/operationalPoint/8da4a0ede5;Fjenneslev;16074;4.763;http://data.europa.eu/949/operationalPoint/0e077c3648;Sorø;http://publications.europa.eu/resource/authority/country/DNK;Denmark;;
http://data.europa.eu/949/sectionOfLine/241d5ac58e;http://data.europa.eu/949/operationalPoint/e3ab59bdcc;København H;812002;0.186;http://data.europa.eu/949/operationalPoint/3fa6afcc14;Skelbæk;http://publications.europa.eu/resource/authority/country/DNK;Denmark;;
http://data.europa.eu/949/sectionOfLine/092b272d86;http://data.europa.eu/949/operationalPoint/ab3bfba577;Avedøre Havnevej;20010;11.2;http://data.europa.eu/949/operationalPoint/f1db65c287;Kildebrønde;http://publications.europa.eu/resource/authority/country/DNK;Denmark;;
http://data.europa.eu/949/sectionOfLine/865959960e;http://data.europa.eu/949/operationalPoint/9bf2cfc9a6;Ballerup;836020;6.395;http://data.europa.eu/949/operationalPoint/8d2cfeabce;Veksø;http://publications.europa.eu/resource/authority/country/DNK;Denmark;;
http://data.europa.eu/949/sectionOfLine/cf27d7eb14;http://data.europa.eu/949/operationalPoint/b3052227d3;Nykøbing Falster;28002;0.8;http://data.europa.eu/949/operationalPoint/faf85f82f0;Nykøbing Falster Vest;http://publications.europa.eu/resource/authority/country/DNK;Denmark;;
http://data.europa.eu/949/sectionOfLine/71009e8326;http://data.europa.eu/949/operationalPoint/4847bacbdb;Dronningmølle;605020;1.33;http://data.europa.eu/949/operationalPoint/c1a928303a;Firhøj;http://publications.europa.eu/resource/authority/country/DNK;Denmark;;
http://data.europa.eu/949/sectionOfLine/689a91f8ef;http://data.europa.eu/949/operationalPoint/d081830b4f;Hammerum;352068;4.2;http://data.europa.eu/949/operationalPoint/a56670bdd4;Herning;http://publications.europa.eu/resource/authority/country/DNK;Denmark;;
http://data.europa.eu/949/sectionOfLine/58b94c4860;http://data.europa.eu/949/operationalPoint/e3ab59bdcc;København H;812001;2.62;http://data.europa.eu/949/operationalPoint/1b69d4ccd9;Valby;http://publications.europa.eu/resource/authority/country/DNK;Denmark;;
http://data.europa.eu/949/sectionOfLine/2e0b8b0f00;http://data.europa.eu/949/operationalPoint/d2b5f3d0cc;Østerbjerg;604036;4.371;http://data.europa.eu/949/operationalPoint/9387769d03;Hundested;http://publications.europa.eu/resource/authority/country/DNK;Denmark;;
http://data.europa.eu/949/sectionOfLine/452082cca2;http://data.europa.eu/949/operationalPoint/2c2836c6ba;Tureby;42068;7.8;http://data.europa.eu/949/operationalPoint/9b1b70002d;Haslev;http://publications.europa.eu/resource/authority/country/DNK;Denmark;;
http://data.europa.eu/949/sectionOfLine/56daa9cbe9;http://data.europa.eu/949/operationalPoint/ad435a91e7;Svanemøllen;76014;0.825;http://data.europa.eu/949/operationalPoint/fc6d08d5fe;Østerport;http://publications.europa.eu/resource/authority/country/DNK;Denmark;;
http://data.europa.eu/949/sectionOfLine/02bc014905;http://data.europa.eu/949/operationalPoint/f5713e9a7c;Brønderslev;252278;8.2;http://data.europa.eu/949/operationalPoint/1b9f3b56f1;Vrå;http://publications.europa.eu/resource/authority/country/DNK;Denmark;;
http://data.europa.eu/949/sectionOfLine/56db0c116c;http://data.europa.eu/949/operationalPoint/2f98b03683;Rindsholm;322036;4.8;http://data.europa.eu/949/operationalPoint/c74f805af3;Viborg;http://publications.europa.eu/resource/authority/country/DNK;Denmark;;
http://data.europa.eu/949/sectionOfLine/65f0a2d6fa;http://data.europa.eu/949/operationalPoint/683889fb3e;Havrebjerg;615008;5.639;http://data.europa.eu/949/operationalPoint/abeae7c75b;Høng;http://publications.europa.eu/resource/authority/country/DNK;Denmark;;
http://data.europa.eu/949/sectionOfLine/358bef12de;http://data.europa.eu/949/operationalPoint/afdae0afff;Kagerup;608010;5.118;http://data.europa.eu/949/operationalPoint/dee643cfa8;Helsinge;http://publications.europa.eu/resource/authority/country/DNK;Denmark;;
http://data.europa.eu/949/sectionOfLine/d3bb8a898d;http://data.europa.eu/949/operationalPoint/8cf11a27a7;Strandby;669008;5.986;http://data.europa.eu/949/operationalPoint/c23fbc7601;Jerup;http://publications.europa.eu/resource/authority/country/DNK;Denmark;;
http://data.europa.eu/949/sectionOfLine/004a3903e8;http://data.europa.eu/949/operationalPoint/8bad7b52a0;Randers;244170;12.8;http://data.europa.eu/949/operationalPoint/bce2008b7e;Fårup;http://publications.europa.eu/resource/authority/country/DNK;Denmark;;
http://data.europa.eu/949/sectionOfLine/9f24a2a8d0;http://data.europa.eu/949/operationalPoint/b80036fe43;Fredensborg;92048;10.681;http://data.europa.eu/949/operationalPoint/0aecab029b;Snekkersten;http://publications.europa.eu/resource/authority/country/DNK;Denmark;;
http://data.europa.eu/949/sectionOfLine/0820e6d109;http://data.europa.eu/949/operationalPoint/bbff051db4;Roskilde;52034;6.679;http://data.europa.eu/949/operationalPoint/e1498cd90f;Lejre;http://publications.europa.eu/resource/authority/country/DNK;Denmark;;
http://data.europa.eu/949/sectionOfLine/dcda45ce7b;http://data.europa.eu/949/operationalPoint/0f68c2ba9d;Henne;662026;1.83;http://data.europa.eu/949/operationalPoint/4466808a6d;Outrup;http://publications.europa.eu/resource/authority/country/DNK;Denmark;;
http://data.europa.eu/949/sectionOfLine/c26226e4a1;http://data.europa.eu/949/operationalPoint/f2ab51909b;Rønbjerg;322080;10.2;http://data.europa.eu/949/operationalPoint/2d8d264f12;Vinderup;http://publications.europa.eu/resource/authority/country/DNK;Denmark;;
http://data.europa.eu/949/sectionOfLine/9342a38cf3;http://data.europa.eu/949/operationalPoint/db703776d6;Hareskov;842022;5.442;http://data.europa.eu/949/operationalPoint/583a06e4eb;Farum;http://publications.europa.eu/resource/authority/country/DNK;Denmark;;
http://data.europa.eu/949/sectionOfLine/ff65712634;http://data.europa.eu/949/operationalPoint/e3ab59bdcc;København H;852001;1.147;http://data.europa.eu/949/operationalPoint/9c62156248;Bavnehøj;http://publications.europa.eu/resource/authority/country/DNK;Denmark;;
http://data.europa.eu/949/sectionOfLine/7f73c841ff;http://data.europa.eu/949/operationalPoint/7556ab3ebc;Lem;314128;11.0;http://data.europa.eu/949/operationalPoint/098deb04f3;Ringkøbing;http://publications.europa.eu/resource/authority/country/DNK;Denmark;;
http://data.europa.eu/949/sectionOfLine/63a99ddff5;http://data.europa.eu/949/operationalPoint/e5aceb7fe3;Ulfborg;314162;7.2;http://data.europa.eu/949/operationalPoint/79121a6ee1;Vemb;http://publications.europa.eu/resource/authority/country/DNK;Denmark;;
http://data.europa.eu/949/sectionOfLine/6715b779d8;http://data.europa.eu/949/operationalPoint/f9336b4ec3;Korsør;16114;9.519;http://data.europa.eu/949/operationalPoint/9669ea2f4a;Sprogø;http://publications.europa.eu/resource/authority/country/DNK;Denmark;;
http://data.europa.eu/949/sectionOfLine/b74f0bc803;http://data.europa.eu/949/operationalPoint/ba6d1eeef2;Thyregod;334076;6.8;http://data.europa.eu/949/operationalPoint/17960660ed;Give;http://publications.europa.eu/resource/authority/country/DNK;Denmark;;
http://data.europa.eu/949/sectionOfLine/1bc50d4c99;http://data.europa.eu/949/operationalPoint/f5fe4abf4b;Bjerringbro;322018;10.0;http://data.europa.eu/949/operationalPoint/c29cd11c74;Rødkærsbro;http://publications.europa.eu/resource/authority/country/DNK;Denmark;;
http://data.europa.eu/949/sectionOfLine/e2cf0712d7;http://data.europa.eu/949/operationalPoint/6945ba3a9c;Lellinge;21042;4.6;http://data.europa.eu/949/operationalPoint/8501e042e2;Bjæverskov;http://publications.europa.eu/resource/authority/country/DNK;Denmark;;
http://data.europa.eu/949/sectionOfLine/502d27239e;http://data.europa.eu/949/operationalPoint/f1db65c287;Kildebrønde;20024;9.0;http://data.europa.eu/949/operationalPoint/cd30c62818;Jersie Fjern;http://publications.europa.eu/resource/authority/country/DNK;Denmark;;
http://data.europa.eu/949/sectionOfLine/2413e5c73a;http://data.europa.eu/949/operationalPoint/2f66596dd9;Store Merløse;616030;3.96;http://data.europa.eu/949/operationalPoint/0f91e8d486;Kirke Eskilstrup;http://publications.europa.eu/resource/authority/country/DNK;Denmark;;
http://data.europa.eu/949/sectionOfLine/904b89dfef;http://data.europa.eu/949/operationalPoint/d1b37c67d9;Hjørring;254298;12.0;http://data.europa.eu/949/operationalPoint/7b8adb50d3;Sindal;http://publications.europa.eu/resource/authority/country/DNK;Denmark;;
http://data.europa.eu/949/sectionOfLine/ac17d3c385;http://data.europa.eu/949/operationalPoint/28f15abc20;Stenlille;616022;6.77;http://data.europa.eu/949/operationalPoint/2f66596dd9;Store Merløse;http://publications.europa.eu/resource/authority/country/DNK;Denmark;;
http://data.europa.eu/949/sectionOfLine/4baff42bfb;http://data.europa.eu/949/operationalPoint/3eb0ea8963;Skørping;246224;23.0;http://data.europa.eu/949/operationalPoint/878e4d0987;Aalborg;http://publications.europa.eu/resource/authority/country/DNK;Denmark;;
http://data.europa.eu/949/sectionOfLine/8838c2a401;http://data.europa.eu/949/operationalPoint/d857d1bdbc;Hundige;854020;4.324;http://data.europa.eu/949/operationalPoint/8bc33e54bf;Karlslunde;http://publications.europa.eu/resource/authority/country/DNK;Denmark;;
http://data.europa.eu/949/sectionOfLine/d2c448fc92;http://data.europa.eu/949/operationalPoint/2051aac352;Gislinge;609012;4.4;http://data.europa.eu/949/operationalPoint/0ed028acd1;Svinninge;http://publications.europa.eu/resource/authority/country/DNK;Denmark;;
http://data.europa.eu/949/sectionOfLine/8806cb800a;http://data.europa.eu/949/operationalPoint/b41507f474;Hellerup;104010;3.826;http://data.europa.eu/949/operationalPoint/f8ad2dd632;Klampenborg;http://publications.europa.eu/resource/authority/country/DNK;Denmark;;
http://data.europa.eu/949/sectionOfLine/3204e7a54d;http://data.europa.eu/949/operationalPoint/d6e4d7fdd4;Taulov;262010;8.888;http://data.europa.eu/949/operationalPoint/078be2d3dc;Kolding;http://publications.europa.eu/resource/authority/country/DNK;Denmark;;
http://data.europa.eu/949/sectionOfLine/5fb5b545bb;http://data.europa.eu/949/operationalPoint/deaf1994f1;Ry;352014;4.6;http://data.europa.eu/949/operationalPoint/8f5555a753;Laven;http://publications.europa.eu/resource/authority/country/DNK;Denmark;;
http://data.europa.eu/949/sectionOfLine/c6394876fd;http://data.europa.eu/949/operationalPoint/7f3d1bd6b2;Flintholm;882008;3.057;http://data.europa.eu/949/operationalPoint/30e9c0c54a;Lersøen;http://publications.europa.eu/resource/authority/country/DNK;Denmark;;
http://data.europa.eu/949/sectionOfLine/615dc101e4;http://data.europa.eu/949/operationalPoint/6f5b375732;Fårevejle;609026;2.53;http://data.europa.eu/949/operationalPoint/19f426e6cb;Asnæs;http://publications.europa.eu/resource/authority/country/DNK;Denmark;;
http://data.europa.eu/949/sectionOfLine/3e450f6a07;http://data.europa.eu/949/operationalPoint/1724030e13;Tvis;332010;7.6;http://data.europa.eu/949/operationalPoint/00d6ce7816;Aulum;http://publications.europa.eu/resource/authority/country/DNK;Denmark;;
http://data.europa.eu/949/sectionOfLine/375c46d126;http://data.europa.eu/949/operationalPoint/b8e9703906;Egøje;618004;1.94;http://data.europa.eu/949/operationalPoint/8df4fe2c1e;Vallø;http://publications.europa.eu/resource/authority/country/DNK;Denmark;;
http://data.europa.eu/949/sectionOfLine/036b389408;http://data.europa.eu/949/operationalPoint/79121a6ee1;Vemb;314170;17.0;http://data.europa.eu/949/operationalPoint/e7a0353dd6;Holstebro;http://publications.europa.eu/resource/authority/country/DNK;Denmark;;
http://data.europa.eu/949/sectionOfLine/c5b1de7a97;http://data.europa.eu/949/operationalPoint/5f8863b95d;Kavslunde;224074;4.234;http://data.europa.eu/949/operationalPoint/c63729b694;Middelfart;http://publications.europa.eu/resource/authority/country/DNK;Denmark;;
http://data.europa.eu/949/sectionOfLine/55846441af;http://data.europa.eu/949/operationalPoint/407ae16667;Hornbæk;605016;4.06;http://data.europa.eu/949/operationalPoint/4847bacbdb;Dronningmølle;http://publications.europa.eu/resource/authority/country/DNK;Denmark;;
http://data.europa.eu/949/sectionOfLine/fbd5227afd;http://data.europa.eu/949/operationalPoint/42fc4f4542;Langå;322002;5.8;http://data.europa.eu/949/operationalPoint/3dd3723dfe;Ulstrup;http://publications.europa.eu/resource/authority/country/DNK;Denmark;;
http://data.europa.eu/949/sectionOfLine/a639b8205b;http://data.europa.eu/949/operationalPoint/9f0aeed7f8;Dianalund;616016;5.37;http://data.europa.eu/949/operationalPoint/28f15abc20;Stenlille;http://publications.europa.eu/resource/authority/country/DNK;Denmark;;
http://data.europa.eu/949/sectionOfLine/da72de6fbb;http://data.europa.eu/949/operationalPoint/2930b92e72;Aarup;224056;8.178;http://data.europa.eu/949/operationalPoint/3abba892d0;Ejby;http://publications.europa.eu/resource/authority/country/DNK;Denmark;;
http://data.europa.eu/949/sectionOfLine/a4ab985073;http://data.europa.eu/949/operationalPoint/0f91e8d486;Kirke Eskilstrup;616036;3.499;http://data.europa.eu/949/operationalPoint/4a45f5a2d6;Tølløse;http://publications.europa.eu/resource/authority/country/DNK;Denmark;;
http://data.europa.eu/949/sectionOfLine/64d1337d2a;http://data.europa.eu/949/operationalPoint/8f5555a753;Laven;352020;4.8;http://data.europa.eu/949/operationalPoint/1ec6737ae9;Svejbæk;http://publications.europa.eu/resource/authority/country/DNK;Denmark;;
http://data.europa.eu/949/sectionOfLine/5060e8d49c;http://data.europa.eu/949/operationalPoint/cf46eb9337;Dyssegård;842012;2.019;http://data.europa.eu/949/operationalPoint/084ba45745;Buddinge;http://publications.europa.eu/resource/authority/country/DNK;Denmark;;
http://data.europa.eu/949/sectionOfLine/7e37beac13;http://data.europa.eu/949/operationalPoint/5d102c0191;Holte;826020;3.259;http://data.europa.eu/949/operationalPoint/0caf1e3bed;Birkerød;http://publications.europa.eu/resource/authority/country/DNK;Denmark;;
http://data.europa.eu/949/sectionOfLine/4136eb27d9;http://data.europa.eu/949/operationalPoint/6517b745ea;Stoholm;322058;6.6;http://data.europa.eu/949/operationalPoint/b78de4ff03;Højslev;http://publications.europa.eu/resource/authority/country/DNK;Denmark;;
http://data.europa.eu/949/sectionOfLine/6be1575a72;http://data.europa.eu/949/operationalPoint/0ab560985c;København H;11000811000;0.039;http://data.europa.eu/949/operationalPoint/e3ab59bdcc;København H;http://publications.europa.eu/resource/authority/country/DNK;Denmark;;
http://data.europa.eu/949/sectionOfLine/08607edb1c;http://data.europa.eu/949/operationalPoint/01e2af0185;Lille Skensved;42048;4.2;http://data.europa.eu/949/operationalPoint/284602f098;Køge;http://publications.europa.eu/resource/authority/country/DNK;Denmark;;
http://data.europa.eu/949/sectionOfLine/829dfd0cab;http://data.europa.eu/949/operationalPoint/2cc41caea2;Orehoved;26004;6.8;http://data.europa.eu/949/operationalPoint/f6de7dcb12;Eskilstrup;http://publications.europa.eu/resource/authority/country/DNK;Denmark;;
http://data.europa.eu/949/sectionOfLine/81902ae4bd;http://data.europa.eu/949/operationalPoint/c29cd11c74;Rødkærsbro;322028;6.2;http://data.europa.eu/949/operationalPoint/2f98b03683;Rindsholm;http://publications.europa.eu/resource/authority/country/DNK;Denmark;;
http://data.europa.eu/949/sectionOfLine/ac858c45b6;http://data.europa.eu/949/operationalPoint/42308d9419;Melby;604030;1.081;http://data.europa.eu/949/operationalPoint/b17d7ec851;Dyssekilde;http://publications.europa.eu/resource/authority/country/DNK;Denmark;;
http://data.europa.eu/949/sectionOfLine/c01b12f255;http://data.europa.eu/949/operationalPoint/5662d585ef;Marslev;222022;7.877;http://data.europa.eu/949/operationalPoint/9277246a4b;Odense;http://publications.europa.eu/resource/authority/country/DNK;Denmark;;
https://data.banenor.no/data/_line_section_003ce797-4bc8-4231-b82b-d27059542ae2;https://data.banenor.no/data/_station_12686e30-3792-4dc4-9ed2-53003c1dd672;Mære;B05-Nordlandsbanen;7.73;https://data.banenor.no/data/_station_cb100203-d4dc-4d35-bd3b-76b111f982a4;Røra;http://publications.europa.eu/resource/authority/country/NOR;Norway;;
https://data.banenor.no/data/_line_section_003ce797-4bc8-4231-b82b-d27059542ae2;https://data.banenor.no/data/_station_12686e30-3792-4dc4-9ed2-53003c1dd672;Mære;B05-Nordlandsbanen;7.73;https://data.banenor.no/data/_station_cb100203-d4dc-4d35-bd3b-76b111f982a4;Røra;http://publications.europa.eu/resource/authority/country/NOR;Norway;;
https://data.banenor.no/data/_line_section_007d8bb9-0a0a-4cfa-99fb-c1a5f74f1f88;https://data.banenor.no/data/_station_28789c12-3c44-4779-b5fc-1fb69edbeb96;Mysen;B10-Østfoldbanen Østre;8.48;https://data.banenor.no/data/_station_831f76c1-6255-4646-848d-cd220254bfcc;Askim;http://publications.europa.eu/resource/authority/country/NOR;Norway;;
https://data.banenor.no/data/_line_section_007d8bb9-0a0a-4cfa-99fb-c1a5f74f1f88;https://data.banenor.no/data/_station_28789c12-3c44-4779-b5fc-1fb69edbeb96;Mysen;B10-Østfoldbanen Østre;8.48;https://data.banenor.no/data/_station_831f76c1-6255-4646-848d-cd220254bfcc;Askim;http://publications.europa.eu/resource/authority/country/NOR;Norway;;
https://data.banenor.no/data/_line_section_00c75e00-ce3a-400e-917d-8e3dfaf797cd;https://data.banenor.no/data/_station_010e495f-6ac8-44da-9c84-4502bf1b8d60;Bolna;B05-Nordlandsbanen;27.014;https://data.banenor.no/data/_station_5b3c4bf3-7514-4a3f-9a4a-d74671f67f81;Dunderland;http://publications.europa.eu/resource/authority/country/NOR;Norway;;
https://data.banenor.no/data/_line_section_00c75e00-ce3a-400e-917d-8e3dfaf797cd;https://data.banenor.no/data/_station_010e495f-6ac8-44da-9c84-4502bf1b8d60;Bolna;B05-Nordlandsbanen;27.014;https://data.banenor.no/data/_station_5b3c4bf3-7514-4a3f-9a4a-d74671f67f81;Dunderland;http://publications.europa.eu/resource/authority/country/NOR;Norway;;
https://data.banenor.no/data/_line_section_015538eb-540b-49dd-8ee1-3303e3db7c0d;https://data.banenor.no/data/_station_17e8d023-90b4-4de2-9b83-e80cc4e630df;Os;B04-Rørosbanen;14.792;https://data.banenor.no/data/_station_bf19337b-a829-4402-a580-97755bff1644;Tolga;http://publications.europa.eu/resource/authority/country/NOR;Norway;;
https://data.banenor.no/data/_line_section_015538eb-540b-49dd-8ee1-3303e3db7c0d;https://data.banenor.no/data/_station_17e8d023-90b4-4de2-9b83-e80cc4e630df;Os;B04-Rørosbanen;14.792;https://data.banenor.no/data/_station_bf19337b-a829-4402-a580-97755bff1644;Tolga;http://publications.europa.eu/resource/authority/country/NOR;Norway;;
https://data.banenor.no/data/_line_section_01c163cf-539b-4a9b-8816-8d9d3095ad15;https://data.banenor.no/data/_station_b319a52b-9f0e-4977-b099-969886a89de2;Monsrud;B06-Gjøvikbanen;1.695;https://data.banenor.no/data/_station_d8e30cda-c06f-4459-8762-5f3f8a7e471f;Stryken;http://publications.europa.eu/resource/authority/country/NOR;Norway;;
https://data.banenor.no/data/_line_section_01c163cf-539b-4a9b-8816-8d9d3095ad15;https://data.banenor.no/data/_station_b319a52b-9f0e-4977-b099-969886a89de2;Monsrud;B06-Gjøvikbanen;1.695;https://data.banenor.no/data/_station_d8e30cda-c06f-4459-8762-5f3f8a7e471f;Stryken;http://publications.europa.eu/resource/authority/country/NOR;Norway;;
https://data.banenor.no/data/_line_section_02366f29-8049-4dae-8f67-f57c32c2fc50;https://data.banenor.no/data/_station_8d4c3f5c-2f0f-4163-b361-636bad17a2bc;Veme;B07-Bergensbanen;9.431;https://data.banenor.no/data/_station_d4b94398-1b33-4a77-a398-40fd718e1a9e;Hønefoss;http://publications.europa.eu/resource/authority/country/NOR;Norway;;
https://data.banenor.no/data/_line_section_02366f29-8049-4dae-8f67-f57c32c2fc50;https://data.banenor.no/data/_station_8d4c3f5c-2f0f-4163-b361-636bad17a2bc;Veme;B07-Bergensbanen;9.431;https://data.banenor.no/data/_station_d4b94398-1b33-4a77-a398-40fd718e1a9e;Hønefoss;http://publications.europa.eu/resource/authority/country/NOR;Norway;;
https://data.banenor.no/data/_line_section_044d78a0-41a4-4ee7-8e22-38a41ab3b12d;https://data.banenor.no/data/_station_4d25cfd2-e51c-45a9-86aa-d6b0a76a320f;Åneby;B06-Gjøvikbanen;1.447;https://data.banenor.no/data/_station_6ed06794-4242-4964-84e8-55e6b5eb1b93;Nittedal;http://publications.europa.eu/resource/authority/country/NOR;Norway;;
https://data.banenor.no/data/_line_section_044d78a0-41a4-4ee7-8e22-38a41ab3b12d;https://data.banenor.no/data/_station_4d25cfd2-e51c-45a9-86aa-d6b0a76a320f;Åneby;B06-Gjøvikbanen;1.447;https://data.banenor.no/data/_station_6ed06794-4242-4964-84e8-55e6b5eb1b93;Nittedal;http://publications.europa.eu/resource/authority/country/NOR;Norway;;
https://data.banenor.no/data/_line_section_049ec1dc-0966-4ece-8329-1cd36d2d0060;https://data.banenor.no/data/_station_3b3c9756-4a08-4273-96d6-bd34b57a5910;Fredrikstad;B01-Østfoldbanen Vestre;2.0427;https://data.banenor.no/data/_station_a5bdb22a-a8f4-4262-88da-adede6b10897;Lisleby;http://publications.europa.eu/resource/authority/country/NOR;Norway;;
https://data.banenor.no/data/_line_section_049ec1dc-0966-4ece-8329-1cd36d2d0060;https://data.banenor.no/data/_station_3b3c9756-4a08-4273-96d6-bd34b57a5910;Fredrikstad;B01-Østfoldbanen Vestre;2.0427;https://data.banenor.no/data/_station_a5bdb22a-a8f4-4262-88da-adede6b10897;Lisleby;http://publications.europa.eu/resource/authority/country/NOR;Norway;;
https://data.banenor.no/data/_line_section_06fe431e-3205-428b-832e-87ca4bb20cfa;https://data.banenor.no/data/_station_28789c12-3c44-4779-b5fc-1fb69edbeb96;Mysen;B10-Østfoldbanen Østre;13.686;https://data.banenor.no/data/_station_7782e89f-40ed-4ac1-a458-8704f01a2ff9;Rakkestad;http://publications.europa.eu/resource/authority/country/NOR;Norway;;
https://data.banenor.no/data/_line_section_06fe431e-3205-428b-832e-87ca4bb20cfa;https://data.banenor.no/data/_station_28789c12-3c44-4779-b5fc-1fb69edbeb96;Mysen;B10-Østfoldbanen Østre;13.686;https://data.banenor.no/data/_station_7782e89f-40ed-4ac1-a458-8704f01a2ff9;Rakkestad;http://publications.europa.eu/resource/authority/country/NOR;Norway;;
https://data.banenor.no/data/_line_section_0715a50b-44c1-4b30-8180-b0a0dc189725;https://data.banenor.no/data/_station_4f22559f-9c00-4209-9d9a-c594e5201c3e;Hellerud;B23-Gardermobanen;6.298;https://data.banenor.no/data/_station_bad35795-43d8-46ef-aa69-754b8583e4c9;Lillestrøm;http://publications.europa.eu/resource/authority/country/NOR;Norway;;
https://data.banenor.no/data/_line_section_0715a50b-44c1-4b30-8180-b0a0dc189725;https://data.banenor.no/data/_station_4f22559f-9c00-4209-9d9a-c594e5201c3e;Hellerud;B23-Gardermobanen;6.298;https://data.banenor.no/data/_station_bad35795-43d8-46ef-aa69-754b8583e4c9;Lillestrøm;http://publications.europa.eu/resource/authority/country/NOR;Norway;;
https://data.banenor.no/data/_line_section_0856a218-76da-44cb-b941-a8f597188644;https://data.banenor.no/data/_station_20f156b7-3b90-4e02-8cc7-5135f322b90b;Lauve;B09-Vestfoldbanen;8.618;https://data.banenor.no/data/_station_7edbaa6b-dc86-443c-82f9-fecf42afa7bd;Sandefjord;http://publications.europa.eu/resource/authority/country/NOR;Norway;;
https://data.banenor.no/data/_line_section_0856a218-76da-44cb-b941-a8f597188644;https://data.banenor.no/data/_station_20f156b7-3b90-4e02-8cc7-5135f322b90b;Lauve;B09-Vestfoldbanen;8.618;https://data.banenor.no/data/_station_7edbaa6b-dc86-443c-82f9-fecf42afa7bd;Sandefjord;http://publications.europa.eu/resource/authority/country/NOR;Norway;;
https://data.banenor.no/data/_line_section_08a718a1-884b-4a6a-851f-f09e19608ec3;https://data.banenor.no/data/_station_64707611-7a2b-4254-be56-a2ad51f1ff24;Vinstra;B02-Dovrebanen;6.115;https://data.banenor.no/data/_station_6e51fb01-dfc1-41f8-baa1-fd2d1004fbbc;Fron;http://publications.europa.eu/resource/authority/country/NOR;Norway;;
https://data.banenor.no/data/_line_section_08a718a1-884b-4a6a-851f-f09e19608ec3;https://data.banenor.no/data/_station_64707611-7a2b-4254-be56-a2ad51f1ff24;Vinstra;B02-Dovrebanen;6.115;https://data.banenor.no/data/_station_6e51fb01-dfc1-41f8-baa1-fd2d1004fbbc;Fron;http://publications.europa.eu/resource/authority/country/NOR;Norway;;
https://data.banenor.no/data/_line_section_09385c39-3d9a-45c8-849a-d89bfbcb3c7d;https://data.banenor.no/data/_station_d584dac4-994e-468c-88d2-ade4c50ea34d;Ørvik;B25-Brevikbanen;18.761;https://data.banenor.no/data/_station_ec023282-af50-4458-8bef-8f58ef59dff0;Myrane;http://publications.europa.eu/resource/authority/country/NOR;Norway;;
https://data.banenor.no/data/_line_section_09385c39-3d9a-45c8-849a-d89bfbcb3c7d;https://data.banenor.no/data/_station_d584dac4-994e-468c-88d2-ade4c50ea34d;Ørvik;B25-Brevikbanen;18.761;https://data.banenor.no/data/_station_ec023282-af50-4458-8bef-8f58ef59dff0;Myrane;http://publications.europa.eu/resource/authority/country/NOR;Norway;;
https://data.banenor.no/data/_line_section_095ac307-f585-42fc-9796-2091806a8c01;https://data.banenor.no/data/_station_19f86c64-57d6-4606-b496-19df57427766;Bergsgrav;B05-Nordlandsbanen;8.23;https://data.banenor.no/data/_station_d4028c5d-898a-4354-96b7-c25d3c1d9de4;Levanger;http://publications.europa.eu/resource/authority/country/NOR;Norway;;
https://data.banenor.no/data/_line_section_095ac307-f585-42fc-9796-2091806a8c01;https://data.banenor.no/data/_station_19f86c64-57d6-4606-b496-19df57427766;Bergsgrav;B05-Nordlandsbanen;8.23;https://data.banenor.no/data/_station_d4028c5d-898a-4354-96b7-c25d3c1d9de4;Levanger;http://publications.europa.eu/resource/authority/country/NOR;Norway;;
https://data.banenor.no/data/_line_section_096349bb-550e-4cdb-9446-40776838bb80;https://data.banenor.no/data/_station_3ad284fa-496a-4792-8163-01580321aa7c;Galterud;B03-Kongsvingerbanen;3.1412;https://data.banenor.no/data/_station_b28f7cd3-5d75-4970-851d-4c8d31d80622;Sander;http://publications.europa.eu/resource/authority/country/NOR;Norway;;
https://data.banenor.no/data/_line_section_096349bb-550e-4cdb-9446-40776838bb80;https://data.banenor.no/data/_station_3ad284fa-496a-4792-8163-01580321aa7c;Galterud;B03-Kongsvingerbanen;3.1412;https://data.banenor.no/data/_station_b28f7cd3-5d75-4970-851d-4c8d31d80622;Sander;http://publications.europa.eu/resource/authority/country/NOR;Norway;;
https://data.banenor.no/data/_line_section_0c2a5572-8cf1-44ea-9526-930d42424eb2;https://data.banenor.no/data/_station_29d2183d-0dd1-4b68-82cf-7c5cc0e8e5d7;Åsen;B05-Nordlandsbanen;9.47;https://data.banenor.no/data/_station_3009fc1c-d340-454c-8869-62d8f8aea164;Langstein;http://publications.europa.eu/resource/authority/country/NOR;Norway;;
https://data.banenor.no/data/_line_section_0c2a5572-8cf1-44ea-9526-930d42424eb2;https://data.banenor.no/data/_station_29d2183d-0dd1-4b68-82cf-7c5cc0e8e5d7;Åsen;B05-Nordlandsbanen;9.47;https://data.banenor.no/data/_station_3009fc1c-d340-454c-8869-62d8f8aea164;Langstein;http://publications.europa.eu/resource/authority/country/NOR;Norway;;
https://data.banenor.no/data/_line_section_0c31bd69-c3fe-4f4b-ab1b-c6b159a4a877;https://data.banenor.no/data/_station_33966552-8b46-43d4-9e38-49e110baeb6c;Bryn;B19-Hovedbanen;0.7645;https://data.banenor.no/data/_station_c0576848-8f76-4489-aa6e-ae95b98c1a1c;Oslo S;http://publications.europa.eu/resource/authority/country/NOR;Norway;;
https://data.banenor.no/data/_line_section_0c31bd69-c3fe-4f4b-ab1b-c6b159a4a877;https://data.banenor.no/data/_station_33966552-8b46-43d4-9e38-49e110baeb6c;Bryn;B19-Hovedbanen;0.7645;https://data.banenor.no/data/_station_c0576848-8f76-4489-aa6e-ae95b98c1a1c;Oslo S;http://publications.europa.eu/resource/authority/country/NOR;Norway;;
https://data.banenor.no/data/_line_section_0c54c87e-67f5-4176-81fe-2931cf3f6409;https://data.banenor.no/data/_station_4c0799fa-3efd-46a8-a873-2cf4b2e1a517;Hamar;B02-Dovrebanen;5.245100000000001;https://data.banenor.no/data/_station_82fcb6c8-0992-415a-b13e-03624ddef065;Ottestad;http://publications.europa.eu/resource/authority/country/NOR;Norway;;
https://data.banenor.no/data/_line_section_0c54c87e-67f5-4176-81fe-2931cf3f6409;https://data.banenor.no/data/_station_4c0799fa-3efd-46a8-a873-2cf4b2e1a517;Hamar;B02-Dovrebanen;5.245100000000001;https://data.banenor.no/data/_station_82fcb6c8-0992-415a-b13e-03624ddef065;Ottestad;http://publications.europa.eu/resource/authority/country/NOR;Norway;;
https://data.banenor.no/data/_line_section_0c7bc8c0-d6c0-4318-a4e3-0e58edcd95e6;https://data.banenor.no/data/_station_70af3921-871f-43b5-9cef-1ed1a31171c0;Bjørgeseter;B06-Gjøvikbanen;3.132;https://data.banenor.no/data/_station_b319a52b-9f0e-4977-b099-969886a89de2;Monsrud;http://publications.europa.eu/resource/authority/country/NOR;Norway;;
https://data.banenor.no/data/_line_section_0c7bc8c0-d6c0-4318-a4e3-0e58edcd95e6;https://data.banenor.no/data/_station_70af3921-871f-43b5-9cef-1ed1a31171c0;Bjørgeseter;B06-Gjøvikbanen;3.132;https://data.banenor.no/data/_station_b319a52b-9f0e-4977-b099-969886a89de2;Monsrud;http://publications.europa.eu/resource/authority/country/NOR;Norway;;
https://data.banenor.no/data/_line_section_0dcb9460-c00c-431b-81b6-6d4491f8d1c1;https://data.banenor.no/data/_station_e62df4d6-ef32-42aa-9275-d714d271f200;Jevnaker;B11-Roa-Hønefossbanen;7.791;https://data.banenor.no/data/_station_e794c025-c3a8-4c64-a8aa-a1953b95a5cd;Hval;http://publications.europa.eu/resource/authority/country/NOR;Norway;;
https://data.banenor.no/data/_line_section_0dcb9460-c00c-431b-81b6-6d4491f8d1c1;https://data.banenor.no/data/_station_e62df4d6-ef32-42aa-9275-d714d271f200;Jevnaker;B11-Roa-Hønefossbanen;7.791;https://data.banenor.no/data/_station_e794c025-c3a8-4c64-a8aa-a1953b95a5cd;Hval;http://publications.europa.eu/resource/authority/country/NOR;Norway;;
https://data.banenor.no/data/_line_section_0e27bdfe-024e-411c-8fb8-21eaa705e44e;https://data.banenor.no/data/_station_6f9b5847-6504-4f31-9bcb-cd9196814b87;Nakksjø;B08-Sørlandsbanen;14.081;https://data.banenor.no/data/_station_bd7aab06-6800-4ed1-8222-698cfa3bfe05;Lunde;http://publications.europa.eu/resource/authority/country/NOR;Norway;;
https://data.banenor.no/data/_line_section_0e27bdfe-024e-411c-8fb8-21eaa705e44e;https://data.banenor.no/data/_station_6f9b5847-6504-4f31-9bcb-cd9196814b87;Nakksjø;B08-Sørlandsbanen;14.081;https://data.banenor.no/data/_station_bd7aab06-6800-4ed1-8222-698cfa3bfe05;Lunde;http://publications.europa.eu/resource/authority/country/NOR;Norway;;
https://data.banenor.no/data/_line_section_0eb1dcb1-c65b-4ec4-a74a-5fb87de5f6c3;https://data.banenor.no/data/_station_28a370cf-c99b-41ae-8f44-e94d99d3aa8c;Langeland;B23-Gardermobanen;3.35;https://data.banenor.no/data/_station_8415e716-31f6-4ae8-805f-a0d3ea5bb1ab;Kløfta;http://publications.europa.eu/resource/authority/country/NOR;Norway;;
https://data.banenor.no/data/_line_section_0eb1dcb1-c65b-4ec4-a74a-5fb87de5f6c3;https://data.banenor.no/data/_station_28a370cf-c99b-41ae-8f44-e94d99d3aa8c;Langeland;B23-Gardermobanen;3.35;https://data.banenor.no/data/_station_8415e716-31f6-4ae8-805f-a0d3ea5bb1ab;Kløfta;http://publications.europa.eu/resource/authority/country/NOR;Norway;;
https://data.banenor.no/data/_line_section_0eefa7bb-6df1-4d51-bdbe-797b31a1084c;https://data.banenor.no/data/_station_4cfa1741-3d98-41a4-900b-25a99a6dc695;Kolbotn;B01-Østfoldbanen Vestre;2.2114000000000003;https://data.banenor.no/data/_station_678d3dfc-3f85-46a9-ad56-9573829bc3d3;Holmlia;http://publications.europa.eu/resource/authority/country/NOR;Norway;;
https://data.banenor.no/data/_line_section_0eefa7bb-6df1-4d51-bdbe-797b31a1084c;https://data.banenor.no/data/_station_4cfa1741-3d98-41a4-900b-25a99a6dc695;Kolbotn;B01-Østfoldbanen Vestre;2.2114000000000003;https://data.banenor.no/data/_station_678d3dfc-3f85-46a9-ad56-9573829bc3d3;Holmlia;http://publications.europa.eu/resource/authority/country/NOR;Norway;;
https://data.banenor.no/data/_line_section_0f60a247-485e-49ec-876f-23a044f3b415;https://data.banenor.no/data/_station_81c5f59d-dcab-47ae-9b70-fd4fac24562a;Bøn;B19-Hovedbanen;3.175;https://data.banenor.no/data/_station_c404df2a-72ea-441b-bb84-069afd73b45b;Eidsvoll;http://publications.europa.eu/resource/authority/country/NOR;Norway;;
https://data.banenor.no/data/_line_section_0f60a247-485e-49ec-876f-23a044f3b415;https://data.banenor.no/data/_station_81c5f59d-dcab-47ae-9b70-fd4fac24562a;Bøn;B19-Hovedbanen;3.175;https://data.banenor.no/data/_station_c404df2a-72ea-441b-bb84-069afd73b45b;Eidsvoll;http://publications.europa.eu/resource/authority/country/NOR;Norway;;
https://data.banenor.no/data/_line_section_10990859-376a-4b17-99f7-9fa1a65a71cd;https://data.banenor.no/data/_station_862c65bc-5769-47dd-9c98-d48e27597eeb;Jessheim;B19-Hovedbanen;3.39;https://data.banenor.no/data/_station_93a6fdee-b4b6-4bff-9db8-ceaee7c60a64;Hauerseter;http://publications.europa.eu/resource/authority/country/NOR;Norway;;
https://data.banenor.no/data/_line_section_10990859-376a-4b17-99f7-9fa1a65a71cd;https://data.banenor.no/data/_station_862c65bc-5769-47dd-9c98-d48e27597eeb;Jessheim;B19-Hovedbanen;3.39;https://data.banenor.no/data/_station_93a6fdee-b4b6-4bff-9db8-ceaee7c60a64;Hauerseter;http://publications.europa.eu/resource/authority/country/NOR;Norway;;
https://data.banenor.no/data/_line_section_11657986-3a96-4c18-ae2a-2f595a1f4482;https://data.banenor.no/data/_station_dcc7c235-7287-46f2-a257-4b0dde66c863;Aspedammen;B01-Østfoldbanen Vestre;17.0115;https://data.banenor.no/data/_station_fabf1fa4-57d4-4b99-92d4-625f94b4a90a;Kornsjø;http://publications.europa.eu/resource/authority/country/NOR;Norway;;
https://data.banenor.no/data/_line_section_11657986-3a96-4c18-ae2a-2f595a1f4482;https://data.banenor.no/data/_station_dcc7c235-7287-46f2-a257-4b0dde66c863;Aspedammen;B01-Østfoldbanen Vestre;17.0115;https://data.banenor.no/data/_station_fabf1fa4-57d4-4b99-92d4-625f94b4a90a;Kornsjø;http://publications.europa.eu/resource/authority/country/NOR;Norway;;
https://data.banenor.no/data/_line_section_11a8785d-4b28-4cb4-94a5-25facc6e1f01;https://data.banenor.no/data/_station_4d99bda3-fcdd-471b-9e7c-0e742d8b0a3d;Hølen;B01-Østfoldbanen Vestre;5.641;https://data.banenor.no/data/_station_bc3b4cdfa-c2c8-48c7-9b19-413fbd7a172;Kambo;http://publications.europa.eu/resource/authority/country/NOR;Norway;;
https://data.banenor.no/data/_line_section_11a8785d-4b28-4cb4-94a5-25facc6e1f01;https://data.banenor.no/data/_station_4d99bda3-fcdd-471b-9e7c-0e742d8b0a3d;Hølen;B01-Østfoldbanen Vestre;5.641;https://data.banenor.no/data/_station_bc3b4cdfa-c2c8-48c7-9b19-413fbd7a172;Kambo;http://publications.europa.eu/resource/authority/country/NOR;Norway;;
https://data.banenor.no/data/_line_section_120b633d-78d4-49ea-a514-37869fd484f6;https://data.banenor.no/data/_station_6e51fb01-dfc1-41f8-baa1-fd2d1004fbbc;Fron;B02-Dovrebanen;5.349;https://data.banenor.no/data/_station_bbba1e85-248a-4934-bee1-33faea9e91d8;Hundorp;http://publications.europa.eu/resource/authority/country/NOR;Norway;;
https://data.banenor.no/data/_line_section_120b633d-78d4-49ea-a514-37869fd484f6;https://data.banenor.no/data/_station_6e51fb01-dfc1-41f8-baa1-fd2d1004fbbc;Fron;B02-Dovrebanen;5.349;https://data.banenor.no/data/_station_bbba1e85-248a-4934-bee1-33faea9e91d8;Hundorp;http://publications.europa.eu/resource/authority/country/NOR;Norway;;
https://data.banenor.no/data/_line_section_12a05b0b-82de-450e-ba51-ad59002f2fa7;https://data.banenor.no/data/_station_57791fd1-9c91-4a6d-80a1-70ba9b23dac7;Gudå;B16-Meråkerbanen;38.581;https://data.banenor.no/data/_station_745d26dd-ce96-4186-88dc-aa46b06bf988;Hell;http://publications.europa.eu/resource/authority/country/NOR;Norway;;
https://data.banenor.no/data/_line_section_12a05b0b-82de-450e-ba51-ad59002f2fa7;https://data.banenor.no/data/_station_57791fd1-9c91-4a6d-80a1-70ba9b23dac7;Gudå;B16-Meråkerbanen;38.581;https://data.banenor.no/data/_station_745d26dd-ce96-4186-88dc-aa46b06bf988;Hell;http://publications.europa.eu/resource/authority/country/NOR;Norway;;
https://data.banenor.no/data/_line_section_12fef02b-453f-4cb0-8781-3722b96980d7;https://data.banenor.no/data/_station_01f6909b-9d20-4c3e-a176-2ad20b5dd0b3;Trolldalen;B07-Bergensbanen;9.181;https://data.banenor.no/data/_station_f87ff092-0171-413e-977f-021e68f108d6;Gulsvik;http://publications.europa.eu/resource/authority/country/NOR;Norway;;
https://data.banenor.no/data/_line_section_12fef02b-453f-4cb0-8781-3722b96980d7;https://data.banenor.no/data/_station_01f6909b-9d20-4c3e-a176-2ad20b5dd0b3;Trolldalen;B07-Bergensbanen;9.181;https://data.banenor.no/data/_station_f87ff092-0171-413e-977f-021e68f108d6;Gulsvik;http://publications.europa.eu/resource/authority/country/NOR;Norway;;
https://data.banenor.no/data/_line_section_13f50de5-556c-41c3-89a0-0341bf93ca49;https://data.banenor.no/data/_station_1ba3ed9c-45f2-474c-8155-3852fadb8d6d;Sandbukta;B01-Østfoldbanen Vestre;1.66;https://data.banenor.no/data/_station_bc3b4cdfa-c2c8-48c7-9b19-413fbd7a172;Kambo;http://publications.europa.eu/resource/authority/country/NOR;Norway;;
https://data.banenor.no/data/_line_section_13f50de5-556c-41c3-89a0-0341bf93ca49;https://data.banenor.no/data/_station_1ba3ed9c-45f2-474c-8155-3852fadb8d6d;Sandbukta;B01-Østfoldbanen Vestre;1.66;https://data.banenor.no/data/_station_bc3b4cdfa-c2c8-48c7-9b19-413fbd7a172;Kambo;http://publications.europa.eu/resource/authority/country/NOR;Norway;;
https://data.banenor.no/data/_line_section_14457b81-7004-4fe0-9782-b3c61dab77cd;https://data.banenor.no/data/_station_005ab9ee-ed9b-4efc-8bd4-51c74e7784ed;Vålåsjø;B02-Dovrebanen;7.714899999999999;https://data.banenor.no/data/_station_e9e3c30d-169d-4c1f-a050-4679e5069c82;Hjerkinn;http://publications.europa.eu/resource/authority/country/NOR;Norway;;
https://data.banenor.no/data/_line_section_14457b81-7004-4fe0-9782-b3c61dab77cd;https://data.banenor.no/data/_station_005ab9ee-ed9b-4efc-8bd4-51c74e7784ed;Vålåsjø;B02-Dovrebanen;7.714899999999999;https://data.banenor.no/data/_station_e9e3c30d-169d-4c1f-a050-4679e5069c82;Hjerkinn;http://publications.europa.eu/resource/authority/country/NOR;Norway;;
https://data.banenor.no/data/_line_section_14f4fdd9-cd1a-4368-aabe-0176e80ecf83;https://data.banenor.no/data/_station_18547189-0ed1-4629-b1f8-7a3abe0b0d83;Skogn;B05-Nordlandsbanen;5.87;https://data.banenor.no/data/_station_d4028c5d-898a-4354-96b7-c25d3c1d9de4;Levanger;http://publications.europa.eu/resource/authority/country/NOR;Norway;;
https://data.banenor.no/data/_line_section_14f4fdd9-cd1a-4368-aabe-0176e80ecf83;https://data.banenor.no/data/_station_18547189-0ed1-4629-b1f8-7a3abe0b0d83;Skogn;B05-Nordlandsbanen;5.87;https://data.banenor.no/data/_station_d4028c5d-898a-4354-96b7-c25d3c1d9de4;Levanger;http://publications.europa.eu/resource/authority/country/NOR;Norway;;
https://data.banenor.no/data/_line_section_15a60bc9-2203-41fa-ae11-8048636b006f;https://data.banenor.no/data/_station_3a259581-17e7-42f5-8e24-bbc4386512c4;Steinberg;B08-Sørlandsbanen;2.122;https://data.banenor.no/data/_station_93d953aa-8e9f-4103-a0e2-54a3bcd1ea06;Hokksund;http://publications.europa.eu/resource/authority/country/NOR;Norway;;
https://data.banenor.no/data/_line_section_15a60bc9-2203-41fa-ae11-8048636b006f;https://data.banenor.no/data/_station_3a259581-17e7-42f5-8e24-bbc4386512c4;Steinberg;B08-Sørlandsbanen;2.122;https://data.banenor.no/data/_station_93d953aa-8e9f-4103-a0e2-54a3bcd1ea06;Hokksund;http://publications.europa.eu/resource/authority/country/NOR;Norway;;
https://data.banenor.no/data/_line_section_164e88d9-156f-4127-8ef0-6a3cc73b94e6;https://data.banenor.no/data/_station_4d25cfd2-e51c-45a9-86aa-d6b0a76a320f;Åneby;B06-Gjøvikbanen;3.332;https://data.banenor.no/data/_station_75a9098e-5756-4238-a77a-606769e38bcf;Hakadal;http://publications.europa.eu/resource/authority/country/NOR;Norway;;
https://data.banenor.no/data/_line_section_164e88d9-156f-4127-8ef0-6a3cc73b94e6;https://data.banenor.no/data/_station_4d25cfd2-e51c-45a9-86aa-d6b0a76a320f;Åneby;B06-Gjøvikbanen;3.332;https://data.banenor.no/data/_station_75a9098e-5756-4238-a77a-606769e38bcf;Hakadal;http://publications.europa.eu/resource/authority/country/NOR;Norway;;
https://data.banenor.no/data/_line_section_1740e0ca-78e4-4b81-8cce-224aab160568;https://data.banenor.no/data/_station_11a6a5c2-889f-495b-bb1e-ec7533f8acf3;Ogna;B08-Sørlandsbanen;7.161;https://data.banenor.no/data/_station_a9d336e7-d088-42e9-8905-9337a24b6cbf;Hellvik;http://publications.europa.eu/resource/authority/country/NOR;Norway;;
https://data.banenor.no/data/_line_section_1740e0ca-78e4-4b81-8cce-224aab160568;https://data.banenor.no/data/_station_11a6a5c2-889f-495b-bb1e-ec7533f8acf3;Ogna;B08-Sørlandsbanen;7.161;https://data.banenor.no/data/_station_a9d336e7-d088-42e9-8905-9337a24b6cbf;Hellvik;http://publications.europa.eu/resource/authority/country/NOR;Norway;;
https://data.banenor.no/data/_line_section_17b63e1e-5ac9-4562-b535-41bd42aeccfa;https://data.banenor.no/data/_station_52a8ab14-9659-4977-acd5-e11e667c96dd;Geithus;B12-Randsfjordbanen;4.167;https://data.banenor.no/data/_station_70051e60-39e4-48aa-a7cc-dac0d7babe6e;Åmot;http://publications.europa.eu/resource/authority/country/NOR;Norway;;
https://data.banenor.no/data/_line_section_17b63e1e-5ac9-4562-b535-41bd42aeccfa;https://data.banenor.no/data/_station_52a8ab14-9659-4977-acd5-e11e667c96dd;Geithus;B12-Randsfjordbanen;4.167;https://data.banenor.no/data/_station_70051e60-39e4-48aa-a7cc-dac0d7babe6e;Åmot;http://publications.europa.eu/resource/authority/country/NOR;Norway;;
https://data.banenor.no/data/_line_section_17c28725-f9cd-4529-b190-2d311e1ca9d5;https://data.banenor.no/data/_station_3d55d781-39f4-46d0-9a22-b34ee708b2ba;Brakerøya;B20-Drammensbanen;6.358;https://data.banenor.no/data/_station_c0ccaa4a-9ab9-41c4-b638-eebc0ab78c6e;Eriksrud;http://publications.europa.eu/resource/authority/country/NOR;Norway;;
https://data.banenor.no/data/_line_section_17c28725-f9cd-4529-b190-2d311e1ca9d5;https://data.banenor.no/data/_station_3d55d781-39f4-46d0-9a22-b34ee708b2ba;Brakerøya;B20-Drammensbanen;6.358;https://data.banenor.no/data/_station_c0ccaa4a-9ab9-41c4-b638-eebc0ab78c6e;Eriksrud;http://publications.europa.eu/resource/authority/country/NOR;Norway;;
https://data.banenor.no/data/_line_section_18623574-75bd-40ef-b438-c44c6930e950;https://data.banenor.no/data/_station_390253fd-408b-4f8b-9b6b-f8d4cd3c949a;Fokstua;B02-Dovrebanen;17.527;https://data.banenor.no/data/_station_501897b5-9d64-41f5-bac9-00c25b60b858;Dombås;http://publications.europa.eu/resource/authority/country/NOR;Norway;;
https://data.banenor.no/data/_line_section_18623574-75bd-40ef-b438-c44c6930e950;https://data.banenor.no/data/_station_390253fd-408b-4f8b-9b6b-f8d4cd3c949a;Fokstua;B02-Dovrebanen;17.527;https://data.banenor.no/data/_station_501897b5-9d64-41f5-bac9-00c25b60b858;Dombås;http://publications.europa.eu/resource/authority/country/NOR;Norway;;
https://data.banenor.no/data/_line_section_1914b235-6947-4e26-9be4-17ab7124f2e3;https://data.banenor.no/data/_station_4f22559f-9c00-4209-9d9a-c594e5201c3e;Hellerud;B23-Gardermobanen;1.49;https://data.banenor.no/data/_station_c0576848-8f76-4489-aa6e-ae95b98c1a1c;Oslo S;http://publications.europa.eu/resource/authority/country/NOR;Norway;;
https://data.banenor.no/data/_line_section_1914b235-6947-4e26-9be4-17ab7124f2e3;https://data.banenor.no/data/_station_4f22559f-9c00-4209-9d9a-c594e5201c3e;Hellerud;B23-Gardermobanen;1.49;https://data.banenor.no/data/_station_c0576848-8f76-4489-aa6e-ae95b98c1a1c;Oslo S;http://publications.europa.eu/resource/authority/country/NOR;Norway;;
https://data.banenor.no/data/_line_section_196c0c91-46a7-4747-bb09-da9475d168e4;https://data.banenor.no/data/_station_141d2454-02ba-40f6-821b-e63972f741d3;Sel;B02-Dovrebanen;12.707;https://data.banenor.no/data/_station_32413e25-5854-421e-8267-1d3a2d9f9d98;Brennhaug;http://publications.europa.eu/resource/authority/country/NOR;Norway;;
https://data.banenor.no/data/_line_section_196c0c91-46a7-4747-bb09-da9475d168e4;https://data.banenor.no/data/_station_141d2454-02ba-40f6-821b-e63972f741d3;Sel;B02-Dovrebanen;12.707;https://data.banenor.no/data/_station_32413e25-5854-421e-8267-1d3a2d9f9d98;Brennhaug;http://publications.europa.eu/resource/authority/country/NOR;Norway;;
https://data.banenor.no/data/_line_section_197f3b5e-a333-426e-abbd-9a1fe1a885a7;https://data.banenor.no/data/_station_501897b5-9d64-41f5-bac9-00c25b60b858;Dombås;B02-Dovrebanen;10.401;https://data.banenor.no/data/_station_9e4daa81-4d5d-475a-adef-2ec23631ca8d;Dovre;http://publications.europa.eu/resource/authority/country/NOR;Norway;;
https://data.banenor.no/data/_line_section_197f3b5e-a333-426e-abbd-9a1fe1a885a7;https://data.banenor.no/data/_station_501897b5-9d64-41f5-bac9-00c25b60b858;Dombås;B02-Dovrebanen;10.401;https://data.banenor.no/data/_station_9e4daa81-4d5d-475a-adef-2ec23631ca8d;Dovre;http://publications.europa.eu/resource/authority/country/NOR;Norway;;
https://data.banenor.no/data/_line_section_1a2e9f97-2783-4437-9fbb-0b59676adf6a;https://data.banenor.no/data/_station_54301360-6531-4821-9e73-55104917fd5e;Hove;B02-Dovrebanen;2.3811;https://data.banenor.no/data/_station_eadabd50-30b9-4478-af5a-0fe1f5ca87ad;Fåberg;http://publications.europa.eu/resource/authority/country/NOR;Norway;;
https://data.banenor.no/data/_line_section_1a2e9f97-2783-4437-9fbb-0b59676adf6a;https://data.banenor.no/data/_station_54301360-6531-4821-9e73-55104917fd5e;Hove;B02-Dovrebanen;2.3811;https://data.banenor.no/data/_station_eadabd50-30b9-4478-af5a-0fe1f5ca87ad;Fåberg;http://publications.europa.eu/resource/authority/country/NOR;Norway;;
https://data.banenor.no/data/_line_section_1a765422-116e-47da-85ad-b5200936ffa3;https://data.banenor.no/data/_station_228d238b-5239-4cf2-a280-190973c9632c;Kvam;B02-Dovrebanen;8.487;https://data.banenor.no/data/_station_64707611-7a2b-4254-be56-a2ad51f1ff24;Vinstra;http://publications.europa.eu/resource/authority/country/NOR;Norway;;
https://data.banenor.no/data/_line_section_1a765422-116e-47da-85ad-b5200936ffa3;https://data.banenor.no/data/_station_228d238b-5239-4cf2-a280-190973c9632c;Kvam;B02-Dovrebanen;8.487;https://data.banenor.no/data/_station_64707611-7a2b-4254-be56-a2ad51f1ff24;Vinstra;http://publications.europa.eu/resource/authority/country/NOR;Norway;;
https://data.banenor.no/data/_line_section_1a800606-cbd4-46ac-9342-226bdf037c74;https://data.banenor.no/data/_station_9e8bed52-2942-4f85-8fa5-385851fd80c0;Jessnes;B02-Dovrebanen;5.3022;https://data.banenor.no/data/_station_c8faa74b-636a-4a7e-b08a-35637efc6a3e;Brumunddal;http://publications.europa.eu/resource/authority/country/NOR;Norway;;
https://data.banenor.no/data/_line_section_1a800606-cbd4-46ac-9342-226bdf037c74;https://data.banenor.no/data/_station_9e8bed52-2942-4f85-8fa5-385851fd80c0;Jessnes;B02-Dovrebanen;5.3022;https://data.banenor.no/data/_station_c8faa74b-636a-4a7e-b08a-35637efc6a3e;Brumunddal;http://publications.europa.eu/resource/authority/country/NOR;Norway;;
https://data.banenor.no/data/_line_section_1a92a5b1-6bba-453e-9ea8-647c07036785;https://data.banenor.no/data/_station_28a370cf-c99b-41ae-8f44-e94d99d3aa8c;Langeland;B23-Gardermobanen;3.816;https://data.banenor.no/data/_station_ff9b76af-2bc9-4c5a-b3c7-65db295a9933;Gardermoen;http://publications.europa.eu/resource/authority/country/NOR;Norway;;
https://data.banenor.no/data/_line_section_1a92a5b1-6bba-453e-9ea8-647c07036785;https://data.banenor.no/data/_station_28a370cf-c99b-41ae-8f44-e94d99d3aa8c;Langeland;B23-Gardermobanen;3.816;https://data.banenor.no/data/_station_ff9b76af-2bc9-4c5a-b3c7-65db295a9933;Gardermoen;http://publications.europa.eu/resource/authority/country/NOR;Norway;;
https://data.banenor.no/data/_line_section_1b1ccfea-d752-4db0-8038-717372013d29;https://data.banenor.no/data/_station_2595c29c-62c3-45ee-8a33-d58c7be4f1fa;Nærbø;B08-Sørlandsbanen;3.298;https://data.banenor.no/data/_station_a2c83140-c9e0-469f-8eda-10bc6a376518;Varhaug;http://publications.europa.eu/resource/authority/country/NOR;Norway;;
https://data.banenor.no/data/_line_section_1b1ccfea-d752-4db0-8038-717372013d29;https://data.banenor.no/data/_station_2595c29c-62c3-45ee-8a33-d58c7be4f1fa;Nærbø;B08-Sørlandsbanen;3.298;https://data.banenor.no/data/_station_a2c83140-c9e0-469f-8eda-10bc6a376518;Varhaug;http://publications.europa.eu/resource/authority/country/NOR;Norway;;
https://data.banenor.no/data/_line_section_1ba31433-0c06-457e-b5f6-068a6f39bc54;https://data.banenor.no/data/_station_02150263-8b94-48c2-8339-2c8f0a90ef57;Skatval;B05-Nordlandsbanen;7.53;https://data.banenor.no/data/_station_3009fc1c-d340-454c-8869-62d8f8aea164;Langstein;http://publications.europa.eu/resource/authority/country/NOR;Norway;;
https://data.banenor.no/data/_line_section_1ba31433-0c06-457e-b5f6-068a6f39bc54;https://data.banenor.no/data/_station_02150263-8b94-48c2-8339-2c8f0a90ef57;Skatval;B05-Nordlandsbanen;7.53;https://data.banenor.no/data/_station_3009fc1c-d340-454c-8869-62d8f8aea164;Langstein;http://publications.europa.eu/resource/authority/country/NOR;Norway;;
https://data.banenor.no/data/_line_section_1bd6227f-ea8e-4a22-96f8-390925e9e123;https://data.banenor.no/data/_station_2ea7ed84-586c-4476-96ad-373fb67fcfc4;Porsgrunn;B09-Vestfoldbanen;8.0069;https://data.banenor.no/data/_station_ec023282-af50-4458-8bef-8f58ef59dff0;Myrane;http://publications.europa.eu/resource/authority/country/NOR;Norway;;
https://data.banenor.no/data/_line_section_1bd6227f-ea8e-4a22-96f8-390925e9e123;https://data.banenor.no/data/_station_2ea7ed84-586c-4476-96ad-373fb67fcfc4;Porsgrunn;B09-Vestfoldbanen;8.0069;https://data.banenor.no/data/_station_ec023282-af50-4458-8bef-8f58ef59dff0;Myrane;http://publications.europa.eu/resource/authority/country/NOR;Norway;;
https://data.banenor.no/data/_line_section_1dff7f76-107d-415c-aba0-ab026435ba96;https://data.banenor.no/data/_station_b025c7fe-6fbb-4f65-b81a-cd590033de33;Meheia;B08-Sørlandsbanen;4.918;https://data.banenor.no/data/_station_e345b2c2-5b2e-47d7-b886-5dd4d8eb0e16;Saggrenda;http://publications.europa.eu/resource/authority/country/NOR;Norway;;
https://data.banenor.no/data/_line_section_1dff7f76-107d-415c-aba0-ab026435ba96;https://data.banenor.no/data/_station_b025c7fe-6fbb-4f65-b81a-cd590033de33;Meheia;B08-Sørlandsbanen;4.918;https://data.banenor.no/data/_station_e345b2c2-5b2e-47d7-b886-5dd4d8eb0e16;Saggrenda;http://publications.europa.eu/resource/authority/country/NOR;Norway;;
https://data.banenor.no/data/_line_section_1ecb5cb1-4f66-4138-88e2-b5c5ee5a0605;https://data.banenor.no/data/_station_6c6c1446-9588-47f8-af60-c838cd15062f;Fidjetun;B08-Sørlandsbanen;6.304;https://data.banenor.no/data/_station_ecffa08d-9504-40aa-9070-a3a3605d3af3;Herefoss;http://publications.europa.eu/resource/authority/country/NOR;Norway;;
https://data.banenor.no/data/_line_section_1ecb5cb1-4f66-4138-88e2-b5c5ee5a0605;https://data.banenor.no/data/_station_6c6c1446-9588-47f8-af60-c838cd15062f;Fidjetun;B08-Sørlandsbanen;6.304;https://data.banenor.no/data/_station_ecffa08d-9504-40aa-9070-a3a3605d3af3;Herefoss;http://publications.europa.eu/resource/authority/country/NOR;Norway;;
https://data.banenor.no/data/_line_section_1f7d2c59-3f83-4bea-880a-8f27c33bd9a2;https://data.banenor.no/data/_station_4e96e80f-81b3-48ae-8a86-5da4d1ab1225;Lundamo;B02-Dovrebanen;5.501;https://data.banenor.no/data/_station_81012a40-29da-45eb-9926-5dc8bbf86328;Hovin;http://publications.europa.eu/resource/authority/country/NOR;Norway;;
https://data.banenor.no/data/_line_section_1f7d2c59-3f83-4bea-880a-8f27c33bd9a2;https://data.banenor.no/data/_station_4e96e80f-81b3-48ae-8a86-5da4d1ab1225;Lundamo;B02-Dovrebanen;5.501;https://data.banenor.no/data/_station_81012a40-29da-45eb-9926-5dc8bbf86328;Hovin;http://publications.europa.eu/resource/authority/country/NOR;Norway;;
https://data.banenor.no/data/_line_section_1fd07687-3fee-4ce7-8ed8-3062ea842d5f;https://data.banenor.no/data/_station_6ea9abea-c125-4fec-92f8-f727e5a0bbb3;Audnedal;B08-Sørlandsbanen;15.944;https://data.banenor.no/data/_station_ccc5ec4e-73a1-4c90-9181-511b18b8e281;Marnardal;http://publications.europa.eu/resource/authority/country/NOR;Norway;;
https://data.banenor.no/data/_line_section_1fd07687-3fee-4ce7-8ed8-3062ea842d5f;https://data.banenor.no/data/_station_6ea9abea-c125-4fec-92f8-f727e5a0bbb3;Audnedal;B08-Sørlandsbanen;15.944;https://data.banenor.no/data/_station_ccc5ec4e-73a1-4c90-9181-511b18b8e281;Marnardal;http://publications.europa.eu/resource/authority/country/NOR;Norway;;
https://data.banenor.no/data/_line_section_209a9117-0dbf-4563-a647-049769213cc2;https://data.banenor.no/data/_station_a719e440-6c63-4ca4-a5db-9a5123ba19ae;Ringebu;B02-Dovrebanen;7.93;https://data.banenor.no/data/_station_bbba1e85-248a-4934-bee1-33faea9e91d8;Hundorp;http://publications.europa.eu/resource/authority/country/NOR;Norway;;
https://data.banenor.no/data/_line_section_209a9117-0dbf-4563-a647-049769213cc2;https://data.banenor.no/data/_station_a719e440-6c63-4ca4-a5db-9a5123ba19ae;Ringebu;B02-Dovrebanen;7.93;https://data.banenor.no/data/_station_bbba1e85-248a-4934-bee1-33faea9e91d8;Hundorp;http://publications.europa.eu/resource/authority/country/NOR;Norway;;
https://data.banenor.no/data/_line_section_21315cd2-85ec-42d0-a75e-cd1804fb1542;https://data.banenor.no/data/_station_2074f94c-446b-4bf2-876f-517f7028eeeb;Mosjøen;B05-Nordlandsbanen;32.618900000000004;https://data.banenor.no/data/_station_c228f450-5c63-4a57-bf54-6c115608b709;Drevvatn;http://publications.europa.eu/resource/authority/country/NOR;Norway;;
https://data.banenor.no/data/_line_section_21315cd2-85ec-42d0-a75e-cd1804fb1542;https://data.banenor.no/data/_station_2074f94c-446b-4bf2-876f-517f7028eeeb;Mosjøen;B05-Nordlandsbanen;32.618900000000004;https://data.banenor.no/data/_station_c228f450-5c63-4a57-bf54-6c115608b709;Drevvatn;http://publications.europa.eu/resource/authority/country/NOR;Norway;;
https://data.banenor.no/data/_line_section_21b27183-849d-437a-94a8-69067d3f2912;https://data.banenor.no/data/_station_c8323200-5738-44d5-b55e-c58a05a5a309;Krekling;B08-Sørlandsbanen;5.417;https://data.banenor.no/data/_station_c86ace57-6fe1-4835-9679-40824cb9f26b;Skollenborg;http://publications.europa.eu/resource/authority/country/NOR;Norway;;
https://data.banenor.no/data/_line_section_21b27183-849d-437a-94a8-69067d3f2912;https://data.banenor.no/data/_station_c8323200-5738-44d5-b55e-c58a05a5a309;Krekling;B08-Sørlandsbanen;5.417;https://data.banenor.no/data/_station_c86ace57-6fe1-4835-9679-40824cb9f26b;Skollenborg;http://publications.europa.eu/resource/authority/country/NOR;Norway;;
https://data.banenor.no/data/_line_section_21c0fb6a-3b9a-46e5-94b8-b01d32ebab26;https://data.banenor.no/data/_station_17d55c43-ad47-4554-a540-553a060dd583;Oppdal;B02-Dovrebanen;10.27;https://data.banenor.no/data/_station_c06a5ae6-81de-4094-bc1e-239715476bd4;Fagerhaug;http://publications.europa.eu/resource/authority/country/NOR;Norway;;
https://data.banenor.no/data/_line_section_21c0fb6a-3b9a-46e5-94b8-b01d32ebab26;https://data.banenor.no/data/_station_17d55c43-ad47-4554-a540-553a060dd583;Oppdal;B02-Dovrebanen;10.27;https://data.banenor.no/data/_station_c06a5ae6-81de-4094-bc1e-239715476bd4;Fagerhaug;http://publications.europa.eu/resource/authority/country/NOR;Norway;;
https://data.banenor.no/data/_line_section_21d1ef66-2d8d-42ed-ae5d-8b3d292de105;https://data.banenor.no/data/_station_69ab4a18-3269-4da3-92c0-80c5a0685ae7;Bjørkevoll;B08-Sørlandsbanen;5.339;https://data.banenor.no/data/_station_71df9461-2d21-4951-9fc8-6babe792e61a;Sira;http://publications.europa.eu/resource/authority/country/NOR;Norway;;
https://data.banenor.no/data/_line_section_21d1ef66-2d8d-42ed-ae5d-8b3d292de105;https://data.banenor.no/data/_station_69ab4a18-3269-4da3-92c0-80c5a0685ae7;Bjørkevoll;B08-Sørlandsbanen;5.339;https://data.banenor.no/data/_station_71df9461-2d21-4951-9fc8-6babe792e61a;Sira;http://publications.europa.eu/resource/authority/country/NOR;Norway;;
https://data.banenor.no/data/_line_section_21d2b24b-bbc1-447a-9a03-6cc40f6e9c0d;https://data.banenor.no/data/_station_678d3dfc-3f85-46a9-ad56-9573829bc3d3;Holmlia;B01-Østfoldbanen Vestre;1.8402;https://data.banenor.no/data/_station_df3c1ca1-e3b0-4eae-b9c1-191aedabbf57;Ljan;http://publications.europa.eu/resource/authority/country/NOR;Norway;;
https://data.banenor.no/data/_line_section_21d2b24b-bbc1-447a-9a03-6cc40f6e9c0d;https://data.banenor.no/data/_station_678d3dfc-3f85-46a9-ad56-9573829bc3d3;Holmlia;B01-Østfoldbanen Vestre;1.8402;https://data.banenor.no/data/_station_df3c1ca1-e3b0-4eae-b9c1-191aedabbf57;Ljan;http://publications.europa.eu/resource/authority/country/NOR;Norway;;
https://data.banenor.no/data/_line_section_2207d553-440a-408a-ac57-df358ebb1d78;https://data.banenor.no/data/_station_affb8ab9-8d55-4788-ae7d-00a6b3ce72a7;Rena;B04-Rørosbanen;12.635;https://data.banenor.no/data/_station_cf6655bc-535f-400d-b179-184d1a7632ca;Rudstad;http://publications.europa.eu/resource/authority/country/NOR;Norway;;
https://data.banenor.no/data/_line_section_2207d553-440a-408a-ac57-df358ebb1d78;https://data.banenor.no/data/_station_affb8ab9-8d55-4788-ae7d-00a6b3ce72a7;Rena;B04-Rørosbanen;12.635;https://data.banenor.no/data/_station_cf6655bc-535f-400d-b179-184d1a7632ca;Rudstad;http://publications.europa.eu/resource/authority/country/NOR;Norway;;
https://data.banenor.no/data/_line_section_2268a42a-df38-4b58-b776-e0704ffcd22e;https://data.banenor.no/data/_station_26b3fb03-c87a-4071-9106-2cc2f5b69d91;Vikhammer;B05-Nordlandsbanen;3.9299;https://data.banenor.no/data/_station_ad99e8ed-e9d9-4eb8-b54a-53eabc14be73;Ranheim;http://publications.europa.eu/resource/authority/country/NOR;Norway;;
https://data.banenor.no/data/_line_section_2268a42a-df38-4b58-b776-e0704ffcd22e;https://data.banenor.no/data/_station_26b3fb03-c87a-4071-9106-2cc2f5b69d91;Vikhammer;B05-Nordlandsbanen;3.9299;https://data.banenor.no/data/_station_ad99e8ed-e9d9-4eb8-b54a-53eabc14be73;Ranheim;http://publications.europa.eu/resource/authority/country/NOR;Norway;;
https://data.banenor.no/data/_line_section_2348f2f0-f9fb-4118-afb9-577321b51994;https://data.banenor.no/data/_station_17a04e8f-94ab-434c-99a5-932a91ea1a5d;Fetsund;B03-Kongsvingerbanen;5.278;https://data.banenor.no/data/_station_bad35795-43d8-46ef-aa69-754b8583e4c9;Lillestrøm;http://publications.europa.eu/resource/authority/country/NOR;Norway;;
https://data.banenor.no/data/_line_section_2348f2f0-f9fb-4118-afb9-577321b51994;https://data.banenor.no/data/_station_17a04e8f-94ab-434c-99a5-932a91ea1a5d;Fetsund;B03-Kongsvingerbanen;5.278;https://data.banenor.no/data/_station_bad35795-43d8-46ef-aa69-754b8583e4c9;Lillestrøm;http://publications.europa.eu/resource/authority/country/NOR;Norway;;
https://data.banenor.no/data/_line_section_236f0e6c-fea6-45b4-923e-55a67f2b7dbe;https://data.banenor.no/data/_station_32baa117-30a6-4292-a83b-e26501007c4f;Finse;B07-Bergensbanen;5.456;https://data.banenor.no/data/_station_6c81357f-6462-40f5-b32e-6d885344210b;Fagernut;http://publications.europa.eu/resource/authority/country/NOR;Norway;;
https://data.banenor.no/data/_line_section_236f0e6c-fea6-45b4-923e-55a67f2b7dbe;https://data.banenor.no/data/_station_32baa117-30a6-4292-a83b-e26501007c4f;Finse;B07-Bergensbanen;5.456;https://data.banenor.no/data/_station_6c81357f-6462-40f5-b32e-6d885344210b;Fagernut;http://publications.europa.eu/resource/authority/country/NOR;Norway;;
https://data.banenor.no/data/_line_section_23cd7071-b573-4cc9-b652-a0c9e240f124;https://data.banenor.no/data/_station_30f4211e-265e-45bd-81c3-4b6858aa1459;Strandlykkja;B02-Dovrebanen;9.106;https://data.banenor.no/data/_station_70ba7885-b11e-4eec-99cd-c1d176ff265e;Langset;http://publications.europa.eu/resource/authority/country/NOR;Norway;;
https://data.banenor.no/data/_line_section_23cd7071-b573-4cc9-b652-a0c9e240f124;https://data.banenor.no/data/_station_30f4211e-265e-45bd-81c3-4b6858aa1459;Strandlykkja;B02-Dovrebanen;9.106;https://data.banenor.no/data/_station_70ba7885-b11e-4eec-99cd-c1d176ff265e;Langset;http://publications.europa.eu/resource/authority/country/NOR;Norway;;
https://data.banenor.no/data/_line_section_2782e821-1862-44ff-9867-728665ee4963;https://data.banenor.no/data/_station_0e422095-e559-4883-a8dc-ecf12c87800e;Nesbyen;B07-Bergensbanen;15.534;https://data.banenor.no/data/_station_365adada-c677-4289-856a-d7a9229f49b5;Gol;http://publications.europa.eu/resource/authority/country/NOR;Norway;;
https://data.banenor.no/data/_line_section_2782e821-1862-44ff-9867-728665ee4963;https://data.banenor.no/data/_station_0e422095-e559-4883-a8dc-ecf12c87800e;Nesbyen;B07-Bergensbanen;15.534;https://data.banenor.no/data/_station_365adada-c677-4289-856a-d7a9229f49b5;Gol;http://publications.europa.eu/resource/authority/country/NOR;Norway;;
https://data.banenor.no/data/_line_section_2812e353-0e3d-4166-a1dd-972404db67aa;https://data.banenor.no/data/_station_06fdb1b2-a524-4dae-b6e1-662465973fac;Oggevatn;B08-Sørlandsbanen;18.502;https://data.banenor.no/data/_station_6d95c846-63d0-4c5b-b6b5-d6cd49cbb029;Grovane;http://publications.europa.eu/resource/authority/country/NOR;Norway;;
https://data.banenor.no/data/_line_section_2812e353-0e3d-4166-a1dd-972404db67aa;https://data.banenor.no/data/_station_06fdb1b2-a524-4dae-b6e1-662465973fac;Oggevatn;B08-Sørlandsbanen;18.502;https://data.banenor.no/data/_station_6d95c846-63d0-4c5b-b6b5-d6cd49cbb029;Grovane;http://publications.europa.eu/resource/authority/country/NOR;Norway;;
https://data.banenor.no/data/_line_section_28d5c566-75cd-469a-ae3a-0d9a083b87d0;https://data.banenor.no/data/_station_135637e8-b3eb-4889-a993-9ac1873e240b;Losna;B02-Dovrebanen;5.952;https://data.banenor.no/data/_station_3096c74c-403d-4a9d-9928-8f32b82ddbdd;Fåvang;http://publications.europa.eu/resource/authority/country/NOR;Norway;;
https://data.banenor.no/data/_line_section_28d5c566-75cd-469a-ae3a-0d9a083b87d0;https://data.banenor.no/data/_station_135637e8-b3eb-4889-a993-9ac1873e240b;Losna;B02-Dovrebanen;5.952;https://data.banenor.no/data/_station_3096c74c-403d-4a9d-9928-8f32b82ddbdd;Fåvang;http://publications.europa.eu/resource/authority/country/NOR;Norway;;
https://data.banenor.no/data/_line_section_2a2dcb5b-5332-4ffb-bb5f-9fa9791fd540;https://data.banenor.no/data/_station_c000ea6f-4c8c-4fe3-a49b-5c755a1bc53b;Bekkelaget;B01-Østfoldbanen Vestre;0.413;https://data.banenor.no/data/_station_c0576848-8f76-4489-aa6e-ae95b98c1a1c;Oslo S;http://publications.europa.eu/resource/authority/country/NOR;Norway;;
https://data.banenor.no/data/_line_section_2a2dcb5b-5332-4ffb-bb5f-9fa9791fd540;https://data.banenor.no/data/_station_c000ea6f-4c8c-4fe3-a49b-5c755a1bc53b;Bekkelaget;B01-Østfoldbanen Vestre;0.413;https://data.banenor.no/data/_station_c0576848-8f76-4489-aa6e-ae95b98c1a1c;Oslo S;http://publications.europa.eu/resource/authority/country/NOR;Norway;;
https://data.banenor.no/data/_line_section_2a3bdf57-1465-4c70-9c58-ff3031f508b7;https://data.banenor.no/data/_station_52ea88a1-7e8a-4ce6-a674-45ab18488a25;Hommelvik;B05-Nordlandsbanen;5.88;https://data.banenor.no/data/_station_745d26dd-ce96-4186-88dc-aa46b06bf988;Hell;http://publications.europa.eu/resource/authority/country/NOR;Norway;;
https://data.banenor.no/data/_line_section_2a3bdf57-1465-4c70-9c58-ff3031f508b7;https://data.banenor.no/data/_station_52ea88a1-7e8a-4ce6-a674-45ab18488a25;Hommelvik;B05-Nordlandsbanen;5.88;https://data.banenor.no/data/_station_745d26dd-ce96-4186-88dc-aa46b06bf988;Hell;http://publications.europa.eu/resource/authority/country/NOR;Norway;;
https://data.banenor.no/data/_line_section_2a78c653-3960-4fa7-9e75-569d1125b73f;https://data.banenor.no/data/_station_3384999a-2c0b-4f38-841d-fb848fcde2ed;Oppegård;B01-Østfoldbanen Vestre;2.282;https://data.banenor.no/data/_station_cc0be4c4-e83d-43b5-8ecc-797ba2ff68f8;Ski;http://publications.europa.eu/resource/authority/country/NOR;Norway;;
https://data.banenor.no/data/_line_section_2a78c653-3960-4fa7-9e75-569d1125b73f;https://data.banenor.no/data/_station_3384999a-2c0b-4f38-841d-fb848fcde2ed;Oppegård;B01-Østfoldbanen Vestre;2.282;https://data.banenor.no/data/_station_cc0be4c4-e83d-43b5-8ecc-797ba2ff68f8;Ski;http://publications.europa.eu/resource/authority/country/NOR;Norway;;
https://data.banenor.no/data/_line_section_2c029893-217d-4e2d-921b-022124975ff3;https://data.banenor.no/data/_station_2dd31180-fd2f-4d50-b759-2d6b59cd0746;Bjerka;B05-Nordlandsbanen;26.27;https://data.banenor.no/data/_station_c228f450-5c63-4a57-bf54-6c115608b709;Drevvatn;http://publications.europa.eu/resource/authority/country/NOR;Norway;;
https://data.banenor.no/data/_line_section_2c029893-217d-4e2d-921b-022124975ff3;https://data.banenor.no/data/_station_2dd31180-fd2f-4d50-b759-2d6b59cd0746;Bjerka;B05-Nordlandsbanen;26.27;https://data.banenor.no/data/_station_c228f450-5c63-4a57-bf54-6c115608b709;Drevvatn;http://publications.europa.eu/resource/authority/country/NOR;Norway;;
https://data.banenor.no/data/_line_section_2ce12886-7dc9-4ed8-9c52-8e49c7f7b81d;https://data.banenor.no/data/_station_4ce45c18-1dd3-4273-98f9-d704a571b45e;Asker;B30-Askerbanen;7.719;https://data.banenor.no/data/_station_5d5908ae-267b-4278-b785-8052ffc905f5;Sandvika;http://publications.europa.eu/resource/authority/country/NOR;Norway;;
https://data.banenor.no/data/_line_section_2ce12886-7dc9-4ed8-9c52-8e49c7f7b81d;https://data.banenor.no/data/_station_4ce45c18-1dd3-4273-98f9-d704a571b45e;Asker;B30-Askerbanen;7.719;https://data.banenor.no/data/_station_5d5908ae-267b-4278-b785-8052ffc905f5;Sandvika;http://publications.europa.eu/resource/authority/country/NOR;Norway;;
https://data.banenor.no/data/_line_section_2d1e71a8-c20f-480d-aaf7-8c1c13861d59;https://data.banenor.no/data/_station_a6d006c6-6831-4dcd-a4b7-e1125501abaa;Koppang;B04-Rørosbanen;23.28;https://data.banenor.no/data/_station_e227eaed-4b98-45fe-b4b1-34bfff34e09d;Atna;http://publications.europa.eu/resource/authority/country/NOR;Norway;;
https://data.banenor.no/data/_line_section_2d1e71a8-c20f-480d-aaf7-8c1c13861d59;https://data.banenor.no/data/_station_a6d006c6-6831-4dcd-a4b7-e1125501abaa;Koppang;B04-Rørosbanen;23.28;https://data.banenor.no/data/_station_e227eaed-4b98-45fe-b4b1-34bfff34e09d;Atna;http://publications.europa.eu/resource/authority/country/NOR;Norway;;
https://data.banenor.no/data/_line_section_2d289f82-d1f3-4fc0-967a-01c240b25b00;https://data.banenor.no/data/_station_3a259581-17e7-42f5-8e24-bbc4386512c4;Steinberg;B08-Sørlandsbanen;1.378;https://data.banenor.no/data/_station_df0ed606-0e4f-4c83-b603-1ce04c01a3da;Mjøndalen;http://publications.europa.eu/resource/authority/country/NOR;Norway;;
https://data.banenor.no/data/_line_section_2d289f82-d1f3-4fc0-967a-01c240b25b00;https://data.banenor.no/data/_station_3a259581-17e7-42f5-8e24-bbc4386512c4;Steinberg;B08-Sørlandsbanen;1.378;https://data.banenor.no/data/_station_df0ed606-0e4f-4c83-b603-1ce04c01a3da;Mjøndalen;http://publications.europa.eu/resource/authority/country/NOR;Norway;;
https://data.banenor.no/data/_line_section_2d9f00e4-6702-4d3a-bd91-6a95a1853c51;https://data.banenor.no/data/_station_1bbfc0be-202e-4de2-a59f-50521a81ecc8;Voss;B07-Bergensbanen;5.267;https://data.banenor.no/data/_station_5e217a9e-8153-444d-8fd5-594f06e0f71a;Bulken;http://publications.europa.eu/resource/authority/country/NOR;Norway;;
https://data.banenor.no/data/_line_section_2d9f00e4-6702-4d3a-bd91-6a95a1853c51;https://data.banenor.no/data/_station_1bbfc0be-202e-4de2-a59f-50521a81ecc8;Voss;B07-Bergensbanen;5.267;https://data.banenor.no/data/_station_5e217a9e-8153-444d-8fd5-594f06e0f71a;Bulken;http://publications.europa.eu/resource/authority/country/NOR;Norway;;
https://data.banenor.no/data/_line_section_2fa506dd-fa1d-4892-98c4-1fe9e373023c;https://data.banenor.no/data/_station_70ba7885-b11e-4eec-99cd-c1d176ff265e;Langset;B02-Dovrebanen;7.306;https://data.banenor.no/data/_station_c404df2a-72ea-441b-bb84-069afd73b45b;Eidsvoll;http://publications.europa.eu/resource/authority/country/NOR;Norway;;
https://data.banenor.no/data/_line_section_2fa506dd-fa1d-4892-98c4-1fe9e373023c;https://data.banenor.no/data/_station_70ba7885-b11e-4eec-99cd-c1d176ff265e;Langset;B02-Dovrebanen;7.306;https://data.banenor.no/data/_station_c404df2a-72ea-441b-bb84-069afd73b45b;Eidsvoll;http://publications.europa.eu/resource/authority/country/NOR;Norway;;
https://data.banenor.no/data/_line_section_2fdc8657-8e14-49f3-901f-57637e366add;https://data.banenor.no/data/_station_4c0799fa-3efd-46a8-a873-2cf4b2e1a517;Hamar;B04-Rørosbanen;15.966;https://data.banenor.no/data/_station_8048000b-648c-4115-a0c6-8952c67b312d;Løten;http://publications.europa.eu/resource/authority/country/NOR;Norway;;
https://data.banenor.no/data/_line_section_2fdc8657-8e14-49f3-901f-57637e366add;https://data.banenor.no/data/_station_4c0799fa-3efd-46a8-a873-2cf4b2e1a517;Hamar;B04-Rørosbanen;15.966;https://data.banenor.no/data/_station_8048000b-648c-4115-a0c6-8952c67b312d;Løten;http://publications.europa.eu/resource/authority/country/NOR;Norway;;
https://data.banenor.no/data/_line_section_302f2c55-66c4-482b-aa15-a8793b449d9d;https://data.banenor.no/data/_station_3a81e26c-e7d4-4a5e-ba22-74048ed81f9e;Jaren;B06-Gjøvikbanen;27.534299999999998;https://data.banenor.no/data/_station_feebd8e2-0e6a-4b63-808a-8a5729678fb8;Eina;http://publications.europa.eu/resource/authority/country/NOR;Norway;;
https://data.banenor.no/data/_line_section_302f2c55-66c4-482b-aa15-a8793b449d9d;https://data.banenor.no/data/_station_3a81e26c-e7d4-4a5e-ba22-74048ed81f9e;Jaren;B06-Gjøvikbanen;27.534299999999998;https://data.banenor.no/data/_station_feebd8e2-0e6a-4b63-808a-8a5729678fb8;Eina;http://publications.europa.eu/resource/authority/country/NOR;Norway;;
https://data.banenor.no/data/_line_section_30c9d7df-b345-4d69-a780-5dd4595b15a6;https://data.banenor.no/data/_station_725793e4-2d8e-4b06-826f-a871ecdb557e;Rudshøgda;B02-Dovrebanen;5.9292;https://data.banenor.no/data/_station_c8faa74b-636a-4a7e-b08a-35637efc6a3e;Brumunddal;http://publications.europa.eu/resource/authority/country/NOR;Norway;;
https://data.banenor.no/data/_line_section_30c9d7df-b345-4d69-a780-5dd4595b15a6;https://data.banenor.no/data/_station_725793e4-2d8e-4b06-826f-a871ecdb557e;Rudshøgda;B02-Dovrebanen;5.9292;https://data.banenor.no/data/_station_c8faa74b-636a-4a7e-b08a-35637efc6a3e;Brumunddal;http://publications.europa.eu/resource/authority/country/NOR;Norway;;
https://data.banenor.no/data/_line_section_315f6d29-b14e-4758-aa32-90f9c47a48fc;https://data.banenor.no/data/_station_2440efa3-4399-4479-8f3d-c05a697f61d3;Bergen;B07-Bergensbanen;4.304;https://data.banenor.no/data/_station_5a24f158-1fd1-4c53-a7f7-a6498bcc74fb;Arna;http://publications.europa.eu/resource/authority/country/NOR;Norway;;
https://data.banenor.no/data/_line_section_315f6d29-b14e-4758-aa32-90f9c47a48fc;https://data.banenor.no/data/_station_2440efa3-4399-4479-8f3d-c05a697f61d3;Bergen;B07-Bergensbanen;4.304;https://data.banenor.no/data/_station_5a24f158-1fd1-4c53-a7f7-a6498bcc74fb;Arna;http://publications.europa.eu/resource/authority/country/NOR;Norway;;
https://data.banenor.no/data/_line_section_32d93e43-4b69-45fe-889f-d844674ade8a;https://data.banenor.no/data/_station_228d238b-5239-4cf2-a280-190973c9632c;Kvam;B02-Dovrebanen;7.794;https://data.banenor.no/data/_station_8ae62a41-da0f-4c2e-94a5-9a866fb732f7;Sjoa;http://publications.europa.eu/resource/authority/country/NOR;Norway;;
https://data.banenor.no/data/_line_section_32d93e43-4b69-45fe-889f-d844674ade8a;https://data.banenor.no/data/_station_228d238b-5239-4cf2-a280-190973c9632c;Kvam;B02-Dovrebanen;7.794;https://data.banenor.no/data/_station_8ae62a41-da0f-4c2e-94a5-9a866fb732f7;Sjoa;http://publications.europa.eu/resource/authority/country/NOR;Norway;;
https://data.banenor.no/data/_line_section_32eb38e0-0159-4d1a-ab2d-187780fb464d;https://data.banenor.no/data/_station_58cd60fe-6784-4f5d-8739-93e3cac62824;Leangen;B05-Nordlandsbanen;2.065;https://data.banenor.no/data/_station_fa697d6e-c573-4142-bb16-43522100b664;Trondheim S;http://publications.europa.eu/resource/authority/country/NOR;Norway;;
https://data.banenor.no/data/_line_section_32eb38e0-0159-4d1a-ab2d-187780fb464d;https://data.banenor.no/data/_station_58cd60fe-6784-4f5d-8739-93e3cac62824;Leangen;B05-Nordlandsbanen;2.065;https://data.banenor.no/data/_station_fa697d6e-c573-4142-bb16-43522100b664;Trondheim S;http://publications.europa.eu/resource/authority/country/NOR;Norway;;
https://data.banenor.no/data/_line_section_33189c9b-978b-456b-ad69-13d68f0f1c59;https://data.banenor.no/data/_station_df0ed606-0e4f-4c83-b603-1ce04c01a3da;Mjøndalen;B08-Sørlandsbanen;2.577;https://data.banenor.no/data/_station_fba80449-9e26-4407-999b-11c885230903;Daler;http://publications.europa.eu/resource/authority/country/NOR;Norway;;
https://data.banenor.no/data/_line_section_33189c9b-978b-456b-ad69-13d68f0f1c59;https://data.banenor.no/data/_station_df0ed606-0e4f-4c83-b603-1ce04c01a3da;Mjøndalen;B08-Sørlandsbanen;2.577;https://data.banenor.no/data/_station_fba80449-9e26-4407-999b-11c885230903;Daler;http://publications.europa.eu/resource/authority/country/NOR;Norway;;
https://data.banenor.no/data/_line_section_332513be-3a6a-460f-bc11-23983f975151;https://data.banenor.no/data/_station_5102ea38-f944-45a7-afad-8c810cc58bef;Gyland;B08-Sørlandsbanen;6.114;https://data.banenor.no/data/_station_69ab4a18-3269-4da3-92c0-80c5a0685ae7;Bjørkevoll;http://publications.europa.eu/resource/authority/country/NOR;Norway;;
https://data.banenor.no/data/_line_section_332513be-3a6a-460f-bc11-23983f975151;https://data.banenor.no/data/_station_5102ea38-f944-45a7-afad-8c810cc58bef;Gyland;B08-Sørlandsbanen;6.114;https://data.banenor.no/data/_station_69ab4a18-3269-4da3-92c0-80c5a0685ae7;Bjørkevoll;http://publications.europa.eu/resource/authority/country/NOR;Norway;;
https://data.banenor.no/data/_line_section_3347465f-a30c-4525-a83a-6bfc297e5f83;https://data.banenor.no/data/_station_32413e25-5854-421e-8267-1d3a2d9f9d98;Brennhaug;B02-Dovrebanen;7.435;https://data.banenor.no/data/_station_9e4daa81-4d5d-475a-adef-2ec23631ca8d;Dovre;http://publications.europa.eu/resource/authority/country/NOR;Norway;;
https://data.banenor.no/data/_line_section_3347465f-a30c-4525-a83a-6bfc297e5f83;https://data.banenor.no/data/_station_32413e25-5854-421e-8267-1d3a2d9f9d98;Brennhaug;B02-Dovrebanen;7.435;https://data.banenor.no/data/_station_9e4daa81-4d5d-475a-adef-2ec23631ca8d;Dovre;http://publications.europa.eu/resource/authority/country/NOR;Norway;;
https://data.banenor.no/data/_line_section_35dc34a1-934f-4a4b-a6e4-f7488c16872b;https://data.banenor.no/data/_station_2833c714-8e82-42a7-9275-1af7f9182cb7;Moi;B08-Sørlandsbanen;12.548;https://data.banenor.no/data/_station_8f0878de-8dc2-4a5b-9301-8df6e915a4da;Heskestad;http://publications.europa.eu/resource/authority/country/NOR;Norway;;
https://data.banenor.no/data/_line_section_35dc34a1-934f-4a4b-a6e4-f7488c16872b;https://data.banenor.no/data/_station_2833c714-8e82-42a7-9275-1af7f9182cb7;Moi;B08-Sørlandsbanen;12.548;https://data.banenor.no/data/_station_8f0878de-8dc2-4a5b-9301-8df6e915a4da;Heskestad;http://publications.europa.eu/resource/authority/country/NOR;Norway;;
https://data.banenor.no/data/_line_section_370430bf-fcb0-43f7-bf3c-72aecb044c2e;https://data.banenor.no/data/_station_12686e30-3792-4dc4-9ed2-53003c1dd672;Mære;B05-Nordlandsbanen;9.27;https://data.banenor.no/data/_station_52332466-9c78-4c88-b844-d1e7a7f0d324;Steinkjer;http://publications.europa.eu/resource/authority/country/NOR;Norway;;
https://data.banenor.no/data/_line_section_370430bf-fcb0-43f7-bf3c-72aecb044c2e;https://data.banenor.no/data/_station_12686e30-3792-4dc4-9ed2-53003c1dd672;Mære;B05-Nordlandsbanen;9.27;https://data.banenor.no/data/_station_52332466-9c78-4c88-b844-d1e7a7f0d324;Steinkjer;http://publications.europa.eu/resource/authority/country/NOR;Norway;;
https://data.banenor.no/data/_line_section_38a104c1-3008-40ae-ae38-f8d9b20ffa6c;https://data.banenor.no/data/_station_11d551f8-a546-4eec-a6f3-bca56c3df5eb;Sarpsborg;B10-Østfoldbanen Østre;3.9642;https://data.banenor.no/data/_station_7e383f1e-a134-4b94-8a5a-c86a02b38cc6;Ise;http://publications.europa.eu/resource/authority/country/NOR;Norway;;
https://data.banenor.no/data/_line_section_38a104c1-3008-40ae-ae38-f8d9b20ffa6c;https://data.banenor.no/data/_station_11d551f8-a546-4eec-a6f3-bca56c3df5eb;Sarpsborg;B10-Østfoldbanen Østre;3.9642;https://data.banenor.no/data/_station_7e383f1e-a134-4b94-8a5a-c86a02b38cc6;Ise;http://publications.europa.eu/resource/authority/country/NOR;Norway;;
https://data.banenor.no/data/_line_section_38c69463-8c15-4502-a69b-23876489e46a;https://data.banenor.no/data/_station_0dd03fbe-6db3-42d8-98d1-c2ea9eba3817;Ler;B02-Dovrebanen;6.392;https://data.banenor.no/data/_station_67d0bbb0-2adc-4e1b-acfc-2276c669874e;Søberg;http://publications.europa.eu/resource/authority/country/NOR;Norway;;
https://data.banenor.no/data/_line_section_38c69463-8c15-4502-a69b-23876489e46a;https://data.banenor.no/data/_station_0dd03fbe-6db3-42d8-98d1-c2ea9eba3817;Ler;B02-Dovrebanen;6.392;https://data.banenor.no/data/_station_67d0bbb0-2adc-4e1b-acfc-2276c669874e;Søberg;http://publications.europa.eu/resource/authority/country/NOR;Norway;;
https://data.banenor.no/data/_line_section_390a8f23-ecde-44f4-a168-2eb13ea1a760;https://data.banenor.no/data/_station_36942f56-6fe8-439a-84d6-64552f9a0962;Svenningdal;B05-Nordlandsbanen;10.5401;https://data.banenor.no/data/_station_6429a744-1cac-407e-aca3-84f5393d80a2;Trofors;http://publications.europa.eu/resource/authority/country/NOR;Norway;;
https://data.banenor.no/data/_line_section_390a8f23-ecde-44f4-a168-2eb13ea1a760;https://data.banenor.no/data/_station_36942f56-6fe8-439a-84d6-64552f9a0962;Svenningdal;B05-Nordlandsbanen;10.5401;https://data.banenor.no/data/_station_6429a744-1cac-407e-aca3-84f5393d80a2;Trofors;http://publications.europa.eu/resource/authority/country/NOR;Norway;;
https://data.banenor.no/data/_line_section_3963d55d-c9d8-45a5-9950-613102537541;https://data.banenor.no/data/_station_1bbfc0be-202e-4de2-a59f-50521a81ecc8;Voss;B07-Bergensbanen;12.575;https://data.banenor.no/data/_station_4d01d6c6-3bc6-43d0-84d4-9e9ca8be2a16;Urdland;http://publications.europa.eu/resource/authority/country/NOR;Norway;;
https://data.banenor.no/data/_line_section_3963d55d-c9d8-45a5-9950-613102537541;https://data.banenor.no/data/_station_1bbfc0be-202e-4de2-a59f-50521a81ecc8;Voss;B07-Bergensbanen;12.575;https://data.banenor.no/data/_station_4d01d6c6-3bc6-43d0-84d4-9e9ca8be2a16;Urdland;http://publications.europa.eu/resource/authority/country/NOR;Norway;;
https://data.banenor.no/data/_line_section_3a827354-1104-4de4-bc9d-936c33b71310;https://data.banenor.no/data/_station_74b4904d-fb0f-4bf8-a49c-7e9f4b1788da;Lønsdal;B05-Nordlandsbanen;44.405;https://data.banenor.no/data/_station_ccaf629b-91ce-4c87-9b23-a704d0722cb4;Rognan;http://publications.europa.eu/resource/authority/country/NOR;Norway;;
https://data.banenor.no/data/_line_section_3a827354-1104-4de4-bc9d-936c33b71310;https://data.banenor.no/data/_station_74b4904d-fb0f-4bf8-a49c-7e9f4b1788da;Lønsdal;B05-Nordlandsbanen;44.405;https://data.banenor.no/data/_station_ccaf629b-91ce-4c87-9b23-a704d0722cb4;Rognan;http://publications.europa.eu/resource/authority/country/NOR;Norway;;
https://data.banenor.no/data/_line_section_3ba92bef-0058-4384-96af-2f55eb7ad612;https://data.banenor.no/data/_station_55bc3e27-9b71-4b98-a03c-9e8e183af15f;Helldalsmo;B08-Sørlandsbanen;6.269;https://data.banenor.no/data/_station_adc7bc0e-78f8-4031-ad14-2bd59d1eeb80;Nelaug;http://publications.europa.eu/resource/authority/country/NOR;Norway;;
https://data.banenor.no/data/_line_section_3ba92bef-0058-4384-96af-2f55eb7ad612;https://data.banenor.no/data/_station_55bc3e27-9b71-4b98-a03c-9e8e183af15f;Helldalsmo;B08-Sørlandsbanen;6.269;https://data.banenor.no/data/_station_adc7bc0e-78f8-4031-ad14-2bd59d1eeb80;Nelaug;http://publications.europa.eu/resource/authority/country/NOR;Norway;;
https://data.banenor.no/data/_line_section_3bbbe125-e58a-46f8-aa9d-53e270ca7a09;https://data.banenor.no/data/_station_1c1f7295-dba0-4801-8273-6eb68141df99;Vigrestad;B08-Sørlandsbanen;5.035;https://data.banenor.no/data/_station_a2c83140-c9e0-469f-8eda-10bc6a376518;Varhaug;http://publications.europa.eu/resource/authority/country/NOR;Norway;;
https://data.banenor.no/data/_line_section_3bbbe125-e58a-46f8-aa9d-53e270ca7a09;https://data.banenor.no/data/_station_1c1f7295-dba0-4801-8273-6eb68141df99;Vigrestad;B08-Sørlandsbanen;5.035;https://data.banenor.no/data/_station_a2c83140-c9e0-469f-8eda-10bc6a376518;Varhaug;http://publications.europa.eu/resource/authority/country/NOR;Norway;;
https://data.banenor.no/data/_line_section_3d0b6d25-c1bc-4349-b609-c38c2df0718f;https://data.banenor.no/data/_station_99f7c9b6-b4e8-4c7d-a71e-2191e448dd15;Katterat;B21-Ofotbanen;8.64;https://data.banenor.no/data/_station_9dfc1756-9a74-43cd-a6d3-aa9201f16f12;Bjørnfjell;http://publications.europa.eu/resource/authority/country/NOR;Norway;;
https://data.banenor.no/data/_line_section_3d0b6d25-c1bc-4349-b609-c38c2df0718f;https://data.banenor.no/data/_station_99f7c9b6-b4e8-4c7d-a71e-2191e448dd15;Katterat;B21-Ofotbanen;8.64;https://data.banenor.no/data/_station_9dfc1756-9a74-43cd-a6d3-aa9201f16f12;Bjørnfjell;http://publications.europa.eu/resource/authority/country/NOR;Norway;;
https://data.banenor.no/data/_line_section_3d4201e6-3441-4420-adac-3d8021ed0900;https://data.banenor.no/data/_station_64249206-0d76-4537-a77a-1398a02f6e45;Bolstadøyri;B07-Bergensbanen;9.297;https://data.banenor.no/data/_station_fc97068f-672a-48a1-bbf6-ae26c1ab359b;Dale;http://publications.europa.eu/resource/authority/country/NOR;Norway;;
https://data.banenor.no/data/_line_section_3d4201e6-3441-4420-adac-3d8021ed0900;https://data.banenor.no/data/_station_64249206-0d76-4537-a77a-1398a02f6e45;Bolstadøyri;B07-Bergensbanen;9.297;https://data.banenor.no/data/_station_fc97068f-672a-48a1-bbf6-ae26c1ab359b;Dale;http://publications.europa.eu/resource/authority/country/NOR;Norway;;
https://data.banenor.no/data/_line_section_3e4609c3-e7f5-40e4-8e39-2c9564568437;https://data.banenor.no/data/_station_52a8ab14-9659-4977-acd5-e11e667c96dd;Geithus;B12-Randsfjordbanen;3.147;https://data.banenor.no/data/_station_5506e4dd-6efd-4a8c-b79b-79e5b4878c3c;Vikersund;http://publications.europa.eu/resource/authority/country/NOR;Norway;;
https://data.banenor.no/data/_line_section_3e4609c3-e7f5-40e4-8e39-2c9564568437;https://data.banenor.no/data/_station_52a8ab14-9659-4977-acd5-e11e667c96dd;Geithus;B12-Randsfjordbanen;3.147;https://data.banenor.no/data/_station_5506e4dd-6efd-4a8c-b79b-79e5b4878c3c;Vikersund;http://publications.europa.eu/resource/authority/country/NOR;Norway;;
https://data.banenor.no/data/_line_section_3f8a35a2-a0ac-45ed-b364-ef7bad87e4a7;https://data.banenor.no/data/_station_54301360-6531-4821-9e73-55104917fd5e;Hove;B02-Dovrebanen;1.8012000000000001;https://data.banenor.no/data/_station_b144e043-0914-4ff4-9183-c3f676be8601;Lillehammer;http://publications.europa.eu/resource/authority/country/NOR;Norway;;
https://data.banenor.no/data/_line_section_3f8a35a2-a0ac-45ed-b364-ef7bad87e4a7;https://data.banenor.no/data/_station_54301360-6531-4821-9e73-55104917fd5e;Hove;B02-Dovrebanen;1.8012000000000001;https://data.banenor.no/data/_station_b144e043-0914-4ff4-9183-c3f676be8601;Lillehammer;http://publications.europa.eu/resource/authority/country/NOR;Norway;;
https://data.banenor.no/data/_line_section_403b077c-ed63-41bc-965c-74272e992103;https://data.banenor.no/data/_station_4d99bda3-fcdd-471b-9e7c-0e742d8b0a3d;Hølen;B01-Østfoldbanen Vestre;3.542;https://data.banenor.no/data/_station_e1097af3-f219-4922-a144-cb4e4784db3a;Vestby;http://publications.europa.eu/resource/authority/country/NOR;Norway;;
https://data.banenor.no/data/_line_section_403b077c-ed63-41bc-965c-74272e992103;https://data.banenor.no/data/_station_4d99bda3-fcdd-471b-9e7c-0e742d8b0a3d;Hølen;B01-Østfoldbanen Vestre;3.542;https://data.banenor.no/data/_station_e1097af3-f219-4922-a144-cb4e4784db3a;Vestby;http://publications.europa.eu/resource/authority/country/NOR;Norway;;
https://data.banenor.no/data/_line_section_40585820-e1ad-4001-b7e5-a2c7bf42ee34;https://data.banenor.no/data/_station_ae48ead8-8b04-4b71-9aed-0c528c54c169;Neslandsvatn;B08-Sørlandsbanen;14.018;https://data.banenor.no/data/_station_c8ace5c0-ff84-4921-ab78-215275933cb6;Drangedal;http://publications.europa.eu/resource/authority/country/NOR;Norway;;
https://data.banenor.no/data/_line_section_40585820-e1ad-4001-b7e5-a2c7bf42ee34;https://data.banenor.no/data/_station_ae48ead8-8b04-4b71-9aed-0c528c54c169;Neslandsvatn;B08-Sørlandsbanen;14.018;https://data.banenor.no/data/_station_c8ace5c0-ff84-4921-ab78-215275933cb6;Drangedal;http://publications.europa.eu/resource/authority/country/NOR;Norway;;
https://data.banenor.no/data/_line_section_4213879f-a1d4-48f0-9ccf-6aecd1eb00d7;https://data.banenor.no/data/_station_422fbe9d-cc35-4fcb-a5c8-727e60762042;Flåm;B22-Flåmsbana;8.936;https://data.banenor.no/data/_station_74b2b301-f2ca-49a1-a6a9-d90fc6a0149a;Berekvam;http://publications.europa.eu/resource/authority/country/NOR;Norway;;
https://data.banenor.no/data/_line_section_4213879f-a1d4-48f0-9ccf-6aecd1eb00d7;https://data.banenor.no/data/_station_422fbe9d-cc35-4fcb-a5c8-727e60762042;Flåm;B22-Flåmsbana;8.936;https://data.banenor.no/data/_station_74b2b301-f2ca-49a1-a6a9-d90fc6a0149a;Berekvam;http://publications.europa.eu/resource/authority/country/NOR;Norway;;
https://data.banenor.no/data/_line_section_42187f62-8809-4fb7-ae8a-966d0692e7ac;https://data.banenor.no/data/_station_132f6a9f-1061-4542-8894-467dff8cc559;Roven;B03-Kongsvingerbanen;2.432;https://data.banenor.no/data/_station_17a04e8f-94ab-434c-99a5-932a91ea1a5d;Fetsund;http://publications.europa.eu/resource/authority/country/NOR;Norway;;
https://data.banenor.no/data/_line_section_42187f62-8809-4fb7-ae8a-966d0692e7ac;https://data.banenor.no/data/_station_132f6a9f-1061-4542-8894-467dff8cc559;Roven;B03-Kongsvingerbanen;2.432;https://data.banenor.no/data/_station_17a04e8f-94ab-434c-99a5-932a91ea1a5d;Fetsund;http://publications.europa.eu/resource/authority/country/NOR;Norway;;
https://data.banenor.no/data/_line_section_427d46a2-6453-42ec-b2d5-b239af20632f;https://data.banenor.no/data/_station_c0576848-8f76-4489-aa6e-ae95b98c1a1c;Oslo S;B40-Follobanen;19.419;https://data.banenor.no/data/_station_cc0be4c4-e83d-43b5-8ecc-797ba2ff68f8;Ski;http://publications.europa.eu/resource/authority/country/NOR;Norway;;
https://data.banenor.no/data/_line_section_427d46a2-6453-42ec-b2d5-b239af20632f;https://data.banenor.no/data/_station_c0576848-8f76-4489-aa6e-ae95b98c1a1c;Oslo S;B40-Follobanen;19.419;https://data.banenor.no/data/_station_cc0be4c4-e83d-43b5-8ecc-797ba2ff68f8;Ski;http://publications.europa.eu/resource/authority/country/NOR;Norway;;
https://data.banenor.no/data/_line_section_42bad0a5-cf0b-4a7b-a411-95c7febb32a5;https://data.banenor.no/data/_station_61bf4e7f-9dd6-431d-a612-81b68c08d65c;Arendal;B17-Arendalsbanen;34.114;https://data.banenor.no/data/_station_adc7bc0e-78f8-4031-ad14-2bd59d1eeb80;Nelaug;http://publications.europa.eu/resource/authority/country/NOR;Norway;;
https://data.banenor.no/data/_line_section_42bad0a5-cf0b-4a7b-a411-95c7febb32a5;https://data.banenor.no/data/_station_61bf4e7f-9dd6-431d-a612-81b68c08d65c;Arendal;B17-Arendalsbanen;34.114;https://data.banenor.no/data/_station_adc7bc0e-78f8-4031-ad14-2bd59d1eeb80;Nelaug;http://publications.europa.eu/resource/authority/country/NOR;Norway;;
https://data.banenor.no/data/_line_section_4357700f-b0ae-4a20-b619-6271adafe76d;https://data.banenor.no/data/_station_2074f94c-446b-4bf2-876f-517f7028eeeb;Mosjøen;B05-Nordlandsbanen;15.507;https://data.banenor.no/data/_station_c0df7693-3448-4ec6-9311-b44cff0f8a43;Eiterstraum;http://publications.europa.eu/resource/authority/country/NOR;Norway;;
https://data.banenor.no/data/_line_section_4357700f-b0ae-4a20-b619-6271adafe76d;https://data.banenor.no/data/_station_2074f94c-446b-4bf2-876f-517f7028eeeb;Mosjøen;B05-Nordlandsbanen;15.507;https://data.banenor.no/data/_station_c0df7693-3448-4ec6-9311-b44cff0f8a43;Eiterstraum;http://publications.europa.eu/resource/authority/country/NOR;Norway;;
https://data.banenor.no/data/_line_section_4389ef62-e359-481a-b24d-b9eeb85d65d2;https://data.banenor.no/data/_station_058048be-f533-4ed9-95ba-f78af333347c;Otta;B02-Dovrebanen;7.723;https://data.banenor.no/data/_station_141d2454-02ba-40f6-821b-e63972f741d3;Sel;http://publications.europa.eu/resource/authority/country/NOR;Norway;;
https://data.banenor.no/data/_line_section_4389ef62-e359-481a-b24d-b9eeb85d65d2;https://data.banenor.no/data/_station_058048be-f533-4ed9-95ba-f78af333347c;Otta;B02-Dovrebanen;7.723;https://data.banenor.no/data/_station_141d2454-02ba-40f6-821b-e63972f741d3;Sel;http://publications.europa.eu/resource/authority/country/NOR;Norway;;
https://data.banenor.no/data/_line_section_43e29c6d-5a85-4b46-86d7-bd0db1c7a75f;https://data.banenor.no/data/_station_d9303dbf-09bb-4f5f-90b4-422aa04c7e58;Langemyr;B08-Sørlandsbanen;0.417;https://data.banenor.no/data/_station_fdfd68fe-5933-4d58-8656-a1723a451de7;Dalane;http://publications.europa.eu/resource/authority/country/NOR;Norway;;
https://data.banenor.no/data/_line_section_43e29c6d-5a85-4b46-86d7-bd0db1c7a75f;https://data.banenor.no/data/_station_d9303dbf-09bb-4f5f-90b4-422aa04c7e58;Langemyr;B08-Sørlandsbanen;0.417;https://data.banenor.no/data/_station_fdfd68fe-5933-4d58-8656-a1723a451de7;Dalane;http://publications.europa.eu/resource/authority/country/NOR;Norway;;
https://data.banenor.no/data/_line_section_43ef580d-b5fe-4b05-8d01-b1633192bdf5;https://data.banenor.no/data/_station_1f59e9cb-7780-4205-85d4-9b08667a9999;Mjølfjell;B07-Bergensbanen;7.037;https://data.banenor.no/data/_station_209d72df-6311-4678-a10b-2369101883f2;Reimegrend;http://publications.europa.eu/resource/authority/country/NOR;Norway;;
https://data.banenor.no/data/_line_section_43ef580d-b5fe-4b05-8d01-b1633192bdf5;https://data.banenor.no/data/_station_1f59e9cb-7780-4205-85d4-9b08667a9999;Mjølfjell;B07-Bergensbanen;7.037;https://data.banenor.no/data/_station_209d72df-6311-4678-a10b-2369101883f2;Reimegrend;http://publications.europa.eu/resource/authority/country/NOR;Norway;;
https://data.banenor.no/data/_line_section_472de0ae-d6b0-4487-ad0a-025b21fed235;https://data.banenor.no/data/_station_725793e4-2d8e-4b06-826f-a871ecdb557e;Rudshøgda;B02-Dovrebanen;5.2622;https://data.banenor.no/data/_station_cdc65e7c-0fcd-4b5c-b84d-5bb54174e9c9;Moelv;http://publications.europa.eu/resource/authority/country/NOR;Norway;;
https://data.banenor.no/data/_line_section_472de0ae-d6b0-4487-ad0a-025b21fed235;https://data.banenor.no/data/_station_725793e4-2d8e-4b06-826f-a871ecdb557e;Rudshøgda;B02-Dovrebanen;5.2622;https://data.banenor.no/data/_station_cdc65e7c-0fcd-4b5c-b84d-5bb54174e9c9;Moelv;http://publications.europa.eu/resource/authority/country/NOR;Norway;;
https://data.banenor.no/data/_line_section_476bb5e6-e7f3-4a7b-8ca8-8dee430bc6b9;https://data.banenor.no/data/_station_2c9bd675-d8e4-46ba-a1a2-24da941df101;Movatn;B06-Gjøvikbanen;2.457;https://data.banenor.no/data/_station_bdbf2101-d6df-46c5-a017-a40b8644bad1;Sandermosen;http://publications.europa.eu/resource/authority/country/NOR;Norway;;
https://data.banenor.no/data/_line_section_476bb5e6-e7f3-4a7b-8ca8-8dee430bc6b9;https://data.banenor.no/data/_station_2c9bd675-d8e4-46ba-a1a2-24da941df101;Movatn;B06-Gjøvikbanen;2.457;https://data.banenor.no/data/_station_bdbf2101-d6df-46c5-a017-a40b8644bad1;Sandermosen;http://publications.europa.eu/resource/authority/country/NOR;Norway;;
https://data.banenor.no/data/_line_section_4993c2f8-07a3-46bd-859c-00991df0a75c;https://data.banenor.no/data/_station_16095b7b-b009-4312-a3fd-4941366d26f7;Stanghelle;B07-Bergensbanen;5.649;https://data.banenor.no/data/_station_fc97068f-672a-48a1-bbf6-ae26c1ab359b;Dale;http://publications.europa.eu/resource/authority/country/NOR;Norway;;
https://data.banenor.no/data/_line_section_4993c2f8-07a3-46bd-859c-00991df0a75c;https://data.banenor.no/data/_station_16095b7b-b009-4312-a3fd-4941366d26f7;Stanghelle;B07-Bergensbanen;5.649;https://data.banenor.no/data/_station_fc97068f-672a-48a1-bbf6-ae26c1ab359b;Dale;http://publications.europa.eu/resource/authority/country/NOR;Norway;;
https://data.banenor.no/data/_line_section_4a502fdb-2255-4670-94d9-b064208eba32;https://data.banenor.no/data/_station_be733ad2-97a9-4d2f-ae86-e0eab89e56e1;Ulsberg;B02-Dovrebanen;11.816;https://data.banenor.no/data/_station_c06a5ae6-81de-4094-bc1e-239715476bd4;Fagerhaug;http://publications.europa.eu/resource/authority/country/NOR;Norway;;
https://data.banenor.no/data/_line_section_4a502fdb-2255-4670-94d9-b064208eba32;https://data.banenor.no/data/_station_be733ad2-97a9-4d2f-ae86-e0eab89e56e1;Ulsberg;B02-Dovrebanen;11.816;https://data.banenor.no/data/_station_c06a5ae6-81de-4094-bc1e-239715476bd4;Fagerhaug;http://publications.europa.eu/resource/authority/country/NOR;Norway;;
https://data.banenor.no/data/_line_section_4ba82b9d-84f0-4672-bf8f-ea299395b4cc;https://data.banenor.no/data/_station_5c3f860c-a9cf-4a87-a3f6-d58f26956f0c;Råde;B01-Østfoldbanen Vestre;7.860399999999999;https://data.banenor.no/data/_station_edeb191b-a0b4-4352-a232-04d4937c4de6;Onsøy;http://publications.europa.eu/resource/authority/country/NOR;Norway;;
https://data.banenor.no/data/_line_section_4ba82b9d-84f0-4672-bf8f-ea299395b4cc;https://data.banenor.no/data/_station_5c3f860c-a9cf-4a87-a3f6-d58f26956f0c;Råde;B01-Østfoldbanen Vestre;7.860399999999999;https://data.banenor.no/data/_station_edeb191b-a0b4-4352-a232-04d4937c4de6;Onsøy;http://publications.europa.eu/resource/authority/country/NOR;Norway;;
https://data.banenor.no/data/_line_section_4c89ebac-738a-4c64-8f6d-4064a6886921;https://data.banenor.no/data/_station_0918ad21-fcfe-4d9b-a134-d3f6b0742781;Djupvik;B21-Ofotbanen;2.907;https://data.banenor.no/data/_station_82ad115b-e4e9-4514-9a71-877f0982736e;Straumsnes;http://publications.europa.eu/resource/authority/country/NOR;Norway;;
https://data.banenor.no/data/_line_section_4c89ebac-738a-4c64-8f6d-4064a6886921;https://data.banenor.no/data/_station_0918ad21-fcfe-4d9b-a134-d3f6b0742781;Djupvik;B21-Ofotbanen;2.907;https://data.banenor.no/data/_station_82ad115b-e4e9-4514-9a71-877f0982736e;Straumsnes;http://publications.europa.eu/resource/authority/country/NOR;Norway;;
https://data.banenor.no/data/_line_section_4ca7f93b-f75c-4006-9950-82cb9c1d46fe;https://data.banenor.no/data/_station_f20b09e7-ba97-4f19-bd2a-b5effe28102c;Flå;B07-Bergensbanen;8.29;https://data.banenor.no/data/_station_f87ff092-0171-413e-977f-021e68f108d6;Gulsvik;http://publications.europa.eu/resource/authority/country/NOR;Norway;;
https://data.banenor.no/data/_line_section_4ca7f93b-f75c-4006-9950-82cb9c1d46fe;https://data.banenor.no/data/_station_f20b09e7-ba97-4f19-bd2a-b5effe28102c;Flå;B07-Bergensbanen;8.29;https://data.banenor.no/data/_station_f87ff092-0171-413e-977f-021e68f108d6;Gulsvik;http://publications.europa.eu/resource/authority/country/NOR;Norway;;
https://data.banenor.no/data/_line_section_4d084cf2-fa5b-45a7-899c-ad6ba040958e;https://data.banenor.no/data/_station_0d533e66-3e48-4473-bf74-ae91b9e428c1;Martineåsen;B09-Vestfoldbanen;1.86;https://data.banenor.no/data/_station_bc0a8d17-d81a-453a-bec9-6c7d46d68bc3;Hobekk;http://publications.europa.eu/resource/authority/country/NOR;Norway;;
https://data.banenor.no/data/_line_section_4d084cf2-fa5b-45a7-899c-ad6ba040958e;https://data.banenor.no/data/_station_0d533e66-3e48-4473-bf74-ae91b9e428c1;Martineåsen;B09-Vestfoldbanen;1.86;https://data.banenor.no/data/_station_bc0a8d17-d81a-453a-bec9-6c7d46d68bc3;Hobekk;http://publications.europa.eu/resource/authority/country/NOR;Norway;;
https://data.banenor.no/data/_line_section_4d6243ee-e8dd-438a-b85a-967468e9aa39;https://data.banenor.no/data/_station_1e1c27c6-e4a7-4c29-8ccd-8cbe2ec20bf6;Elverum;B04-Rørosbanen;15.734;https://data.banenor.no/data/_station_cf6655bc-535f-400d-b179-184d1a7632ca;Rudstad;http://publications.europa.eu/resource/authority/country/NOR;Norway;;
https://data.banenor.no/data/_line_section_4d6243ee-e8dd-438a-b85a-967468e9aa39;https://data.banenor.no/data/_station_1e1c27c6-e4a7-4c29-8ccd-8cbe2ec20bf6;Elverum;B04-Rørosbanen;15.734;https://data.banenor.no/data/_station_cf6655bc-535f-400d-b179-184d1a7632ca;Rudstad;http://publications.europa.eu/resource/authority/country/NOR;Norway;;
https://data.banenor.no/data/_line_section_4e1f7453-e181-4ad4-b1da-ed57430da811;https://data.banenor.no/data/_station_56c77448-509d-4787-9b39-b810e527bca2;Rolvsøy;B01-Østfoldbanen Vestre;1.6887999999999999;https://data.banenor.no/data/_station_a5bdb22a-a8f4-4262-88da-adede6b10897;Lisleby;http://publications.europa.eu/resource/authority/country/NOR;Norway;;
https://data.banenor.no/data/_line_section_4e1f7453-e181-4ad4-b1da-ed57430da811;https://data.banenor.no/data/_station_56c77448-509d-4787-9b39-b810e527bca2;Rolvsøy;B01-Østfoldbanen Vestre;1.6887999999999999;https://data.banenor.no/data/_station_a5bdb22a-a8f4-4262-88da-adede6b10897;Lisleby;http://publications.europa.eu/resource/authority/country/NOR;Norway;;
https://data.banenor.no/data/_line_section_4e4bd68a-f591-48b0-8292-d4eaf9d5a2f6;https://data.banenor.no/data/_station_4e1778b7-09b2-4dae-a285-1083cbbe7bb1;Selsbakk;B02-Dovrebanen;4.033;https://data.banenor.no/data/_station_612f36e1-5aaf-4924-a12d-65c0d54f3eab;Heimdal;http://publications.europa.eu/resource/authority/country/NOR;Norway;;
https://data.banenor.no/data/_line_section_4e4bd68a-f591-48b0-8292-d4eaf9d5a2f6;https://data.banenor.no/data/_station_4e1778b7-09b2-4dae-a285-1083cbbe7bb1;Selsbakk;B02-Dovrebanen;4.033;https://data.banenor.no/data/_station_612f36e1-5aaf-4924-a12d-65c0d54f3eab;Heimdal;http://publications.europa.eu/resource/authority/country/NOR;Norway;;
https://data.banenor.no/data/_line_section_4e8d4b2c-25b0-447e-97e9-06b1ef716f5b;https://data.banenor.no/data/_station_bc3b2c30-994f-48bb-b0bd-3e87125c5687;Drivstua;B02-Dovrebanen;12.3815;https://data.banenor.no/data/_station_da4e6b12-033b-486e-9cc3-7383dce8e54b;Kongsvoll;http://publications.europa.eu/resource/authority/country/NOR;Norway;;
https://data.banenor.no/data/_line_section_4e8d4b2c-25b0-447e-97e9-06b1ef716f5b;https://data.banenor.no/data/_station_bc3b2c30-994f-48bb-b0bd-3e87125c5687;Drivstua;B02-Dovrebanen;12.3815;https://data.banenor.no/data/_station_da4e6b12-033b-486e-9cc3-7383dce8e54b;Kongsvoll;http://publications.europa.eu/resource/authority/country/NOR;Norway;;
https://data.banenor.no/data/_line_section_4f717a28-fdb4-4c14-9c2b-db59b418aceb;https://data.banenor.no/data/_station_61dbfeef-267f-487d-abb8-9a0c6a888d4d;Flisa;B15-Solørbanen;15.525;https://data.banenor.no/data/_station_76780be2-6604-45e0-8a4b-e93ff026c91b;Kirkenær;http://publications.europa.eu/resource/authority/country/NOR;Norway;;
https://data.banenor.no/data/_line_section_4f717a28-fdb4-4c14-9c2b-db59b418aceb;https://data.banenor.no/data/_station_61dbfeef-267f-487d-abb8-9a0c6a888d4d;Flisa;B15-Solørbanen;15.525;https://data.banenor.no/data/_station_76780be2-6604-45e0-8a4b-e93ff026c91b;Kirkenær;http://publications.europa.eu/resource/authority/country/NOR;Norway;;
https://data.banenor.no/data/_line_section_4fca3a4c-27a2-48ab-a6c6-67db32424d2e;https://data.banenor.no/data/_station_e345b2c2-5b2e-47d7-b886-5dd4d8eb0e16;Saggrenda;B08-Sørlandsbanen;5.099;https://data.banenor.no/data/_station_f9249958-9362-45a8-9b06-c57e70e4985b;Kongsberg;http://publications.europa.eu/resource/authority/country/NOR;Norway;;
https://data.banenor.no/data/_line_section_4fca3a4c-27a2-48ab-a6c6-67db32424d2e;https://data.banenor.no/data/_station_e345b2c2-5b2e-47d7-b886-5dd4d8eb0e16;Saggrenda;B08-Sørlandsbanen;5.099;https://data.banenor.no/data/_station_f9249958-9362-45a8-9b06-c57e70e4985b;Kongsberg;http://publications.europa.eu/resource/authority/country/NOR;Norway;;
https://data.banenor.no/data/_line_section_4fd4fe71-9ab8-4a52-b78d-92a5fd906552;https://data.banenor.no/data/_station_3f3f78ee-4ea4-42e2-9dc3-dcf4c3a43e32;Kongsvinger;B03-Kongsvingerbanen;10.032200000000001;https://data.banenor.no/data/_station_73110381-5526-4661-9579-c2699b040968;Åbogen;http://publications.europa.eu/resource/authority/country/NOR;Norway;;
https://data.banenor.no/data/_line_section_4fd4fe71-9ab8-4a52-b78d-92a5fd906552;https://data.banenor.no/data/_station_3f3f78ee-4ea4-42e2-9dc3-dcf4c3a43e32;Kongsvinger;B03-Kongsvingerbanen;10.032200000000001;https://data.banenor.no/data/_station_73110381-5526-4661-9579-c2699b040968;Åbogen;http://publications.europa.eu/resource/authority/country/NOR;Norway;;
https://data.banenor.no/data/_line_section_4fe6aa6e-3bfb-4351-b509-3a9af05417a2;https://data.banenor.no/data/_station_47220e6c-4bfc-4fff-ba9a-b560de203d2d;Kristiansand;B08-Sørlandsbanen;2.081;https://data.banenor.no/data/_station_fdfd68fe-5933-4d58-8656-a1723a451de7;Dalane;http://publications.europa.eu/resource/authority/country/NOR;Norway;;
https://data.banenor.no/data/_line_section_4fe6aa6e-3bfb-4351-b509-3a9af05417a2;https://data.banenor.no/data/_station_47220e6c-4bfc-4fff-ba9a-b560de203d2d;Kristiansand;B08-Sørlandsbanen;2.081;https://data.banenor.no/data/_station_fdfd68fe-5933-4d58-8656-a1723a451de7;Dalane;http://publications.europa.eu/resource/authority/country/NOR;Norway;;
https://data.banenor.no/data/_line_section_500c8870-5167-469c-aed2-30223bb47ff0;https://data.banenor.no/data/_station_266cc735-78c6-442f-9ff8-33c153c609ee;Ualand;B08-Sørlandsbanen;11.913;https://data.banenor.no/data/_station_3a563cf8-89d2-4717-bef5-95636c1b5d1a;Helleland;http://publications.europa.eu/resource/authority/country/NOR;Norway;;
https://data.banenor.no/data/_line_section_500c8870-5167-469c-aed2-30223bb47ff0;https://data.banenor.no/data/_station_266cc735-78c6-442f-9ff8-33c153c609ee;Ualand;B08-Sørlandsbanen;11.913;https://data.banenor.no/data/_station_3a563cf8-89d2-4717-bef5-95636c1b5d1a;Helleland;http://publications.europa.eu/resource/authority/country/NOR;Norway;;
https://data.banenor.no/data/_line_section_50eb2ec8-cf8c-4e29-b60c-518430448751;https://data.banenor.no/data/_station_132f6a9f-1061-4542-8894-467dff8cc559;Roven;B03-Kongsvingerbanen;2.0850999999999997;https://data.banenor.no/data/_station_add16637-d289-4e0c-a2ea-7e280d363ec2;Sørumsand;http://publications.europa.eu/resource/authority/country/NOR;Norway;;
https://data.banenor.no/data/_line_section_50eb2ec8-cf8c-4e29-b60c-518430448751;https://data.banenor.no/data/_station_132f6a9f-1061-4542-8894-467dff8cc559;Roven;B03-Kongsvingerbanen;2.0850999999999997;https://data.banenor.no/data/_station_add16637-d289-4e0c-a2ea-7e280d363ec2;Sørumsand;http://publications.europa.eu/resource/authority/country/NOR;Norway;;
https://data.banenor.no/data/_line_section_517ce415-853b-4ae9-81bb-ff594791c4c8;https://data.banenor.no/data/_station_28a370cf-c99b-41ae-8f44-e94d99d3aa8c;Langeland;B19-Hovedbanen;0.6972999999999999;https://data.banenor.no/data/_station_862c65bc-5769-47dd-9c98-d48e27597eeb;Jessheim;http://publications.europa.eu/resource/authority/country/NOR;Norway;;
https://data.banenor.no/data/_line_section_517ce415-853b-4ae9-81bb-ff594791c4c8;https://data.banenor.no/data/_station_28a370cf-c99b-41ae-8f44-e94d99d3aa8c;Langeland;B19-Hovedbanen;0.6972999999999999;https://data.banenor.no/data/_station_862c65bc-5769-47dd-9c98-d48e27597eeb;Jessheim;http://publications.europa.eu/resource/authority/country/NOR;Norway;;
https://data.banenor.no/data/_line_section_51d45fd7-aaf1-4b7e-a833-dae79b0325ec;https://data.banenor.no/data/_station_17f52942-c7fb-4c0a-8bbc-2e56bd82b6ef;Lysaker;B20-Drammensbanen;0.158;https://data.banenor.no/data/_station_a9ee4955-5b7e-4f8b-8683-39a6bd37a91d;Skøyen;http://publications.europa.eu/resource/authority/country/NOR;Norway;;
https://data.banenor.no/data/_line_section_51d45fd7-aaf1-4b7e-a833-dae79b0325ec;https://data.banenor.no/data/_station_17f52942-c7fb-4c0a-8bbc-2e56bd82b6ef;Lysaker;B20-Drammensbanen;0.158;https://data.banenor.no/data/_station_a9ee4955-5b7e-4f8b-8683-39a6bd37a91d;Skøyen;http://publications.europa.eu/resource/authority/country/NOR;Norway;;
https://data.banenor.no/data/_line_section_522578e2-b7ce-4718-833b-183bbf789c64;https://data.banenor.no/data/_station_48f513ac-ac07-4cd1-9693-ccdb8b0d701a;Rygge;B01-Østfoldbanen Vestre;2.4731;https://data.banenor.no/data/_station_fd1006d7-24af-4ad2-bd80-c2b5fb1402b0;Haug;http://publications.europa.eu/resource/authority/country/NOR;Norway;;
https://data.banenor.no/data/_line_section_522578e2-b7ce-4718-833b-183bbf789c64;https://data.banenor.no/data/_station_48f513ac-ac07-4cd1-9693-ccdb8b0d701a;Rygge;B01-Østfoldbanen Vestre;2.4731;https://data.banenor.no/data/_station_fd1006d7-24af-4ad2-bd80-c2b5fb1402b0;Haug;http://publications.europa.eu/resource/authority/country/NOR;Norway;;
https://data.banenor.no/data/_line_section_5256fb07-6d56-4205-9908-6b6fdec90c1b;https://data.banenor.no/data/_station_3b3c9756-4a08-4273-96d6-bd34b57a5910;Fredrikstad;B01-Østfoldbanen Vestre;6.3465;https://data.banenor.no/data/_station_edeb191b-a0b4-4352-a232-04d4937c4de6;Onsøy;http://publications.europa.eu/resource/authority/country/NOR;Norway;;
https://data.banenor.no/data/_line_section_5256fb07-6d56-4205-9908-6b6fdec90c1b;https://data.banenor.no/data/_station_3b3c9756-4a08-4273-96d6-bd34b57a5910;Fredrikstad;B01-Østfoldbanen Vestre;6.3465;https://data.banenor.no/data/_station_edeb191b-a0b4-4352-a232-04d4937c4de6;Onsøy;http://publications.europa.eu/resource/authority/country/NOR;Norway;;
https://data.banenor.no/data/_line_section_5325cfbf-d155-4c74-b93d-827c354e37db;https://data.banenor.no/data/_station_0a6a0251-97ff-42d5-8e24-0410713c9d68;Høvik;B20-Drammensbanen;1.712;https://data.banenor.no/data/_station_5d5908ae-267b-4278-b785-8052ffc905f5;Sandvika;http://publications.europa.eu/resource/authority/country/NOR;Norway;;
https://data.banenor.no/data/_line_section_5325cfbf-d155-4c74-b93d-827c354e37db;https://data.banenor.no/data/_station_0a6a0251-97ff-42d5-8e24-0410713c9d68;Høvik;B20-Drammensbanen;1.712;https://data.banenor.no/data/_station_5d5908ae-267b-4278-b785-8052ffc905f5;Sandvika;http://publications.europa.eu/resource/authority/country/NOR;Norway;;
https://data.banenor.no/data/_line_section_555b4b11-a057-4187-b617-5068e180b113;https://data.banenor.no/data/_station_7d7cdd69-d70c-453c-923c-bbf1bf098005;Roa;B11-Roa-Hønefossbanen;6.733;https://data.banenor.no/data/_station_c836a316-b80b-4c52-8e63-f9e45f97b540;Grindvoll;http://publications.europa.eu/resource/authority/country/NOR;Norway;;
https://data.banenor.no/data/_line_section_555b4b11-a057-4187-b617-5068e180b113;https://data.banenor.no/data/_station_7d7cdd69-d70c-453c-923c-bbf1bf098005;Roa;B11-Roa-Hønefossbanen;6.733;https://data.banenor.no/data/_station_c836a316-b80b-4c52-8e63-f9e45f97b540;Grindvoll;http://publications.europa.eu/resource/authority/country/NOR;Norway;;
https://data.banenor.no/data/_line_section_55a7d0b2-af58-41d8-b728-8069e1191e55;https://data.banenor.no/data/_station_ac7a2c3c-910f-45a5-895d-c3d6f2ec203d;Tynset;B04-Rørosbanen;21.54;https://data.banenor.no/data/_station_f97fe87a-6c08-46c7-9a39-4dacd0f441f3;Alvdal;http://publications.europa.eu/resource/authority/country/NOR;Norway;;
https://data.banenor.no/data/_line_section_55a7d0b2-af58-41d8-b728-8069e1191e55;https://data.banenor.no/data/_station_ac7a2c3c-910f-45a5-895d-c3d6f2ec203d;Tynset;B04-Rørosbanen;21.54;https://data.banenor.no/data/_station_f97fe87a-6c08-46c7-9a39-4dacd0f441f3;Alvdal;http://publications.europa.eu/resource/authority/country/NOR;Norway;;
https://data.banenor.no/data/_line_section_55f707a5-4513-4444-aa80-d9e88f9d2bc3;https://data.banenor.no/data/_station_d4b94398-1b33-4a77-a398-40fd718e1a9e;Hønefoss;B11-Roa-Hønefossbanen;3.421;https://data.banenor.no/data/_station_e794c025-c3a8-4c64-a8aa-a1953b95a5cd;Hval;http://publications.europa.eu/resource/authority/country/NOR;Norway;;
https://data.banenor.no/data/_line_section_55f707a5-4513-4444-aa80-d9e88f9d2bc3;https://data.banenor.no/data/_station_d4b94398-1b33-4a77-a398-40fd718e1a9e;Hønefoss;B11-Roa-Hønefossbanen;3.421;https://data.banenor.no/data/_station_e794c025-c3a8-4c64-a8aa-a1953b95a5cd;Hval;http://publications.europa.eu/resource/authority/country/NOR;Norway;;
https://data.banenor.no/data/_line_section_560b3414-6caa-4e6a-bf4c-3846b374cd65;https://data.banenor.no/data/_station_b025c7fe-6fbb-4f65-b81a-cd590033de33;Meheia;B08-Sørlandsbanen;10.715;https://data.banenor.no/data/_station_d833b005-9a78-4ff9-b7bb-6151f4439753;Øysteinstul;http://publications.europa.eu/resource/authority/country/NOR;Norway;;
https://data.banenor.no/data/_line_section_560b3414-6caa-4e6a-bf4c-3846b374cd65;https://data.banenor.no/data/_station_b025c7fe-6fbb-4f65-b81a-cd590033de33;Meheia;B08-Sørlandsbanen;10.715;https://data.banenor.no/data/_station_d833b005-9a78-4ff9-b7bb-6151f4439753;Øysteinstul;http://publications.europa.eu/resource/authority/country/NOR;Norway;;
https://data.banenor.no/data/_line_section_565c2e87-743f-4381-bb85-da2a986572ca;https://data.banenor.no/data/_station_6fdf57e7-f420-49c4-a426-e61fb7bf13d5;Trengereid;B07-Bergensbanen;8.461;https://data.banenor.no/data/_station_dc37244f-f176-4772-8953-881a276e42f6;Vaksdal;http://publications.europa.eu/resource/authority/country/NOR;Norway;;
https://data.banenor.no/data/_line_section_565c2e87-743f-4381-bb85-da2a986572ca;https://data.banenor.no/data/_station_6fdf57e7-f420-49c4-a426-e61fb7bf13d5;Trengereid;B07-Bergensbanen;8.461;https://data.banenor.no/data/_station_dc37244f-f176-4772-8953-881a276e42f6;Vaksdal;http://publications.europa.eu/resource/authority/country/NOR;Norway;;
https://data.banenor.no/data/_line_section_56b6a29f-a1d6-4321-b055-975c8faff63c;https://data.banenor.no/data/_station_30dd090f-f33b-4a2b-9f10-d74d3eebf34d;Lesja;B14-Raumabanen;38.02;https://data.banenor.no/data/_station_4158aeb7-ce11-4b87-a93f-1e63e4923a59;Bjorli;http://publications.europa.eu/resource/authority/country/NOR;Norway;;
https://data.banenor.no/data/_line_section_56b6a29f-a1d6-4321-b055-975c8faff63c;https://data.banenor.no/data/_station_30dd090f-f33b-4a2b-9f10-d74d3eebf34d;Lesja;B14-Raumabanen;38.02;https://data.banenor.no/data/_station_4158aeb7-ce11-4b87-a93f-1e63e4923a59;Bjorli;http://publications.europa.eu/resource/authority/country/NOR;Norway;;
https://data.banenor.no/data/_line_section_57490ebf-e957-416c-8e1e-576ecc455c19;https://data.banenor.no/data/_station_079e38c8-9bc8-4200-bd74-5363b43ca7e9;Sandnes;B08-Sørlandsbanen;4.892;https://data.banenor.no/data/_station_e996b32b-e949-4ca6-a07e-3284106c6e91;Boganes;http://publications.europa.eu/resource/authority/country/NOR;Norway;;
https://data.banenor.no/data/_line_section_57490ebf-e957-416c-8e1e-576ecc455c19;https://data.banenor.no/data/_station_079e38c8-9bc8-4200-bd74-5363b43ca7e9;Sandnes;B08-Sørlandsbanen;4.892;https://data.banenor.no/data/_station_e996b32b-e949-4ca6-a07e-3284106c6e91;Boganes;http://publications.europa.eu/resource/authority/country/NOR;Norway;;
https://data.banenor.no/data/_line_section_58721e83-1b53-4710-9ae2-450bbd012575;https://data.banenor.no/data/_station_93d953aa-8e9f-4103-a0e2-54a3bcd1ea06;Hokksund;B08-Sørlandsbanen;4.225;https://data.banenor.no/data/_station_d79890f2-f40f-40df-84bd-d59ef964649c;Vestfossen;http://publications.europa.eu/resource/authority/country/NOR;Norway;;
https://data.banenor.no/data/_line_section_58721e83-1b53-4710-9ae2-450bbd012575;https://data.banenor.no/data/_station_93d953aa-8e9f-4103-a0e2-54a3bcd1ea06;Hokksund;B08-Sørlandsbanen;4.225;https://data.banenor.no/data/_station_d79890f2-f40f-40df-84bd-d59ef964649c;Vestfossen;http://publications.europa.eu/resource/authority/country/NOR;Norway;;
https://data.banenor.no/data/_line_section_587ea600-8b7e-46f9-8336-cf55b0369fee;https://data.banenor.no/data/_station_a9ee4955-5b7e-4f8b-8683-39a6bd37a91d;Skøyen;B20-Drammensbanen;0.928;https://data.banenor.no/data/_station_c0576848-8f76-4489-aa6e-ae95b98c1a1c;Oslo S;http://publications.europa.eu/resource/authority/country/NOR;Norway;;
https://data.banenor.no/data/_line_section_587ea600-8b7e-46f9-8336-cf55b0369fee;https://data.banenor.no/data/_station_a9ee4955-5b7e-4f8b-8683-39a6bd37a91d;Skøyen;B20-Drammensbanen;0.928;https://data.banenor.no/data/_station_c0576848-8f76-4489-aa6e-ae95b98c1a1c;Oslo S;http://publications.europa.eu/resource/authority/country/NOR;Norway;;
https://data.banenor.no/data/_line_section_589a5cc0-0ade-4ee3-af3c-8ff35777c0b7;https://data.banenor.no/data/_station_70145622-52e9-40e3-a60f-0bc7841b0a8b;Ås;B01-Østfoldbanen Vestre;4.165;https://data.banenor.no/data/_station_cc0be4c4-e83d-43b5-8ecc-797ba2ff68f8;Ski;http://publications.europa.eu/resource/authority/country/NOR;Norway;;
https://data.banenor.no/data/_line_section_589a5cc0-0ade-4ee3-af3c-8ff35777c0b7;https://data.banenor.no/data/_station_70145622-52e9-40e3-a60f-0bc7841b0a8b;Ås;B01-Østfoldbanen Vestre;4.165;https://data.banenor.no/data/_station_cc0be4c4-e83d-43b5-8ecc-797ba2ff68f8;Ski;http://publications.europa.eu/resource/authority/country/NOR;Norway;;
https://data.banenor.no/data/_line_section_5907c512-4a2c-4570-a3e2-6cfe7f19d491;https://data.banenor.no/data/_station_1d78646a-4cea-4bd9-8f0c-41b0c3c40fef;Klepp;B08-Sørlandsbanen;3.246;https://data.banenor.no/data/_station_21d1ee6a-2fad-4e79-ac80-dfae60ffde03;Bryne;http://publications.europa.eu/resource/authority/country/NOR;Norway;;
https://data.banenor.no/data/_line_section_5907c512-4a2c-4570-a3e2-6cfe7f19d491;https://data.banenor.no/data/_station_1d78646a-4cea-4bd9-8f0c-41b0c3c40fef;Klepp;B08-Sørlandsbanen;3.246;https://data.banenor.no/data/_station_21d1ee6a-2fad-4e79-ac80-dfae60ffde03;Bryne;http://publications.europa.eu/resource/authority/country/NOR;Norway;;
https://data.banenor.no/data/_line_section_598da4af-95df-4814-93d8-c32bca6c23d7;https://data.banenor.no/data/_station_862816d8-ea2a-4faa-be9f-9802d82352b2;Ganddal;B08-Sørlandsbanen;1.294;https://data.banenor.no/data/_station_e46a74bb-3065-464a-a6ad-8782220a2285;Orstad;http://publications.europa.eu/resource/authority/country/NOR;Norway;;
https://data.banenor.no/data/_line_section_598da4af-95df-4814-93d8-c32bca6c23d7;https://data.banenor.no/data/_station_862816d8-ea2a-4faa-be9f-9802d82352b2;Ganddal;B08-Sørlandsbanen;1.294;https://data.banenor.no/data/_station_e46a74bb-3065-464a-a6ad-8782220a2285;Orstad;http://publications.europa.eu/resource/authority/country/NOR;Norway;;
https://data.banenor.no/data/_line_section_59a542ae-6bcc-4a83-93f0-7b3070380d50;https://data.banenor.no/data/_station_70145622-52e9-40e3-a60f-0bc7841b0a8b;Ås;B01-Østfoldbanen Vestre;5.975;https://data.banenor.no/data/_station_e1097af3-f219-4922-a144-cb4e4784db3a;Vestby;http://publications.europa.eu/resource/authority/country/NOR;Norway;;
https://data.banenor.no/data/_line_section_59a542ae-6bcc-4a83-93f0-7b3070380d50;https://data.banenor.no/data/_station_70145622-52e9-40e3-a60f-0bc7841b0a8b;Ås;B01-Østfoldbanen Vestre;5.975;https://data.banenor.no/data/_station_e1097af3-f219-4922-a144-cb4e4784db3a;Vestby;http://publications.europa.eu/resource/authority/country/NOR;Norway;;
https://data.banenor.no/data/_line_section_5a086b94-ed46-4a27-b64d-5b94bf4f1e9f;https://data.banenor.no/data/_station_7d0fd4fd-dfa8-45b1-82d3-45f02e1d6cc2;Ørtfjell;B05-Nordlandsbanen;20.66;https://data.banenor.no/data/_station_a8eeed8e-28cc-4492-81dc-07723f7bf2da;Skonseng;http://publications.europa.eu/resource/authority/country/NOR;Norway;;
https://data.banenor.no/data/_line_section_5a086b94-ed46-4a27-b64d-5b94bf4f1e9f;https://data.banenor.no/data/_station_7d0fd4fd-dfa8-45b1-82d3-45f02e1d6cc2;Ørtfjell;B05-Nordlandsbanen;20.66;https://data.banenor.no/data/_station_a8eeed8e-28cc-4492-81dc-07723f7bf2da;Skonseng;http://publications.europa.eu/resource/authority/country/NOR;Norway;;
https://data.banenor.no/data/_line_section_5abe4ae2-cdb9-437d-97e0-1769b3bf4534;https://data.banenor.no/data/_station_19f86c64-57d6-4606-b496-19df57427766;Bergsgrav;B05-Nordlandsbanen;1.644;https://data.banenor.no/data/_station_9dc007df-64d6-4f0f-a4bf-ad93e25e20bc;Verdal;http://publications.europa.eu/resource/authority/country/NOR;Norway;;
https://data.banenor.no/data/_line_section_5abe4ae2-cdb9-437d-97e0-1769b3bf4534;https://data.banenor.no/data/_station_19f86c64-57d6-4606-b496-19df57427766;Bergsgrav;B05-Nordlandsbanen;1.644;https://data.banenor.no/data/_station_9dc007df-64d6-4f0f-a4bf-ad93e25e20bc;Verdal;http://publications.europa.eu/resource/authority/country/NOR;Norway;;
https://data.banenor.no/data/_line_section_5bd0c88a-cf10-49ac-b2b9-51047787e9b8;https://data.banenor.no/data/_station_3dfa4768-af32-4a19-8575-99311805e5b0;Gjøvik;B06-Gjøvikbanen;15.4283;https://data.banenor.no/data/_station_e1f715d7-a0ef-4279-bde1-f575897a355c;Reinsvoll;http://publications.europa.eu/resource/authority/country/NOR;Norway;;
https://data.banenor.no/data/_line_section_5bd0c88a-cf10-49ac-b2b9-51047787e9b8;https://data.banenor.no/data/_station_3dfa4768-af32-4a19-8575-99311805e5b0;Gjøvik;B06-Gjøvikbanen;15.4283;https://data.banenor.no/data/_station_e1f715d7-a0ef-4279-bde1-f575897a355c;Reinsvoll;http://publications.europa.eu/resource/authority/country/NOR;Norway;;
https://data.banenor.no/data/_line_section_5d331e5b-0dff-49cf-9814-fca5983c1d96;https://data.banenor.no/data/_station_18547189-0ed1-4629-b1f8-7a3abe0b0d83;Skogn;B05-Nordlandsbanen;5.07;https://data.banenor.no/data/_station_fa2f79ea-2b9c-4488-aafb-64ffea794a36;Ronglan;http://publications.europa.eu/resource/authority/country/NOR;Norway;;
https://data.banenor.no/data/_line_section_5d331e5b-0dff-49cf-9814-fca5983c1d96;https://data.banenor.no/data/_station_18547189-0ed1-4629-b1f8-7a3abe0b0d83;Skogn;B05-Nordlandsbanen;5.07;https://data.banenor.no/data/_station_fa2f79ea-2b9c-4488-aafb-64ffea794a36;Ronglan;http://publications.europa.eu/resource/authority/country/NOR;Norway;;
https://data.banenor.no/data/_line_section_5daeb3b4-f00c-4407-85ec-1601b2836f7d;https://data.banenor.no/data/_station_64249206-0d76-4537-a77a-1398a02f6e45;Bolstadøyri;B07-Bergensbanen;9.178;https://data.banenor.no/data/_station_f06c0782-aa32-482e-b576-2c95f6df4dee;Evanger;http://publications.europa.eu/resource/authority/country/NOR;Norway;;
https://data.banenor.no/data/_line_section_5daeb3b4-f00c-4407-85ec-1601b2836f7d;https://data.banenor.no/data/_station_64249206-0d76-4537-a77a-1398a02f6e45;Bolstadøyri;B07-Bergensbanen;9.178;https://data.banenor.no/data/_station_f06c0782-aa32-482e-b576-2c95f6df4dee;Evanger;http://publications.europa.eu/resource/authority/country/NOR;Norway;;
https://data.banenor.no/data/_line_section_5e11695c-1f6c-4802-b01f-5a0f8c41ba28;https://data.banenor.no/data/_station_be733ad2-97a9-4d2f-ae86-e0eab89e56e1;Ulsberg;B02-Dovrebanen;9.192;https://data.banenor.no/data/_station_c5c748a4-fa58-4ea0-8666-1f4a223084bc;Berkåk;http://publications.europa.eu/resource/authority/country/NOR;Norway;;
https://data.banenor.no/data/_line_section_5e11695c-1f6c-4802-b01f-5a0f8c41ba28;https://data.banenor.no/data/_station_be733ad2-97a9-4d2f-ae86-e0eab89e56e1;Ulsberg;B02-Dovrebanen;9.192;https://data.banenor.no/data/_station_c5c748a4-fa58-4ea0-8666-1f4a223084bc;Berkåk;http://publications.europa.eu/resource/authority/country/NOR;Norway;;
https://data.banenor.no/data/_line_section_5e2a3631-e4d1-43c9-8479-d245ae41ba27;https://data.banenor.no/data/_station_1187f810-c308-47d4-9576-e0c1421552bf;Jensrud;B06-Gjøvikbanen;2.129;https://data.banenor.no/data/_station_d8e30cda-c06f-4459-8762-5f3f8a7e471f;Stryken;http://publications.europa.eu/resource/authority/country/NOR;Norway;;
https://data.banenor.no/data/_line_section_5e2a3631-e4d1-43c9-8479-d245ae41ba27;https://data.banenor.no/data/_station_1187f810-c308-47d4-9576-e0c1421552bf;Jensrud;B06-Gjøvikbanen;2.129;https://data.banenor.no/data/_station_d8e30cda-c06f-4459-8762-5f3f8a7e471f;Stryken;http://publications.europa.eu/resource/authority/country/NOR;Norway;;
https://data.banenor.no/data/_line_section_5eba88df-f766-4991-8b6d-bdb2e922281e;https://data.banenor.no/data/_station_21d1ee6a-2fad-4e79-ac80-dfae60ffde03;Bryne;B08-Sørlandsbanen;6.092;https://data.banenor.no/data/_station_2595c29c-62c3-45ee-8a33-d58c7be4f1fa;Nærbø;http://publications.europa.eu/resource/authority/country/NOR;Norway;;
https://data.banenor.no/data/_line_section_5eba88df-f766-4991-8b6d-bdb2e922281e;https://data.banenor.no/data/_station_21d1ee6a-2fad-4e79-ac80-dfae60ffde03;Bryne;B08-Sørlandsbanen;6.092;https://data.banenor.no/data/_station_2595c29c-62c3-45ee-8a33-d58c7be4f1fa;Nærbø;http://publications.europa.eu/resource/authority/country/NOR;Norway;;
https://data.banenor.no/data/_line_section_5eda8fa7-d8ae-4730-8484-96d09ab0a3ce;https://data.banenor.no/data/_station_3096c74c-403d-4a9d-9928-8f32b82ddbdd;Fåvang;B02-Dovrebanen;7.826;https://data.banenor.no/data/_station_a719e440-6c63-4ca4-a5db-9a5123ba19ae;Ringebu;http://publications.europa.eu/resource/authority/country/NOR;Norway;;
https://data.banenor.no/data/_line_section_5eda8fa7-d8ae-4730-8484-96d09ab0a3ce;https://data.banenor.no/data/_station_3096c74c-403d-4a9d-9928-8f32b82ddbdd;Fåvang;B02-Dovrebanen;7.826;https://data.banenor.no/data/_station_a719e440-6c63-4ca4-a5db-9a5123ba19ae;Ringebu;http://publications.europa.eu/resource/authority/country/NOR;Norway;;
https://data.banenor.no/data/_line_section_5f9f34b9-7e37-4573-9af0-2f08f6fc1e36;https://data.banenor.no/data/_station_c86ace57-6fe1-4835-9679-40824cb9f26b;Skollenborg;B08-Sørlandsbanen;4.642;https://data.banenor.no/data/_station_f9249958-9362-45a8-9b06-c57e70e4985b;Kongsberg;http://publications.europa.eu/resource/authority/country/NOR;Norway;;
https://data.banenor.no/data/_line_section_5f9f34b9-7e37-4573-9af0-2f08f6fc1e36;https://data.banenor.no/data/_station_c86ace57-6fe1-4835-9679-40824cb9f26b;Skollenborg;B08-Sørlandsbanen;4.642;https://data.banenor.no/data/_station_f9249958-9362-45a8-9b06-c57e70e4985b;Kongsberg;http://publications.europa.eu/resource/authority/country/NOR;Norway;;
https://data.banenor.no/data/_line_section_600f4e5c-c0fb-4073-bdfa-8602c978b866;https://data.banenor.no/data/_station_1b2ba3f3-15f0-423f-893f-e952a4b2b967;Skien;B13-Bratsbergbanen;22.303;https://data.banenor.no/data/_station_e0618502-9601-4353-a151-5348a237287c;Valebø;http://publications.europa.eu/resource/authority/country/NOR;Norway;;
https://data.banenor.no/data/_line_section_600f4e5c-c0fb-4073-bdfa-8602c978b866;https://data.banenor.no/data/_station_1b2ba3f3-15f0-423f-893f-e952a4b2b967;Skien;B13-Bratsbergbanen;22.303;https://data.banenor.no/data/_station_e0618502-9601-4353-a151-5348a237287c;Valebø;http://publications.europa.eu/resource/authority/country/NOR;Norway;;
https://data.banenor.no/data/_line_section_60533ffc-2100-430b-b976-bc486dcd801d;https://data.banenor.no/data/_station_5d4e081b-c307-4ff4-bc9d-75cb46136b6a;Snåsa;B05-Nordlandsbanen;8.124;https://data.banenor.no/data/_station_61313ec6-4480-4d3a-8105-b538dd7e4275;Agle;http://publications.europa.eu/resource/authority/country/NOR;Norway;;
https://data.banenor.no/data/_line_section_60533ffc-2100-430b-b976-bc486dcd801d;https://data.banenor.no/data/_station_5d4e081b-c307-4ff4-bc9d-75cb46136b6a;Snåsa;B05-Nordlandsbanen;8.124;https://data.banenor.no/data/_station_61313ec6-4480-4d3a-8105-b538dd7e4275;Agle;http://publications.europa.eu/resource/authority/country/NOR;Norway;;
https://data.banenor.no/data/_line_section_61afb18c-d1a1-4c00-8738-385c3b3ebbf9;https://data.banenor.no/data/_station_17f52942-c7fb-4c0a-8bbc-2e56bd82b6ef;Lysaker;B20-Drammensbanen;0.194;https://data.banenor.no/data/_station_f8462d40-426c-4535-91e3-cbaf9676d32f;Stabekk;http://publications.europa.eu/resource/authority/country/NOR;Norway;;
https://data.banenor.no/data/_line_section_61afb18c-d1a1-4c00-8738-385c3b3ebbf9;https://data.banenor.no/data/_station_17f52942-c7fb-4c0a-8bbc-2e56bd82b6ef;Lysaker;B20-Drammensbanen;0.194;https://data.banenor.no/data/_station_f8462d40-426c-4535-91e3-cbaf9676d32f;Stabekk;http://publications.europa.eu/resource/authority/country/NOR;Norway;;
https://data.banenor.no/data/_line_section_62925b7c-e458-49ba-9f75-4d7e6df3b703;https://data.banenor.no/data/_station_0dd03fbe-6db3-42d8-98d1-c2ea9eba3817;Ler;B02-Dovrebanen;6.806;https://data.banenor.no/data/_station_4e96e80f-81b3-48ae-8a86-5da4d1ab1225;Lundamo;http://publications.europa.eu/resource/authority/country/NOR;Norway;;
https://data.banenor.no/data/_line_section_62925b7c-e458-49ba-9f75-4d7e6df3b703;https://data.banenor.no/data/_station_0dd03fbe-6db3-42d8-98d1-c2ea9eba3817;Ler;B02-Dovrebanen;6.806;https://data.banenor.no/data/_station_4e96e80f-81b3-48ae-8a86-5da4d1ab1225;Lundamo;http://publications.europa.eu/resource/authority/country/NOR;Norway;;
https://data.banenor.no/data/_line_section_62ba8bf8-c2f4-4bc9-9669-f646c7db1e8c;https://data.banenor.no/data/_station_52332466-9c78-4c88-b844-d1e7a7f0d324;Steinkjer;B05-Nordlandsbanen;17.62;https://data.banenor.no/data/_station_ff1ac6f7-0944-4156-a544-a3cf74ce3764;Stod;http://publications.europa.eu/resource/authority/country/NOR;Norway;;
https://data.banenor.no/data/_line_section_62ba8bf8-c2f4-4bc9-9669-f646c7db1e8c;https://data.banenor.no/data/_station_52332466-9c78-4c88-b844-d1e7a7f0d324;Steinkjer;B05-Nordlandsbanen;17.62;https://data.banenor.no/data/_station_ff1ac6f7-0944-4156-a544-a3cf74ce3764;Stod;http://publications.europa.eu/resource/authority/country/NOR;Norway;;
https://data.banenor.no/data/_line_section_637c920e-e575-4fb3-b4dd-bd26f8a632ed;https://data.banenor.no/data/_station_28fe977f-23f4-4a0f-9d9f-0ab6d9175aa9;Dilling;B01-Østfoldbanen Vestre;1.0287;https://data.banenor.no/data/_station_48f513ac-ac07-4cd1-9693-ccdb8b0d701a;Rygge;http://publications.europa.eu/resource/authority/country/NOR;Norway;;
https://data.banenor.no/data/_line_section_637c920e-e575-4fb3-b4dd-bd26f8a632ed;https://data.banenor.no/data/_station_28fe977f-23f4-4a0f-9d9f-0ab6d9175aa9;Dilling;B01-Østfoldbanen Vestre;1.0287;https://data.banenor.no/data/_station_48f513ac-ac07-4cd1-9693-ccdb8b0d701a;Rygge;http://publications.europa.eu/resource/authority/country/NOR;Norway;;
https://data.banenor.no/data/_line_section_638c4b33-0124-4b6c-bc59-ef858cd95db4;https://data.banenor.no/data/_station_450e24ef-a648-4718-b8f0-b63da5513478;Drammen;B20-Drammensbanen;0.846;https://data.banenor.no/data/_station_a9471cbb-66e6-4b7e-bde3-c5971b9a7f74;Gulskogen;http://publications.europa.eu/resource/authority/country/NOR;Norway;;
https://data.banenor.no/data/_line_section_638c4b33-0124-4b6c-bc59-ef858cd95db4;https://data.banenor.no/data/_station_450e24ef-a648-4718-b8f0-b63da5513478;Drammen;B20-Drammensbanen;0.846;https://data.banenor.no/data/_station_a9471cbb-66e6-4b7e-bde3-c5971b9a7f74;Gulskogen;http://publications.europa.eu/resource/authority/country/NOR;Norway;;
https://data.banenor.no/data/_line_section_639c18d8-4e9a-41e2-ab9d-e50148bf0715;https://data.banenor.no/data/_station_0c38a1a8-c198-48cf-a3a5-86312c3d49a5;Lassemoen;B05-Nordlandsbanen;17.011;https://data.banenor.no/data/_station_8d6138bd-4ee2-4776-bedd-3f0cd1e77a2b;Harran;http://publications.europa.eu/resource/authority/country/NOR;Norway;;
https://data.banenor.no/data/_line_section_639c18d8-4e9a-41e2-ab9d-e50148bf0715;https://data.banenor.no/data/_station_0c38a1a8-c198-48cf-a3a5-86312c3d49a5;Lassemoen;B05-Nordlandsbanen;17.011;https://data.banenor.no/data/_station_8d6138bd-4ee2-4776-bedd-3f0cd1e77a2b;Harran;http://publications.europa.eu/resource/authority/country/NOR;Norway;;
https://data.banenor.no/data/_line_section_648278e4-f0b7-475c-bf76-0afc05b39bba;https://data.banenor.no/data/_station_18aa7a9e-e1d1-4fdd-a6c3-06b4ad6f174a;Torpo;B07-Bergensbanen;12.971;https://data.banenor.no/data/_station_365adada-c677-4289-856a-d7a9229f49b5;Gol;http://publications.europa.eu/resource/authority/country/NOR;Norway;;
https://data.banenor.no/data/_line_section_648278e4-f0b7-475c-bf76-0afc05b39bba;https://data.banenor.no/data/_station_18aa7a9e-e1d1-4fdd-a6c3-06b4ad6f174a;Torpo;B07-Bergensbanen;12.971;https://data.banenor.no/data/_station_365adada-c677-4289-856a-d7a9229f49b5;Gol;http://publications.europa.eu/resource/authority/country/NOR;Norway;;
https://data.banenor.no/data/_line_section_651de118-6d6c-4201-9607-8540dbc139b7;https://data.banenor.no/data/_station_058048be-f533-4ed9-95ba-f78af333347c;Otta;B02-Dovrebanen;8.908;https://data.banenor.no/data/_station_8ae62a41-da0f-4c2e-94a5-9a866fb732f7;Sjoa;http://publications.europa.eu/resource/authority/country/NOR;Norway;;
https://data.banenor.no/data/_line_section_651de118-6d6c-4201-9607-8540dbc139b7;https://data.banenor.no/data/_station_058048be-f533-4ed9-95ba-f78af333347c;Otta;B02-Dovrebanen;8.908;https://data.banenor.no/data/_station_8ae62a41-da0f-4c2e-94a5-9a866fb732f7;Sjoa;http://publications.europa.eu/resource/authority/country/NOR;Norway;;
https://data.banenor.no/data/_line_section_6616631a-2646-46a2-90ae-bda1612b7e9e;https://data.banenor.no/data/_station_d5730402-98d8-47b7-a8dd-b745ed80356b;Hanestad;B04-Rørosbanen;11.495;https://data.banenor.no/data/_station_e227eaed-4b98-45fe-b4b1-34bfff34e09d;Atna;http://publications.europa.eu/resource/authority/country/NOR;Norway;;
https://data.banenor.no/data/_line_section_6616631a-2646-46a2-90ae-bda1612b7e9e;https://data.banenor.no/data/_station_d5730402-98d8-47b7-a8dd-b745ed80356b;Hanestad;B04-Rørosbanen;11.495;https://data.banenor.no/data/_station_e227eaed-4b98-45fe-b4b1-34bfff34e09d;Atna;http://publications.europa.eu/resource/authority/country/NOR;Norway;;
https://data.banenor.no/data/_line_section_663d441b-df0f-4aa0-b2cb-7df9b66af577;https://data.banenor.no/data/_station_5d4e081b-c307-4ff4-bc9d-75cb46136b6a;Snåsa;B05-Nordlandsbanen;10.65;https://data.banenor.no/data/_station_97ce5d04-c6dd-44b1-85f8-8e4b1d6410fc;Starrgrasmyra;http://publications.europa.eu/resource/authority/country/NOR;Norway;;
https://data.banenor.no/data/_line_section_663d441b-df0f-4aa0-b2cb-7df9b66af577;https://data.banenor.no/data/_station_5d4e081b-c307-4ff4-bc9d-75cb46136b6a;Snåsa;B05-Nordlandsbanen;10.65;https://data.banenor.no/data/_station_97ce5d04-c6dd-44b1-85f8-8e4b1d6410fc;Starrgrasmyra;http://publications.europa.eu/resource/authority/country/NOR;Norway;;
https://data.banenor.no/data/_line_section_67ea113c-b4c1-4c6b-a861-8b197fa271a0;https://data.banenor.no/data/_station_2a2fdec6-a6ef-4e4a-85ea-4be875763447;Bekkedalshøgda;B23-Gardermobanen;5.206;https://data.banenor.no/data/_station_ff9b76af-2bc9-4c5a-b3c7-65db295a9933;Gardermoen;http://publications.europa.eu/resource/authority/country/NOR;Norway;;
https://data.banenor.no/data/_line_section_67ea113c-b4c1-4c6b-a861-8b197fa271a0;https://data.banenor.no/data/_station_2a2fdec6-a6ef-4e4a-85ea-4be875763447;Bekkedalshøgda;B23-Gardermobanen;5.206;https://data.banenor.no/data/_station_ff9b76af-2bc9-4c5a-b3c7-65db295a9933;Gardermoen;http://publications.europa.eu/resource/authority/country/NOR;Norway;;
https://data.banenor.no/data/_line_section_69bba1c5-9595-4f4b-88f9-4dec5e64c57d;https://data.banenor.no/data/_station_06fb6b5b-031a-452f-a34a-bb94100a28ce;Blaker;B03-Kongsvingerbanen;2.9369;https://data.banenor.no/data/_station_add16637-d289-4e0c-a2ea-7e280d363ec2;Sørumsand;http://publications.europa.eu/resource/authority/country/NOR;Norway;;
https://data.banenor.no/data/_line_section_69bba1c5-9595-4f4b-88f9-4dec5e64c57d;https://data.banenor.no/data/_station_06fb6b5b-031a-452f-a34a-bb94100a28ce;Blaker;B03-Kongsvingerbanen;2.9369;https://data.banenor.no/data/_station_add16637-d289-4e0c-a2ea-7e280d363ec2;Sørumsand;http://publications.europa.eu/resource/authority/country/NOR;Norway;;
https://data.banenor.no/data/_line_section_6c428676-cd88-4a82-81fc-cd83ee831297;https://data.banenor.no/data/_station_4da9fa81-d1fc-4b54-b98e-e05e43479f36;Opphus;B04-Rørosbanen;31.911;https://data.banenor.no/data/_station_a6d006c6-6831-4dcd-a4b7-e1125501abaa;Koppang;http://publications.europa.eu/resource/authority/country/NOR;Norway;;
https://data.banenor.no/data/_line_section_6c428676-cd88-4a82-81fc-cd83ee831297;https://data.banenor.no/data/_station_4da9fa81-d1fc-4b54-b98e-e05e43479f36;Opphus;B04-Rørosbanen;31.911;https://data.banenor.no/data/_station_a6d006c6-6831-4dcd-a4b7-e1125501abaa;Koppang;http://publications.europa.eu/resource/authority/country/NOR;Norway;;
https://data.banenor.no/data/_line_section_6c5b2c5d-eb2f-48ee-93af-db18cca9e392;https://data.banenor.no/data/_station_33966552-8b46-43d4-9e38-49e110baeb6c;Bryn;B34-Godssporet Alnabru-Loenga X;1.153;https://data.banenor.no/data/_station_c0576848-8f76-4489-aa6e-ae95b98c1a1c;Oslo S;http://publications.europa.eu/resource/authority/country/NOR;Norway;;
https://data.banenor.no/data/_line_section_6c5b2c5d-eb2f-48ee-93af-db18cca9e392;https://data.banenor.no/data/_station_33966552-8b46-43d4-9e38-49e110baeb6c;Bryn;B34-Godssporet Alnabru-Loenga X;1.153;https://data.banenor.no/data/_station_c0576848-8f76-4489-aa6e-ae95b98c1a1c;Oslo S;http://publications.europa.eu/resource/authority/country/NOR;Norway;;
https://data.banenor.no/data/_line_section_6cf8548c-67bd-4695-a690-5d7178238141;https://data.banenor.no/data/_station_b2fa421f-6a31-4f9e-8454-0fc68aa03fad;Disenå;B03-Kongsvingerbanen;4.1044;https://data.banenor.no/data/_station_dd953edc-15c5-406a-9439-193a4864e57d;Skarnes;http://publications.europa.eu/resource/authority/country/NOR;Norway;;
https://data.banenor.no/data/_line_section_6cf8548c-67bd-4695-a690-5d7178238141;https://data.banenor.no/data/_station_b2fa421f-6a31-4f9e-8454-0fc68aa03fad;Disenå;B03-Kongsvingerbanen;4.1044;https://data.banenor.no/data/_station_dd953edc-15c5-406a-9439-193a4864e57d;Skarnes;http://publications.europa.eu/resource/authority/country/NOR;Norway;;
https://data.banenor.no/data/_line_section_6d519a63-9e2e-4f0b-9ee8-d334a9288437;https://data.banenor.no/data/_station_266facb5-4091-4ba3-9eb9-a9dea4824678;Haugastøl;B07-Bergensbanen;9.505;https://data.banenor.no/data/_station_323386d5-c5b4-4d50-aac8-007f7852dbc7;Ustaoset;http://publications.europa.eu/resource/authority/country/NOR;Norway;;
https://data.banenor.no/data/_line_section_6d519a63-9e2e-4f0b-9ee8-d334a9288437;https://data.banenor.no/data/_station_266facb5-4091-4ba3-9eb9-a9dea4824678;Haugastøl;B07-Bergensbanen;9.505;https://data.banenor.no/data/_station_323386d5-c5b4-4d50-aac8-007f7852dbc7;Ustaoset;http://publications.europa.eu/resource/authority/country/NOR;Norway;;
https://data.banenor.no/data/_line_section_6e23d7cc-63b4-498b-9c84-8e18c92be3d0;https://data.banenor.no/data/_station_645a0888-0f50-408c-94ea-ee77f645b560;Breland;B08-Sørlandsbanen;15.627;https://data.banenor.no/data/_station_ccc5ec4e-73a1-4c90-9181-511b18b8e281;Marnardal;http://publications.europa.eu/resource/authority/country/NOR;Norway;;
https://data.banenor.no/data/_line_section_6e23d7cc-63b4-498b-9c84-8e18c92be3d0;https://data.banenor.no/data/_station_645a0888-0f50-408c-94ea-ee77f645b560;Breland;B08-Sørlandsbanen;15.627;https://data.banenor.no/data/_station_ccc5ec4e-73a1-4c90-9181-511b18b8e281;Marnardal;http://publications.europa.eu/resource/authority/country/NOR;Norway;;
https://data.banenor.no/data/_line_section_6faea118-a699-4eb7-875e-d783c339c94a;https://data.banenor.no/data/_station_6ea9abea-c125-4fec-92f8-f727e5a0bbb3;Audnedal;B08-Sørlandsbanen;7.885;https://data.banenor.no/data/_station_ca14b001-9739-4b0d-82c5-253bd26fa49f;Snartemo;http://publications.europa.eu/resource/authority/country/NOR;Norway;;
https://data.banenor.no/data/_line_section_6faea118-a699-4eb7-875e-d783c339c94a;https://data.banenor.no/data/_station_6ea9abea-c125-4fec-92f8-f727e5a0bbb3;Audnedal;B08-Sørlandsbanen;7.885;https://data.banenor.no/data/_station_ca14b001-9739-4b0d-82c5-253bd26fa49f;Snartemo;http://publications.europa.eu/resource/authority/country/NOR;Norway;;
https://data.banenor.no/data/_line_section_705a2101-b951-4673-bd58-560a6631c60f;https://data.banenor.no/data/_station_639e2cde-be68-4c5a-890f-996395efbb98;Holmestrand;B09-Vestfoldbanen;1.996;https://data.banenor.no/data/_station_a0abd6a5-79de-4a09-8ff6-2d5926cd707f;Smørstein;http://publications.europa.eu/resource/authority/country/NOR;Norway;;
https://data.banenor.no/data/_line_section_705a2101-b951-4673-bd58-560a6631c60f;https://data.banenor.no/data/_station_639e2cde-be68-4c5a-890f-996395efbb98;Holmestrand;B09-Vestfoldbanen;1.996;https://data.banenor.no/data/_station_a0abd6a5-79de-4a09-8ff6-2d5926cd707f;Smørstein;http://publications.europa.eu/resource/authority/country/NOR;Norway;;
https://data.banenor.no/data/_line_section_70b990fa-6c0b-484a-a4a3-463b34fdf838;https://data.banenor.no/data/_station_1292d903-c847-4011-9f3d-54a96d4b90bd;Tyristrand;B12-Randsfjordbanen;13.597;https://data.banenor.no/data/_station_5506e4dd-6efd-4a8c-b79b-79e5b4878c3c;Vikersund;http://publications.europa.eu/resource/authority/country/NOR;Norway;;
https://data.banenor.no/data/_line_section_70b990fa-6c0b-484a-a4a3-463b34fdf838;https://data.banenor.no/data/_station_1292d903-c847-4011-9f3d-54a96d4b90bd;Tyristrand;B12-Randsfjordbanen;13.597;https://data.banenor.no/data/_station_5506e4dd-6efd-4a8c-b79b-79e5b4878c3c;Vikersund;http://publications.europa.eu/resource/authority/country/NOR;Norway;;
https://data.banenor.no/data/_line_section_70d2a434-d412-4756-acf3-01ae00edbd2c;https://data.banenor.no/data/_station_8aa1645d-1077-4d20-8076-e11c6ef44160;Selåsvatn;B08-Sørlandsbanen;7.315;https://data.banenor.no/data/_station_adc7bc0e-78f8-4031-ad14-2bd59d1eeb80;Nelaug;http://publications.europa.eu/resource/authority/country/NOR;Norway;;
https://data.banenor.no/data/_line_section_70d2a434-d412-4756-acf3-01ae00edbd2c;https://data.banenor.no/data/_station_8aa1645d-1077-4d20-8076-e11c6ef44160;Selåsvatn;B08-Sørlandsbanen;7.315;https://data.banenor.no/data/_station_adc7bc0e-78f8-4031-ad14-2bd59d1eeb80;Nelaug;http://publications.europa.eu/resource/authority/country/NOR;Norway;;
https://data.banenor.no/data/_line_section_7173727d-c46c-44e5-8895-a29280e6cbf1;https://data.banenor.no/data/_station_0a6a0251-97ff-42d5-8e24-0410713c9d68;Høvik;B20-Drammensbanen;0.212;https://data.banenor.no/data/_station_f8462d40-426c-4535-91e3-cbaf9676d32f;Stabekk;http://publications.europa.eu/resource/authority/country/NOR;Norway;;
https://data.banenor.no/data/_line_section_7173727d-c46c-44e5-8895-a29280e6cbf1;https://data.banenor.no/data/_station_0a6a0251-97ff-42d5-8e24-0410713c9d68;Høvik;B20-Drammensbanen;0.212;https://data.banenor.no/data/_station_f8462d40-426c-4535-91e3-cbaf9676d32f;Stabekk;http://publications.europa.eu/resource/authority/country/NOR;Norway;;
https://data.banenor.no/data/_line_section_71b2b77e-d83a-4e2e-820c-965634e31eee;https://data.banenor.no/data/_station_0f05c9a8-f8bb-4d1a-8667-f40f2bcca4f9;Skjeberg;B01-Østfoldbanen Vestre;6.0942;https://data.banenor.no/data/_station_11d551f8-a546-4eec-a6f3-bca56c3df5eb;Sarpsborg;http://publications.europa.eu/resource/authority/country/NOR;Norway;;
https://data.banenor.no/data/_line_section_71b2b77e-d83a-4e2e-820c-965634e31eee;https://data.banenor.no/data/_station_0f05c9a8-f8bb-4d1a-8667-f40f2bcca4f9;Skjeberg;B01-Østfoldbanen Vestre;6.0942;https://data.banenor.no/data/_station_11d551f8-a546-4eec-a6f3-bca56c3df5eb;Sarpsborg;http://publications.europa.eu/resource/authority/country/NOR;Norway;;
https://data.banenor.no/data/_line_section_71c42ca0-215e-449b-9658-f49968bd831d;https://data.banenor.no/data/_station_1292d903-c847-4011-9f3d-54a96d4b90bd;Tyristrand;B12-Randsfjordbanen;12.072;https://data.banenor.no/data/_station_d4b94398-1b33-4a77-a398-40fd718e1a9e;Hønefoss;http://publications.europa.eu/resource/authority/country/NOR;Norway;;
https://data.banenor.no/data/_line_section_71c42ca0-215e-449b-9658-f49968bd831d;https://data.banenor.no/data/_station_1292d903-c847-4011-9f3d-54a96d4b90bd;Tyristrand;B12-Randsfjordbanen;12.072;https://data.banenor.no/data/_station_d4b94398-1b33-4a77-a398-40fd718e1a9e;Hønefoss;http://publications.europa.eu/resource/authority/country/NOR;Norway;;
https://data.banenor.no/data/_line_section_730f0a11-8661-417d-a399-1438b120a1aa;https://data.banenor.no/data/_station_5970d0e3-d0c4-45b4-8ae4-78e4d984ed63;Sandvatn;B08-Sørlandsbanen;12.542;https://data.banenor.no/data/_station_ca14b001-9739-4b0d-82c5-253bd26fa49f;Snartemo;http://publications.europa.eu/resource/authority/country/NOR;Norway;;
https://data.banenor.no/data/_line_section_730f0a11-8661-417d-a399-1438b120a1aa;https://data.banenor.no/data/_station_5970d0e3-d0c4-45b4-8ae4-78e4d984ed63;Sandvatn;B08-Sørlandsbanen;12.542;https://data.banenor.no/data/_station_ca14b001-9739-4b0d-82c5-253bd26fa49f;Snartemo;http://publications.europa.eu/resource/authority/country/NOR;Norway;;
https://data.banenor.no/data/_line_section_731e6bff-c8ba-4103-a480-32feb6ce9fc7;https://data.banenor.no/data/_station_3ad284fa-496a-4792-8163-01580321aa7c;Galterud;B03-Kongsvingerbanen;5.6595;https://data.banenor.no/data/_station_3f3f78ee-4ea4-42e2-9dc3-dcf4c3a43e32;Kongsvinger;http://publications.europa.eu/resource/authority/country/NOR;Norway;;
https://data.banenor.no/data/_line_section_731e6bff-c8ba-4103-a480-32feb6ce9fc7;https://data.banenor.no/data/_station_3ad284fa-496a-4792-8163-01580321aa7c;Galterud;B03-Kongsvingerbanen;5.6595;https://data.banenor.no/data/_station_3f3f78ee-4ea4-42e2-9dc3-dcf4c3a43e32;Kongsvinger;http://publications.europa.eu/resource/authority/country/NOR;Norway;;
https://data.banenor.no/data/_line_section_7396addc-5f5e-4931-99b0-b8ff9910f89b;https://data.banenor.no/data/_station_67474fd1-b72a-4ca5-b19d-1f1655097d58;Stange;B02-Dovrebanen;2.7131999999999996;https://data.banenor.no/data/_station_68e6fce4-6955-4739-acfe-1c37bd5d6253;Sørli;http://publications.europa.eu/resource/authority/country/NOR;Norway;;
https://data.banenor.no/data/_line_section_7396addc-5f5e-4931-99b0-b8ff9910f89b;https://data.banenor.no/data/_station_67474fd1-b72a-4ca5-b19d-1f1655097d58;Stange;B02-Dovrebanen;2.7131999999999996;https://data.banenor.no/data/_station_68e6fce4-6955-4739-acfe-1c37bd5d6253;Sørli;http://publications.europa.eu/resource/authority/country/NOR;Norway;;
https://data.banenor.no/data/_line_section_73ef9778-5680-4955-be9e-6ba0af6f9968;https://data.banenor.no/data/_station_266cc735-78c6-442f-9ff8-33c153c609ee;Ualand;B08-Sørlandsbanen;5.511;https://data.banenor.no/data/_station_8f0878de-8dc2-4a5b-9301-8df6e915a4da;Heskestad;http://publications.europa.eu/resource/authority/country/NOR;Norway;;
https://data.banenor.no/data/_line_section_73ef9778-5680-4955-be9e-6ba0af6f9968;https://data.banenor.no/data/_station_266cc735-78c6-442f-9ff8-33c153c609ee;Ualand;B08-Sørlandsbanen;5.511;https://data.banenor.no/data/_station_8f0878de-8dc2-4a5b-9301-8df6e915a4da;Heskestad;http://publications.europa.eu/resource/authority/country/NOR;Norway;;
https://data.banenor.no/data/_line_section_75190d82-05b0-46bf-b1e2-d3ffaaa193cc;https://data.banenor.no/data/_station_c836a316-b80b-4c52-8e63-f9e45f97b540;Grindvoll;B11-Roa-Hønefossbanen;9.116;https://data.banenor.no/data/_station_e62df4d6-ef32-42aa-9275-d714d271f200;Jevnaker;http://publications.europa.eu/resource/authority/country/NOR;Norway;;
https://data.banenor.no/data/_line_section_75190d82-05b0-46bf-b1e2-d3ffaaa193cc;https://data.banenor.no/data/_station_c836a316-b80b-4c52-8e63-f9e45f97b540;Grindvoll;B11-Roa-Hønefossbanen;9.116;https://data.banenor.no/data/_station_e62df4d6-ef32-42aa-9275-d714d271f200;Jevnaker;http://publications.europa.eu/resource/authority/country/NOR;Norway;;
https://data.banenor.no/data/_line_section_758aac93-80a1-47b6-b53a-797efd2d7b6f;https://data.banenor.no/data/_station_52f1ac6c-f41d-487d-8066-5171c57d067b;Lindeberg;B19-Hovedbanen;1.322;https://data.banenor.no/data/_station_c7f5b4b5-e2f8-4371-ae68-720c4c435ebe;Frogner;http://publications.europa.eu/resource/authority/country/NOR;Norway;;
https://data.banenor.no/data/_line_section_758aac93-80a1-47b6-b53a-797efd2d7b6f;https://data.banenor.no/data/_station_52f1ac6c-f41d-487d-8066-5171c57d067b;Lindeberg;B19-Hovedbanen;1.322;https://data.banenor.no/data/_station_c7f5b4b5-e2f8-4371-ae68-720c4c435ebe;Frogner;http://publications.europa.eu/resource/authority/country/NOR;Norway;;
https://data.banenor.no/data/_line_section_75d29fec-0e94-46f6-b2a5-310528c1d3d5;https://data.banenor.no/data/_station_61dbfeef-267f-487d-abb8-9a0c6a888d4d;Flisa;B15-Solørbanen;19.002;https://data.banenor.no/data/_station_9d6d40c6-d8cd-4403-8646-240b8087fa0c;Braskereidfoss;http://publications.europa.eu/resource/authority/country/NOR;Norway;;
https://data.banenor.no/data/_line_section_75d29fec-0e94-46f6-b2a5-310528c1d3d5;https://data.banenor.no/data/_station_61dbfeef-267f-487d-abb8-9a0c6a888d4d;Flisa;B15-Solørbanen;19.002;https://data.banenor.no/data/_station_9d6d40c6-d8cd-4403-8646-240b8087fa0c;Braskereidfoss;http://publications.europa.eu/resource/authority/country/NOR;Norway;;
https://data.banenor.no/data/_line_section_761beb8d-1c5d-44b7-bd9e-caaaf4efa17e;https://data.banenor.no/data/_station_1187f810-c308-47d4-9576-e0c1421552bf;Jensrud;B06-Gjøvikbanen;3.313;https://data.banenor.no/data/_station_75a9098e-5756-4238-a77a-606769e38bcf;Hakadal;http://publications.europa.eu/resource/authority/country/NOR;Norway;;
https://data.banenor.no/data/_line_section_761beb8d-1c5d-44b7-bd9e-caaaf4efa17e;https://data.banenor.no/data/_station_1187f810-c308-47d4-9576-e0c1421552bf;Jensrud;B06-Gjøvikbanen;3.313;https://data.banenor.no/data/_station_75a9098e-5756-4238-a77a-606769e38bcf;Hakadal;http://publications.europa.eu/resource/authority/country/NOR;Norway;;
https://data.banenor.no/data/_line_section_763d42d3-d14f-4f39-905a-4b04ef5adb50;https://data.banenor.no/data/_station_30190ba6-1bd4-4483-a56c-d98113119383;Grorud;B19-Hovedbanen;2.067;https://data.banenor.no/data/_station_f855cdd7-97f6-467b-a58c-cd7c40b1f528;Lørenskog;http://publications.europa.eu/resource/authority/country/NOR;Norway;;
https://data.banenor.no/data/_line_section_763d42d3-d14f-4f39-905a-4b04ef5adb50;https://data.banenor.no/data/_station_30190ba6-1bd4-4483-a56c-d98113119383;Grorud;B19-Hovedbanen;2.067;https://data.banenor.no/data/_station_f855cdd7-97f6-467b-a58c-cd7c40b1f528;Lørenskog;http://publications.europa.eu/resource/authority/country/NOR;Norway;;
https://data.banenor.no/data/_line_section_79a255b9-9d50-4ef3-a63e-5334111a48f1;https://data.banenor.no/data/_station_6fc359a8-207b-4696-8d67-30465ec1d896;Brobekk;B19-Hovedbanen;0.859;https://data.banenor.no/data/_station_e64b1c11-8300-4ab8-8522-d77870acd047;Aker;http://publications.europa.eu/resource/authority/country/NOR;Norway;;
https://data.banenor.no/data/_line_section_79a255b9-9d50-4ef3-a63e-5334111a48f1;https://data.banenor.no/data/_station_6fc359a8-207b-4696-8d67-30465ec1d896;Brobekk;B19-Hovedbanen;0.859;https://data.banenor.no/data/_station_e64b1c11-8300-4ab8-8522-d77870acd047;Aker;http://publications.europa.eu/resource/authority/country/NOR;Norway;;
https://data.banenor.no/data/_line_section_7be1bd5f-d45f-459a-8acf-fbafa5a2611e;https://data.banenor.no/data/_station_a9471cbb-66e6-4b7e-bde3-c5971b9a7f74;Gulskogen;B08-Sørlandsbanen;2.522;https://data.banenor.no/data/_station_fba80449-9e26-4407-999b-11c885230903;Daler;http://publications.europa.eu/resource/authority/country/NOR;Norway;;
https://data.banenor.no/data/_line_section_7be1bd5f-d45f-459a-8acf-fbafa5a2611e;https://data.banenor.no/data/_station_a9471cbb-66e6-4b7e-bde3-c5971b9a7f74;Gulskogen;B08-Sørlandsbanen;2.522;https://data.banenor.no/data/_station_fba80449-9e26-4407-999b-11c885230903;Daler;http://publications.europa.eu/resource/authority/country/NOR;Norway;;
https://data.banenor.no/data/_line_section_7c37c733-f781-4085-b3b2-144afa34fd1d;https://data.banenor.no/data/_station_8d6138bd-4ee2-4776-bedd-3f0cd1e77a2b;Harran;B05-Nordlandsbanen;14.59;https://data.banenor.no/data/_station_d76b870a-b68a-4075-997d-65a91bbb286f;Grong;http://publications.europa.eu/resource/authority/country/NOR;Norway;;
https://data.banenor.no/data/_line_section_7c37c733-f781-4085-b3b2-144afa34fd1d;https://data.banenor.no/data/_station_8d6138bd-4ee2-4776-bedd-3f0cd1e77a2b;Harran;B05-Nordlandsbanen;14.59;https://data.banenor.no/data/_station_d76b870a-b68a-4075-997d-65a91bbb286f;Grong;http://publications.europa.eu/resource/authority/country/NOR;Norway;;
https://data.banenor.no/data/_line_section_7d81bfee-f2b0-4a20-99bd-21bf85e036af;https://data.banenor.no/data/_station_01767330-9680-478f-94d6-366e5c35d8f0;Egersund;B08-Sørlandsbanen;5.495;https://data.banenor.no/data/_station_a9d336e7-d088-42e9-8905-9337a24b6cbf;Hellvik;http://publications.europa.eu/resource/authority/country/NOR;Norway;;
https://data.banenor.no/data/_line_section_7d81bfee-f2b0-4a20-99bd-21bf85e036af;https://data.banenor.no/data/_station_01767330-9680-478f-94d6-366e5c35d8f0;Egersund;B08-Sørlandsbanen;5.495;https://data.banenor.no/data/_station_a9d336e7-d088-42e9-8905-9337a24b6cbf;Hellvik;http://publications.europa.eu/resource/authority/country/NOR;Norway;;
https://data.banenor.no/data/_line_section_7e800f54-1423-4fc7-90d5-08f9bdb10857;https://data.banenor.no/data/_station_22df5d71-38d9-43d7-9072-5c1de75fb8d6;Nypan;B02-Dovrebanen;2.77;https://data.banenor.no/data/_station_612f36e1-5aaf-4924-a12d-65c0d54f3eab;Heimdal;http://publications.europa.eu/resource/authority/country/NOR;Norway;;
https://data.banenor.no/data/_line_section_7e800f54-1423-4fc7-90d5-08f9bdb10857;https://data.banenor.no/data/_station_22df5d71-38d9-43d7-9072-5c1de75fb8d6;Nypan;B02-Dovrebanen;2.77;https://data.banenor.no/data/_station_612f36e1-5aaf-4924-a12d-65c0d54f3eab;Heimdal;http://publications.europa.eu/resource/authority/country/NOR;Norway;;
https://data.banenor.no/data/_line_section_7f453e34-ad9e-46e4-8596-a8ee4742260e;https://data.banenor.no/data/_station_09e56b71-705f-4b43-bd42-789d4f77c1de;Midtsandan;B05-Nordlandsbanen;3.879;https://data.banenor.no/data/_station_26b3fb03-c87a-4071-9106-2cc2f5b69d91;Vikhammer;http://publications.europa.eu/resource/authority/country/NOR;Norway;;
https://data.banenor.no/data/_line_section_7f453e34-ad9e-46e4-8596-a8ee4742260e;https://data.banenor.no/data/_station_09e56b71-705f-4b43-bd42-789d4f77c1de;Midtsandan;B05-Nordlandsbanen;3.879;https://data.banenor.no/data/_station_26b3fb03-c87a-4071-9106-2cc2f5b69d91;Vikhammer;http://publications.europa.eu/resource/authority/country/NOR;Norway;;
https://data.banenor.no/data/_line_section_7fe2fe74-3335-4487-bb04-59399f441523;https://data.banenor.no/data/_station_bf14a2e5-ae46-4f37-bba7-2f6a36668f8c;Alnabru;B33-Alnabanen;2.389;https://data.banenor.no/data/_station_e8d7b89f-14dd-4ea6-831b-7b613be02fcf;Grefsen;http://publications.europa.eu/resource/authority/country/NOR;Norway;;
https://data.banenor.no/data/_line_section_7fe2fe74-3335-4487-bb04-59399f441523;https://data.banenor.no/data/_station_bf14a2e5-ae46-4f37-bba7-2f6a36668f8c;Alnabru;B33-Alnabanen;2.389;https://data.banenor.no/data/_station_e8d7b89f-14dd-4ea6-831b-7b613be02fcf;Grefsen;http://publications.europa.eu/resource/authority/country/NOR;Norway;;
https://data.banenor.no/data/_line_section_80406464-efe0-4766-9e8b-ea12cc54866a;https://data.banenor.no/data/_station_47220e6c-4bfc-4fff-ba9a-b560de203d2d;Kristiansand;B08-Sørlandsbanen;4.984;https://data.banenor.no/data/_station_92903691-c87e-45f6-98af-8679778a6191;Nodeland;http://publications.europa.eu/resource/authority/country/NOR;Norway;;
https://data.banenor.no/data/_line_section_80406464-efe0-4766-9e8b-ea12cc54866a;https://data.banenor.no/data/_station_47220e6c-4bfc-4fff-ba9a-b560de203d2d;Kristiansand;B08-Sørlandsbanen;4.984;https://data.banenor.no/data/_station_92903691-c87e-45f6-98af-8679778a6191;Nodeland;http://publications.europa.eu/resource/authority/country/NOR;Norway;;
https://data.banenor.no/data/_line_section_812b3817-814e-4294-9175-aebd731dd134;https://data.banenor.no/data/_station_cf8a0d2d-af8c-4cfe-a768-ef55f5b8f226;Årnes;B03-Kongsvingerbanen;7.989;https://data.banenor.no/data/_station_fbd28b10-184f-4288-85f6-e6a2d36e6d26;Haga;http://publications.europa.eu/resource/authority/country/NOR;Norway;;
https://data.banenor.no/data/_line_section_812b3817-814e-4294-9175-aebd731dd134;https://data.banenor.no/data/_station_cf8a0d2d-af8c-4cfe-a768-ef55f5b8f226;Årnes;B03-Kongsvingerbanen;7.989;https://data.banenor.no/data/_station_fbd28b10-184f-4288-85f6-e6a2d36e6d26;Haga;http://publications.europa.eu/resource/authority/country/NOR;Norway;;
https://data.banenor.no/data/_line_section_827dbe19-7a8b-4119-b622-c9127cdb5d42;https://data.banenor.no/data/_station_2dd31180-fd2f-4d50-b759-2d6b59cd0746;Bjerka;B05-Nordlandsbanen;26.454;https://data.banenor.no/data/_station_b5496d7b-f862-4b53-a81b-d88541b19161;Mo i Rana;http://publications.europa.eu/resource/authority/country/NOR;Norway;;
https://data.banenor.no/data/_line_section_827dbe19-7a8b-4119-b622-c9127cdb5d42;https://data.banenor.no/data/_station_2dd31180-fd2f-4d50-b759-2d6b59cd0746;Bjerka;B05-Nordlandsbanen;26.454;https://data.banenor.no/data/_station_b5496d7b-f862-4b53-a81b-d88541b19161;Mo i Rana;http://publications.europa.eu/resource/authority/country/NOR;Norway;;
https://data.banenor.no/data/_line_section_8287ecd4-f438-4be9-aaae-c633a0eace94;https://data.banenor.no/data/_station_5102ea38-f944-45a7-afad-8c810cc58bef;Gyland;B08-Sørlandsbanen;10.032;https://data.banenor.no/data/_station_5970d0e3-d0c4-45b4-8ae4-78e4d984ed63;Sandvatn;http://publications.europa.eu/resource/authority/country/NOR;Norway;;
https://data.banenor.no/data/_line_section_8287ecd4-f438-4be9-aaae-c633a0eace94;https://data.banenor.no/data/_station_5102ea38-f944-45a7-afad-8c810cc58bef;Gyland;B08-Sørlandsbanen;10.032;https://data.banenor.no/data/_station_5970d0e3-d0c4-45b4-8ae4-78e4d984ed63;Sandvatn;http://publications.europa.eu/resource/authority/country/NOR;Norway;;
https://data.banenor.no/data/_line_section_842a09e3-9d0f-4248-97d3-7ca04ea036d2;https://data.banenor.no/data/_station_16095b7b-b009-4312-a3fd-4941366d26f7;Stanghelle;B07-Bergensbanen;6.661;https://data.banenor.no/data/_station_dc37244f-f176-4772-8953-881a276e42f6;Vaksdal;http://publications.europa.eu/resource/authority/country/NOR;Norway;;
https://data.banenor.no/data/_line_section_842a09e3-9d0f-4248-97d3-7ca04ea036d2;https://data.banenor.no/data/_station_16095b7b-b009-4312-a3fd-4941366d26f7;Stanghelle;B07-Bergensbanen;6.661;https://data.banenor.no/data/_station_dc37244f-f176-4772-8953-881a276e42f6;Vaksdal;http://publications.europa.eu/resource/authority/country/NOR;Norway;;
https://data.banenor.no/data/_line_section_862891e8-993f-4f3b-bf92-b27e45b884ca;https://data.banenor.no/data/_station_83f7ea49-0cbe-4f05-a59a-9a526afc867c;Bergseng;B02-Dovrebanen;8.3291;https://data.banenor.no/data/_station_b144e043-0914-4ff4-9183-c3f676be8601;Lillehammer;http://publications.europa.eu/resource/authority/country/NOR;Norway;;
https://data.banenor.no/data/_line_section_862891e8-993f-4f3b-bf92-b27e45b884ca;https://data.banenor.no/data/_station_83f7ea49-0cbe-4f05-a59a-9a526afc867c;Bergseng;B02-Dovrebanen;8.3291;https://data.banenor.no/data/_station_b144e043-0914-4ff4-9183-c3f676be8601;Lillehammer;http://publications.europa.eu/resource/authority/country/NOR;Norway;;
https://data.banenor.no/data/_line_section_869c5246-372e-4f7f-b491-965d5dbc0cd4;https://data.banenor.no/data/_station_d1f6a503-cc2f-4a18-bf0f-00255358b2d1;Singsås;B04-Rørosbanen;24.83;https://data.banenor.no/data/_station_dc123751-712f-45c0-b761-d0025b8a7194;Haltdalen;http://publications.europa.eu/resource/authority/country/NOR;Norway;;
https://data.banenor.no/data/_line_section_869c5246-372e-4f7f-b491-965d5dbc0cd4;https://data.banenor.no/data/_station_d1f6a503-cc2f-4a18-bf0f-00255358b2d1;Singsås;B04-Rørosbanen;24.83;https://data.banenor.no/data/_station_dc123751-712f-45c0-b761-d0025b8a7194;Haltdalen;http://publications.europa.eu/resource/authority/country/NOR;Norway;;
https://data.banenor.no/data/_line_section_872426d4-9f58-445d-a680-22b9fee15e2b;https://data.banenor.no/data/_station_1fc06c69-5f06-4d5e-b1a8-69e843bbe7f7;Sand;B19-Hovedbanen;2.6047;https://data.banenor.no/data/_station_f20d6cfe-2fd9-49c7-8039-bfd327c2e883;Dal;http://publications.europa.eu/resource/authority/country/NOR;Norway;;
https://data.banenor.no/data/_line_section_872426d4-9f58-445d-a680-22b9fee15e2b;https://data.banenor.no/data/_station_1fc06c69-5f06-4d5e-b1a8-69e843bbe7f7;Sand;B19-Hovedbanen;2.6047;https://data.banenor.no/data/_station_f20d6cfe-2fd9-49c7-8039-bfd327c2e883;Dal;http://publications.europa.eu/resource/authority/country/NOR;Norway;;
https://data.banenor.no/data/_line_section_875d8ef3-e344-4786-a4f4-ca5e1d9d955a;https://data.banenor.no/data/_station_4e1778b7-09b2-4dae-a285-1083cbbe7bb1;Selsbakk;B02-Dovrebanen;2.386;https://data.banenor.no/data/_station_fa697d6e-c573-4142-bb16-43522100b664;Trondheim S;http://publications.europa.eu/resource/authority/country/NOR;Norway;;
https://data.banenor.no/data/_line_section_875d8ef3-e344-4786-a4f4-ca5e1d9d955a;https://data.banenor.no/data/_station_4e1778b7-09b2-4dae-a285-1083cbbe7bb1;Selsbakk;B02-Dovrebanen;2.386;https://data.banenor.no/data/_station_fa697d6e-c573-4142-bb16-43522100b664;Trondheim S;http://publications.europa.eu/resource/authority/country/NOR;Norway;;
https://data.banenor.no/data/_line_section_88aaf308-50d5-4030-b628-19fdacfe42da;https://data.banenor.no/data/_station_044fd7b3-65fa-481a-8635-41df2e5d5719;Vennesla;B08-Sørlandsbanen;8.336;https://data.banenor.no/data/_station_d9303dbf-09bb-4f5f-90b4-422aa04c7e58;Langemyr;http://publications.europa.eu/resource/authority/country/NOR;Norway;;
https://data.banenor.no/data/_line_section_88aaf308-50d5-4030-b628-19fdacfe42da;https://data.banenor.no/data/_station_044fd7b3-65fa-481a-8635-41df2e5d5719;Vennesla;B08-Sørlandsbanen;8.336;https://data.banenor.no/data/_station_d9303dbf-09bb-4f5f-90b4-422aa04c7e58;Langemyr;http://publications.europa.eu/resource/authority/country/NOR;Norway;;
https://data.banenor.no/data/_line_section_88f69a5f-2db2-41f6-a029-ed198afb1a78;https://data.banenor.no/data/_station_52e70b22-3ee1-4aab-866c-b7901367ba58;Berg;B01-Østfoldbanen Vestre;3.8185;https://data.banenor.no/data/_station_e9deae84-8361-4098-93df-8152280079cb;Halden;http://publications.europa.eu/resource/authority/country/NOR;Norway;;
https://data.banenor.no/data/_line_section_88f69a5f-2db2-41f6-a029-ed198afb1a78;https://data.banenor.no/data/_station_52e70b22-3ee1-4aab-866c-b7901367ba58;Berg;B01-Østfoldbanen Vestre;3.8185;https://data.banenor.no/data/_station_e9deae84-8361-4098-93df-8152280079cb;Halden;http://publications.europa.eu/resource/authority/country/NOR;Norway;;
https://data.banenor.no/data/_line_section_89558fdf-91c1-4431-9bd5-ab5486212b25;https://data.banenor.no/data/_station_10c7f7e6-3e90-4972-aa11-4583e65b8910;Hjuksebø;B08-Sørlandsbanen;10.309899999999999;https://data.banenor.no/data/_station_d833b005-9a78-4ff9-b7bb-6151f4439753;Øysteinstul;http://publications.europa.eu/resource/authority/country/NOR;Norway;;
https://data.banenor.no/data/_line_section_89558fdf-91c1-4431-9bd5-ab5486212b25;https://data.banenor.no/data/_station_10c7f7e6-3e90-4972-aa11-4583e65b8910;Hjuksebø;B08-Sørlandsbanen;10.309899999999999;https://data.banenor.no/data/_station_d833b005-9a78-4ff9-b7bb-6151f4439753;Øysteinstul;http://publications.europa.eu/resource/authority/country/NOR;Norway;;
https://data.banenor.no/data/_line_section_8b02f5db-fde1-46e8-bdfb-92cd2c316ff6;https://data.banenor.no/data/_station_4ce45c18-1dd3-4273-98f9-d704a571b45e;Asker;B20-Drammensbanen;5.323;https://data.banenor.no/data/_station_c0ccaa4a-9ab9-41c4-b638-eebc0ab78c6e;Eriksrud;http://publications.europa.eu/resource/authority/country/NOR;Norway;;
https://data.banenor.no/data/_line_section_8b02f5db-fde1-46e8-bdfb-92cd2c316ff6;https://data.banenor.no/data/_station_4ce45c18-1dd3-4273-98f9-d704a571b45e;Asker;B20-Drammensbanen;5.323;https://data.banenor.no/data/_station_c0ccaa4a-9ab9-41c4-b638-eebc0ab78c6e;Eriksrud;http://publications.europa.eu/resource/authority/country/NOR;Norway;;
https://data.banenor.no/data/_line_section_8b1acf47-13f6-42cd-83ec-0d4bc367a548;https://data.banenor.no/data/_station_56c77448-509d-4787-9b39-b810e527bca2;Rolvsøy;B01-Østfoldbanen Vestre;4.1028;https://data.banenor.no/data/_station_e0995027-8943-48ca-be21-8d0f643b7bff;Sandesund;http://publications.europa.eu/resource/authority/country/NOR;Norway;;
https://data.banenor.no/data/_line_section_8b1acf47-13f6-42cd-83ec-0d4bc367a548;https://data.banenor.no/data/_station_56c77448-509d-4787-9b39-b810e527bca2;Rolvsøy;B01-Østfoldbanen Vestre;4.1028;https://data.banenor.no/data/_station_e0995027-8943-48ca-be21-8d0f643b7bff;Sandesund;http://publications.europa.eu/resource/authority/country/NOR;Norway;;
https://data.banenor.no/data/_line_section_8b1cf364-8853-46f3-b01f-9bb2eac7ad13;https://data.banenor.no/data/_station_0c0dd7be-32fa-4931-9c13-2f414fed692b;Melhus;B02-Dovrebanen;2.21;https://data.banenor.no/data/_station_67d0bbb0-2adc-4e1b-acfc-2276c669874e;Søberg;http://publications.europa.eu/resource/authority/country/NOR;Norway;;
https://data.banenor.no/data/_line_section_8b1cf364-8853-46f3-b01f-9bb2eac7ad13;https://data.banenor.no/data/_station_0c0dd7be-32fa-4931-9c13-2f414fed692b;Melhus;B02-Dovrebanen;2.21;https://data.banenor.no/data/_station_67d0bbb0-2adc-4e1b-acfc-2276c669874e;Søberg;http://publications.europa.eu/resource/authority/country/NOR;Norway;;
https://data.banenor.no/data/_line_section_8b4dbe86-7b4d-40cf-b2fe-6fc5c4c5a5b3;https://data.banenor.no/data/_station_6f4631b0-6e86-4f10-93e9-fd03d06534bc;Fauske;B05-Nordlandsbanen;28.31;https://data.banenor.no/data/_station_b9257fc6-105d-430f-9657-863281d14123;Oteråga;http://publications.europa.eu/resource/authority/country/NOR;Norway;;
https://data.banenor.no/data/_line_section_8b4dbe86-7b4d-40cf-b2fe-6fc5c4c5a5b3;https://data.banenor.no/data/_station_6f4631b0-6e86-4f10-93e9-fd03d06534bc;Fauske;B05-Nordlandsbanen;28.31;https://data.banenor.no/data/_station_b9257fc6-105d-430f-9657-863281d14123;Oteråga;http://publications.europa.eu/resource/authority/country/NOR;Norway;;
https://data.banenor.no/data/_line_section_8cde6ceb-ed35-4fee-a62a-7e24f6537a66;https://data.banenor.no/data/_station_30f4211e-265e-45bd-81c3-4b6858aa1459;Strandlykkja;B02-Dovrebanen;4.545;https://data.banenor.no/data/_station_9113ac32-7ee8-45ad-bf02-9ec162df7526;Espa;http://publications.europa.eu/resource/authority/country/NOR;Norway;;
https://data.banenor.no/data/_line_section_8cde6ceb-ed35-4fee-a62a-7e24f6537a66;https://data.banenor.no/data/_station_30f4211e-265e-45bd-81c3-4b6858aa1459;Strandlykkja;B02-Dovrebanen;4.545;https://data.banenor.no/data/_station_9113ac32-7ee8-45ad-bf02-9ec162df7526;Espa;http://publications.europa.eu/resource/authority/country/NOR;Norway;;
https://data.banenor.no/data/_line_section_8f625204-f39c-4b0b-8c65-3e8dfc9dca89;https://data.banenor.no/data/_station_c8323200-5738-44d5-b55e-c58a05a5a309;Krekling;B08-Sørlandsbanen;3.053;https://data.banenor.no/data/_station_f9ac7279-8f6d-4969-82ff-7d061b612380;Darbu;http://publications.europa.eu/resource/authority/country/NOR;Norway;;
https://data.banenor.no/data/_line_section_8f625204-f39c-4b0b-8c65-3e8dfc9dca89;https://data.banenor.no/data/_station_c8323200-5738-44d5-b55e-c58a05a5a309;Krekling;B08-Sørlandsbanen;3.053;https://data.banenor.no/data/_station_f9ac7279-8f6d-4969-82ff-7d061b612380;Darbu;http://publications.europa.eu/resource/authority/country/NOR;Norway;;
https://data.banenor.no/data/_line_section_8fb0f530-eb45-4be8-bc09-82fa9bbf9984;https://data.banenor.no/data/_station_6f4631b0-6e86-4f10-93e9-fd03d06534bc;Fauske;B05-Nordlandsbanen;25.338;https://data.banenor.no/data/_station_ccaf629b-91ce-4c87-9b23-a704d0722cb4;Rognan;http://publications.europa.eu/resource/authority/country/NOR;Norway;;
https://data.banenor.no/data/_line_section_8fb0f530-eb45-4be8-bc09-82fa9bbf9984;https://data.banenor.no/data/_station_6f4631b0-6e86-4f10-93e9-fd03d06534bc;Fauske;B05-Nordlandsbanen;25.338;https://data.banenor.no/data/_station_ccaf629b-91ce-4c87-9b23-a704d0722cb4;Rognan;http://publications.europa.eu/resource/authority/country/NOR;Norway;;
https://data.banenor.no/data/_line_section_8fdd322a-379c-4161-bb64-61707b13b102;https://data.banenor.no/data/_station_99f7c9b6-b4e8-4c7d-a71e-2191e448dd15;Katterat;B21-Ofotbanen;5.99;https://data.banenor.no/data/_station_fea3e39e-a3e0-4411-b4c5-46b644887615;Rombak;http://publications.europa.eu/resource/authority/country/NOR;Norway;;
https://data.banenor.no/data/_line_section_8fdd322a-379c-4161-bb64-61707b13b102;https://data.banenor.no/data/_station_99f7c9b6-b4e8-4c7d-a71e-2191e448dd15;Katterat;B21-Ofotbanen;5.99;https://data.banenor.no/data/_station_fea3e39e-a3e0-4411-b4c5-46b644887615;Rombak;http://publications.europa.eu/resource/authority/country/NOR;Norway;;
https://data.banenor.no/data/_line_section_9026d957-4235-414f-b2b8-49ddec81f47d;https://data.banenor.no/data/_station_323386d5-c5b4-4d50-aac8-007f7852dbc7;Ustaoset;B07-Bergensbanen;10.083;https://data.banenor.no/data/_station_5b572ad0-750d-436d-96a6-55b4022015f3;Geilo;http://publications.europa.eu/resource/authority/country/NOR;Norway;;
https://data.banenor.no/data/_line_section_9026d957-4235-414f-b2b8-49ddec81f47d;https://data.banenor.no/data/_station_323386d5-c5b4-4d50-aac8-007f7852dbc7;Ustaoset;B07-Bergensbanen;10.083;https://data.banenor.no/data/_station_5b572ad0-750d-436d-96a6-55b4022015f3;Geilo;http://publications.europa.eu/resource/authority/country/NOR;Norway;;
https://data.banenor.no/data/_line_section_91325a7a-c1d8-4d75-8ad3-90837bb1dedb;https://data.banenor.no/data/_station_29d2183d-0dd1-4b68-82cf-7c5cc0e8e5d7;Åsen;B05-Nordlandsbanen;7.38;https://data.banenor.no/data/_station_fa2f79ea-2b9c-4488-aafb-64ffea794a36;Ronglan;http://publications.europa.eu/resource/authority/country/NOR;Norway;;
https://data.banenor.no/data/_line_section_91325a7a-c1d8-4d75-8ad3-90837bb1dedb;https://data.banenor.no/data/_station_29d2183d-0dd1-4b68-82cf-7c5cc0e8e5d7;Åsen;B05-Nordlandsbanen;7.38;https://data.banenor.no/data/_station_fa2f79ea-2b9c-4488-aafb-64ffea794a36;Ronglan;http://publications.europa.eu/resource/authority/country/NOR;Norway;;
https://data.banenor.no/data/_line_section_915e0f10-6fbb-42c2-b659-06eca61d222d;https://data.banenor.no/data/_station_67474fd1-b72a-4ca5-b19d-1f1655097d58;Stange;B02-Dovrebanen;2.4461999999999997;https://data.banenor.no/data/_station_82fcb6c8-0992-415a-b13e-03624ddef065;Ottestad;http://publications.europa.eu/resource/authority/country/NOR;Norway;;
https://data.banenor.no/data/_line_section_915e0f10-6fbb-42c2-b659-06eca61d222d;https://data.banenor.no/data/_station_67474fd1-b72a-4ca5-b19d-1f1655097d58;Stange;B02-Dovrebanen;2.4461999999999997;https://data.banenor.no/data/_station_82fcb6c8-0992-415a-b13e-03624ddef065;Ottestad;http://publications.europa.eu/resource/authority/country/NOR;Norway;;
https://data.banenor.no/data/_line_section_93647c47-fcbc-4399-aef3-39e91a13b102;https://data.banenor.no/data/_station_30190ba6-1bd4-4483-a56c-d98113119383;Grorud;B19-Hovedbanen;0.848;https://data.banenor.no/data/_station_e64b1c11-8300-4ab8-8522-d77870acd047;Aker;http://publications.europa.eu/resource/authority/country/NOR;Norway;;
https://data.banenor.no/data/_line_section_93647c47-fcbc-4399-aef3-39e91a13b102;https://data.banenor.no/data/_station_30190ba6-1bd4-4483-a56c-d98113119383;Grorud;B19-Hovedbanen;0.848;https://data.banenor.no/data/_station_e64b1c11-8300-4ab8-8522-d77870acd047;Aker;http://publications.europa.eu/resource/authority/country/NOR;Norway;;
https://data.banenor.no/data/_line_section_9366148c-7e8e-4ada-be98-2fdba53de690;https://data.banenor.no/data/_station_9e439d77-7b10-4ca0-96e5-7674448278b0;Nordagutu;B13-Bratsbergbanen;8.944;https://data.banenor.no/data/_station_e0618502-9601-4353-a151-5348a237287c;Valebø;http://publications.europa.eu/resource/authority/country/NOR;Norway;;
https://data.banenor.no/data/_line_section_9366148c-7e8e-4ada-be98-2fdba53de690;https://data.banenor.no/data/_station_9e439d77-7b10-4ca0-96e5-7674448278b0;Nordagutu;B13-Bratsbergbanen;8.944;https://data.banenor.no/data/_station_e0618502-9601-4353-a151-5348a237287c;Valebø;http://publications.europa.eu/resource/authority/country/NOR;Norway;;
https://data.banenor.no/data/_line_section_93d56753-c859-401a-bc0e-31c80a835009;https://data.banenor.no/data/_station_639e2cde-be68-4c5a-890f-996395efbb98;Holmestrand;B09-Vestfoldbanen;1.64;https://data.banenor.no/data/_station_a0f7ae1a-a97d-426c-990c-c8e15f7c5139;Nykirke (kryssingsspor) ;http://publications.europa.eu/resource/authority/country/NOR;Norway;;
https://data.banenor.no/data/_line_section_93d56753-c859-401a-bc0e-31c80a835009;https://data.banenor.no/data/_station_639e2cde-be68-4c5a-890f-996395efbb98;Holmestrand;B09-Vestfoldbanen;1.64;https://data.banenor.no/data/_station_a0f7ae1a-a97d-426c-990c-c8e15f7c5139;Nykirke (kryssingsspor) ;http://publications.europa.eu/resource/authority/country/NOR;Norway;;
https://data.banenor.no/data/_line_section_93d85c3f-1543-48a7-a3af-eec9c80f41c3;https://data.banenor.no/data/_station_bb41fa27-ca31-4f00-9776-b7640c4a47ba;Garli;B02-Dovrebanen;9.2;https://data.banenor.no/data/_station_c5c748a4-fa58-4ea0-8666-1f4a223084bc;Berkåk;http://publications.europa.eu/resource/authority/country/NOR;Norway;;
https://data.banenor.no/data/_line_section_93d85c3f-1543-48a7-a3af-eec9c80f41c3;https://data.banenor.no/data/_station_bb41fa27-ca31-4f00-9776-b7640c4a47ba;Garli;B02-Dovrebanen;9.2;https://data.banenor.no/data/_station_c5c748a4-fa58-4ea0-8666-1f4a223084bc;Berkåk;http://publications.europa.eu/resource/authority/country/NOR;Norway;;
https://data.banenor.no/data/_line_section_94a484c1-7272-430f-90a9-0f990fa65809;https://data.banenor.no/data/_station_b2fa421f-6a31-4f9e-8454-0fc68aa03fad;Disenå;B03-Kongsvingerbanen;4.239199999999999;https://data.banenor.no/data/_station_e43f6ac5-2fff-46d9-aa75-66b906ac6985;Seterstøa;http://publications.europa.eu/resource/authority/country/NOR;Norway;;
https://data.banenor.no/data/_line_section_94a484c1-7272-430f-90a9-0f990fa65809;https://data.banenor.no/data/_station_b2fa421f-6a31-4f9e-8454-0fc68aa03fad;Disenå;B03-Kongsvingerbanen;4.239199999999999;https://data.banenor.no/data/_station_e43f6ac5-2fff-46d9-aa75-66b906ac6985;Seterstøa;http://publications.europa.eu/resource/authority/country/NOR;Norway;;
https://data.banenor.no/data/_line_section_94df3b2f-de8a-4c34-a8e8-e475e20618ea;https://data.banenor.no/data/_station_37a7205b-fb48-4bf4-8acf-39e8f6a2e4d3;Kråkstad;B10-Østfoldbanen Østre;4.577;https://data.banenor.no/data/_station_cc0be4c4-e83d-43b5-8ecc-797ba2ff68f8;Ski;http://publications.europa.eu/resource/authority/country/NOR;Norway;;
https://data.banenor.no/data/_line_section_94df3b2f-de8a-4c34-a8e8-e475e20618ea;https://data.banenor.no/data/_station_37a7205b-fb48-4bf4-8acf-39e8f6a2e4d3;Kråkstad;B10-Østfoldbanen Østre;4.577;https://data.banenor.no/data/_station_cc0be4c4-e83d-43b5-8ecc-797ba2ff68f8;Ski;http://publications.europa.eu/resource/authority/country/NOR;Norway;;
https://data.banenor.no/data/_line_section_96612f2a-759f-49dc-9611-19490f0478a3;https://data.banenor.no/data/_station_3f3f78ee-4ea4-42e2-9dc3-dcf4c3a43e32;Kongsvinger;B15-Solørbanen;30.618;https://data.banenor.no/data/_station_76780be2-6604-45e0-8a4b-e93ff026c91b;Kirkenær;http://publications.europa.eu/resource/authority/country/NOR;Norway;;
https://data.banenor.no/data/_line_section_96612f2a-759f-49dc-9611-19490f0478a3;https://data.banenor.no/data/_station_3f3f78ee-4ea4-42e2-9dc3-dcf4c3a43e32;Kongsvinger;B15-Solørbanen;30.618;https://data.banenor.no/data/_station_76780be2-6604-45e0-8a4b-e93ff026c91b;Kirkenær;http://publications.europa.eu/resource/authority/country/NOR;Norway;;
https://data.banenor.no/data/_line_section_9a38428d-5287-4194-951c-992fe8195836;https://data.banenor.no/data/_station_05c08c84-d21a-4d0c-a252-5d252f3f7ce2;Asper;B19-Hovedbanen;1.842;https://data.banenor.no/data/_station_8415e716-31f6-4ae8-805f-a0d3ea5bb1ab;Kløfta;http://publications.europa.eu/resource/authority/country/NOR;Norway;;
https://data.banenor.no/data/_line_section_9a38428d-5287-4194-951c-992fe8195836;https://data.banenor.no/data/_station_05c08c84-d21a-4d0c-a252-5d252f3f7ce2;Asper;B19-Hovedbanen;1.842;https://data.banenor.no/data/_station_8415e716-31f6-4ae8-805f-a0d3ea5bb1ab;Kløfta;http://publications.europa.eu/resource/authority/country/NOR;Norway;;
https://data.banenor.no/data/_line_section_9a9b0658-4e45-4f46-b494-8add030ecbf9;https://data.banenor.no/data/_station_b28f7cd3-5d75-4970-851d-4c8d31d80622;Sander;B03-Kongsvingerbanen;6.5443;https://data.banenor.no/data/_station_dd953edc-15c5-406a-9439-193a4864e57d;Skarnes;http://publications.europa.eu/resource/authority/country/NOR;Norway;;
https://data.banenor.no/data/_line_section_9a9b0658-4e45-4f46-b494-8add030ecbf9;https://data.banenor.no/data/_station_b28f7cd3-5d75-4970-851d-4c8d31d80622;Sander;B03-Kongsvingerbanen;6.5443;https://data.banenor.no/data/_station_dd953edc-15c5-406a-9439-193a4864e57d;Skarnes;http://publications.europa.eu/resource/authority/country/NOR;Norway;;
https://data.banenor.no/data/_line_section_9d612e70-a765-4ee1-ba08-1746c0947c2a;https://data.banenor.no/data/_station_6e0ac348-aad1-4b5f-a9db-1a9f9abea841;Hen;B12-Randsfjordbanen;4.997;https://data.banenor.no/data/_station_d4b94398-1b33-4a77-a398-40fd718e1a9e;Hønefoss;http://publications.europa.eu/resource/authority/country/NOR;Norway;;
https://data.banenor.no/data/_line_section_9d612e70-a765-4ee1-ba08-1746c0947c2a;https://data.banenor.no/data/_station_6e0ac348-aad1-4b5f-a9db-1a9f9abea841;Hen;B12-Randsfjordbanen;4.997;https://data.banenor.no/data/_station_d4b94398-1b33-4a77-a398-40fd718e1a9e;Hønefoss;http://publications.europa.eu/resource/authority/country/NOR;Norway;;
https://data.banenor.no/data/_line_section_9dd609d8-2724-40a0-a417-5d127bbe85a5;https://data.banenor.no/data/_station_a8eeed8e-28cc-4492-81dc-07723f7bf2da;Skonseng;B05-Nordlandsbanen;11.258;https://data.banenor.no/data/_station_b5496d7b-f862-4b53-a81b-d88541b19161;Mo i Rana;http://publications.europa.eu/resource/authority/country/NOR;Norway;;
https://data.banenor.no/data/_line_section_9dd609d8-2724-40a0-a417-5d127bbe85a5;https://data.banenor.no/data/_station_a8eeed8e-28cc-4492-81dc-07723f7bf2da;Skonseng;B05-Nordlandsbanen;11.258;https://data.banenor.no/data/_station_b5496d7b-f862-4b53-a81b-d88541b19161;Mo i Rana;http://publications.europa.eu/resource/authority/country/NOR;Norway;;
https://data.banenor.no/data/_line_section_9e4505bb-c738-47a6-91ba-980e8b2b9901;https://data.banenor.no/data/_station_1fc06c69-5f06-4d5e-b1a8-69e843bbe7f7;Sand;B19-Hovedbanen;2.209;https://data.banenor.no/data/_station_93a6fdee-b4b6-4bff-9db8-ceaee7c60a64;Hauerseter;http://publications.europa.eu/resource/authority/country/NOR;Norway;;
https://data.banenor.no/data/_line_section_9e4505bb-c738-47a6-91ba-980e8b2b9901;https://data.banenor.no/data/_station_1fc06c69-5f06-4d5e-b1a8-69e843bbe7f7;Sand;B19-Hovedbanen;2.209;https://data.banenor.no/data/_station_93a6fdee-b4b6-4bff-9db8-ceaee7c60a64;Hauerseter;http://publications.europa.eu/resource/authority/country/NOR;Norway;;
https://data.banenor.no/data/_line_section_9e5a1b22-d683-436a-9877-f3a462af8c8b;https://data.banenor.no/data/_station_3384999a-2c0b-4f38-841d-fb848fcde2ed;Oppegård;B01-Østfoldbanen Vestre;1.0395;https://data.banenor.no/data/_station_deb9f8f3-7c8a-4084-971f-e02f2fbfe3fe;Myrvoll;http://publications.europa.eu/resource/authority/country/NOR;Norway;;
https://data.banenor.no/data/_line_section_9e5a1b22-d683-436a-9877-f3a462af8c8b;https://data.banenor.no/data/_station_3384999a-2c0b-4f38-841d-fb848fcde2ed;Oppegård;B01-Østfoldbanen Vestre;1.0395;https://data.banenor.no/data/_station_deb9f8f3-7c8a-4084-971f-e02f2fbfe3fe;Myrvoll;http://publications.europa.eu/resource/authority/country/NOR;Norway;;
https://data.banenor.no/data/_line_section_9e88853a-9880-431d-840f-f2e7b2e17a0d;https://data.banenor.no/data/_station_11a6a5c2-889f-495b-bb1e-ec7533f8acf3;Ogna;B08-Sørlandsbanen;2.676;https://data.banenor.no/data/_station_3ec963e1-fde3-4ed9-937f-e43afd5f3b7c;Brusand;http://publications.europa.eu/resource/authority/country/NOR;Norway;;
https://data.banenor.no/data/_line_section_9e88853a-9880-431d-840f-f2e7b2e17a0d;https://data.banenor.no/data/_station_11a6a5c2-889f-495b-bb1e-ec7533f8acf3;Ogna;B08-Sørlandsbanen;2.676;https://data.banenor.no/data/_station_3ec963e1-fde3-4ed9-937f-e43afd5f3b7c;Brusand;http://publications.europa.eu/resource/authority/country/NOR;Norway;;
https://data.banenor.no/data/_line_section_9f90fee0-36f5-4225-bca2-be73a7c17cd9;https://data.banenor.no/data/_station_dcc7c235-7287-46f2-a257-4b0dde66c863;Aspedammen;B01-Østfoldbanen Vestre;11.578100000000001;https://data.banenor.no/data/_station_e9deae84-8361-4098-93df-8152280079cb;Halden;http://publications.europa.eu/resource/authority/country/NOR;Norway;;
https://data.banenor.no/data/_line_section_9f90fee0-36f5-4225-bca2-be73a7c17cd9;https://data.banenor.no/data/_station_dcc7c235-7287-46f2-a257-4b0dde66c863;Aspedammen;B01-Østfoldbanen Vestre;11.578100000000001;https://data.banenor.no/data/_station_e9deae84-8361-4098-93df-8152280079cb;Halden;http://publications.europa.eu/resource/authority/country/NOR;Norway;;
https://data.banenor.no/data/_line_section_a2c26732-3fb6-4f0b-ab41-6a7c4a71685a;https://data.banenor.no/data/_station_1e1c27c6-e4a7-4c29-8ccd-8cbe2ec20bf6;Elverum;B15-Solørbanen;18.88;https://data.banenor.no/data/_station_9d6d40c6-d8cd-4403-8646-240b8087fa0c;Braskereidfoss;http://publications.europa.eu/resource/authority/country/NOR;Norway;;
https://data.banenor.no/data/_line_section_a2c26732-3fb6-4f0b-ab41-6a7c4a71685a;https://data.banenor.no/data/_station_1e1c27c6-e4a7-4c29-8ccd-8cbe2ec20bf6;Elverum;B15-Solørbanen;18.88;https://data.banenor.no/data/_station_9d6d40c6-d8cd-4403-8646-240b8087fa0c;Braskereidfoss;http://publications.europa.eu/resource/authority/country/NOR;Norway;;
https://data.banenor.no/data/_line_section_a2cdce3d-56cb-4212-aa1a-db812b5862a0;https://data.banenor.no/data/_station_52e70b22-3ee1-4aab-866c-b7901367ba58;Berg;B01-Østfoldbanen Vestre;2.9413;https://data.banenor.no/data/_station_aad3bb96-1895-4bdd-aaa2-b5d95018027f;Ingedal;http://publications.europa.eu/resource/authority/country/NOR;Norway;;
https://data.banenor.no/data/_line_section_a2cdce3d-56cb-4212-aa1a-db812b5862a0;https://data.banenor.no/data/_station_52e70b22-3ee1-4aab-866c-b7901367ba58;Berg;B01-Østfoldbanen Vestre;2.9413;https://data.banenor.no/data/_station_aad3bb96-1895-4bdd-aaa2-b5d95018027f;Ingedal;http://publications.europa.eu/resource/authority/country/NOR;Norway;;
https://data.banenor.no/data/_line_section_a40a27ee-4344-411e-b66d-bbee0d95486f;https://data.banenor.no/data/_station_01767330-9680-478f-94d6-366e5c35d8f0;Egersund;B08-Sørlandsbanen;13.353;https://data.banenor.no/data/_station_3a563cf8-89d2-4717-bef5-95636c1b5d1a;Helleland;http://publications.europa.eu/resource/authority/country/NOR;Norway;;
https://data.banenor.no/data/_line_section_a40a27ee-4344-411e-b66d-bbee0d95486f;https://data.banenor.no/data/_station_01767330-9680-478f-94d6-366e5c35d8f0;Egersund;B08-Sørlandsbanen;13.353;https://data.banenor.no/data/_station_3a563cf8-89d2-4717-bef5-95636c1b5d1a;Helleland;http://publications.europa.eu/resource/authority/country/NOR;Norway;;
https://data.banenor.no/data/_line_section_a5cd18c5-511d-4892-a605-884751e9a7d4;https://data.banenor.no/data/_station_2a2fdec6-a6ef-4e4a-85ea-4be875763447;Bekkedalshøgda;B23-Gardermobanen;5.2485;https://data.banenor.no/data/_station_c404df2a-72ea-441b-bb84-069afd73b45b;Eidsvoll;http://publications.europa.eu/resource/authority/country/NOR;Norway;;
https://data.banenor.no/data/_line_section_a5cd18c5-511d-4892-a605-884751e9a7d4;https://data.banenor.no/data/_station_2a2fdec6-a6ef-4e4a-85ea-4be875763447;Bekkedalshøgda;B23-Gardermobanen;5.2485;https://data.banenor.no/data/_station_c404df2a-72ea-441b-bb84-069afd73b45b;Eidsvoll;http://publications.europa.eu/resource/authority/country/NOR;Norway;;
https://data.banenor.no/data/_line_section_a61d12f5-4afa-415d-a3de-5a519d0199f9;https://data.banenor.no/data/_station_b4ed8be0-2435-47e6-babf-07a2f8241705;Lyser;B08-Sørlandsbanen;5.752;https://data.banenor.no/data/_station_d8affabb-0134-48a3-a5c0-3c09af2b602e;Gjerstad;http://publications.europa.eu/resource/authority/country/NOR;Norway;;
https://data.banenor.no/data/_line_section_a61d12f5-4afa-415d-a3de-5a519d0199f9;https://data.banenor.no/data/_station_b4ed8be0-2435-47e6-babf-07a2f8241705;Lyser;B08-Sørlandsbanen;5.752;https://data.banenor.no/data/_station_d8affabb-0134-48a3-a5c0-3c09af2b602e;Gjerstad;http://publications.europa.eu/resource/authority/country/NOR;Norway;;
https://data.banenor.no/data/_line_section_a72e6c22-fe53-4d89-81e4-042d0fa59c0e;https://data.banenor.no/data/_station_57791fd1-9c91-4a6d-80a1-70ba9b23dac7;Gudå;B16-Meråkerbanen;15.102;https://data.banenor.no/data/_station_7334ecb0-dfba-4302-8788-1bd7986e96ab;Kopperå;http://publications.europa.eu/resource/authority/country/NOR;Norway;;
https://data.banenor.no/data/_line_section_a72e6c22-fe53-4d89-81e4-042d0fa59c0e;https://data.banenor.no/data/_station_57791fd1-9c91-4a6d-80a1-70ba9b23dac7;Gudå;B16-Meråkerbanen;15.102;https://data.banenor.no/data/_station_7334ecb0-dfba-4302-8788-1bd7986e96ab;Kopperå;http://publications.europa.eu/resource/authority/country/NOR;Norway;;
https://data.banenor.no/data/_line_section_a755f8a2-c766-4150-acfc-0108966c05ec;https://data.banenor.no/data/_station_1bbfc0be-202e-4de2-a59f-50521a81ecc8;Voss;Voss-Palmafoss;2.766;https://data.banenor.no/data/_station_3d21952a-a050-43e6-b423-33d297c95d92;Palmafoss;http://publications.europa.eu/resource/authority/country/NOR;Norway;;
https://data.banenor.no/data/_line_section_a755f8a2-c766-4150-acfc-0108966c05ec;https://data.banenor.no/data/_station_1bbfc0be-202e-4de2-a59f-50521a81ecc8;Voss;Voss-Palmafoss;2.766;https://data.banenor.no/data/_station_3d21952a-a050-43e6-b423-33d297c95d92;Palmafoss;http://publications.europa.eu/resource/authority/country/NOR;Norway;;
https://data.banenor.no/data/_line_section_a7e35e9a-5a4c-4e3b-83a1-7241006ec607;https://data.banenor.no/data/_station_d79890f2-f40f-40df-84bd-d59ef964649c;Vestfossen;B08-Sørlandsbanen;4.433;https://data.banenor.no/data/_station_f9ac7279-8f6d-4969-82ff-7d061b612380;Darbu;http://publications.europa.eu/resource/authority/country/NOR;Norway;;
https://data.banenor.no/data/_line_section_a7e35e9a-5a4c-4e3b-83a1-7241006ec607;https://data.banenor.no/data/_station_d79890f2-f40f-40df-84bd-d59ef964649c;Vestfossen;B08-Sørlandsbanen;4.433;https://data.banenor.no/data/_station_f9ac7279-8f6d-4969-82ff-7d061b612380;Darbu;http://publications.europa.eu/resource/authority/country/NOR;Norway;;
https://data.banenor.no/data/_line_section_a83d6b5f-f600-45bf-a5e1-abd60237c6f2;https://data.banenor.no/data/_station_044fd7b3-65fa-481a-8635-41df2e5d5719;Vennesla;B08-Sørlandsbanen;3.707;https://data.banenor.no/data/_station_6d95c846-63d0-4c5b-b6b5-d6cd49cbb029;Grovane;http://publications.europa.eu/resource/authority/country/NOR;Norway;;
https://data.banenor.no/data/_line_section_a83d6b5f-f600-45bf-a5e1-abd60237c6f2;https://data.banenor.no/data/_station_044fd7b3-65fa-481a-8635-41df2e5d5719;Vennesla;B08-Sørlandsbanen;3.707;https://data.banenor.no/data/_station_6d95c846-63d0-4c5b-b6b5-d6cd49cbb029;Grovane;http://publications.europa.eu/resource/authority/country/NOR;Norway;;
https://data.banenor.no/data/_line_section_a85113ea-636b-493c-9b0d-f42f57b13055;https://data.banenor.no/data/_station_09e56b71-705f-4b43-bd42-789d4f77c1de;Midtsandan;B05-Nordlandsbanen;2.659;https://data.banenor.no/data/_station_52ea88a1-7e8a-4ce6-a674-45ab18488a25;Hommelvik;http://publications.europa.eu/resource/authority/country/NOR;Norway;;
https://data.banenor.no/data/_line_section_a85113ea-636b-493c-9b0d-f42f57b13055;https://data.banenor.no/data/_station_09e56b71-705f-4b43-bd42-789d4f77c1de;Midtsandan;B05-Nordlandsbanen;2.659;https://data.banenor.no/data/_station_52ea88a1-7e8a-4ce6-a674-45ab18488a25;Hommelvik;http://publications.europa.eu/resource/authority/country/NOR;Norway;;
https://data.banenor.no/data/_line_section_a88a9711-d878-44ca-ada3-2475e6fa5013;https://data.banenor.no/data/_station_7edbaa6b-dc86-443c-82f9-fecf42afa7bd;Sandefjord;B09-Vestfoldbanen;9.519;https://data.banenor.no/data/_station_8ae09e6e-24b3-4d9d-b6f7-0a480b97454f;Stokke;http://publications.europa.eu/resource/authority/country/NOR;Norway;;
https://data.banenor.no/data/_line_section_a88a9711-d878-44ca-ada3-2475e6fa5013;https://data.banenor.no/data/_station_7edbaa6b-dc86-443c-82f9-fecf42afa7bd;Sandefjord;B09-Vestfoldbanen;9.519;https://data.banenor.no/data/_station_8ae09e6e-24b3-4d9d-b6f7-0a480b97454f;Stokke;http://publications.europa.eu/resource/authority/country/NOR;Norway;;
https://data.banenor.no/data/_line_section_a9298812-9ec5-48a0-a428-e36f274da3ad;https://data.banenor.no/data/_station_01f6909b-9d20-4c3e-a176-2ad20b5dd0b3;Trolldalen;B07-Bergensbanen;16.268;https://data.banenor.no/data/_station_f9afaf05-2d07-45f1-adc2-d584cae5bc9a;Sokna;http://publications.europa.eu/resource/authority/country/NOR;Norway;;
https://data.banenor.no/data/_line_section_a9298812-9ec5-48a0-a428-e36f274da3ad;https://data.banenor.no/data/_station_01f6909b-9d20-4c3e-a176-2ad20b5dd0b3;Trolldalen;B07-Bergensbanen;16.268;https://data.banenor.no/data/_station_f9afaf05-2d07-45f1-adc2-d584cae5bc9a;Sokna;http://publications.europa.eu/resource/authority/country/NOR;Norway;;
https://data.banenor.no/data/_line_section_aa232df5-7835-469d-84c9-8a5cc269a0a5;https://data.banenor.no/data/_station_02150263-8b94-48c2-8339-2c8f0a90ef57;Skatval;B05-Nordlandsbanen;5.42;https://data.banenor.no/data/_station_e83cbd88-12f7-4da8-b588-a3ebafa28c47;Stjørdal;http://publications.europa.eu/resource/authority/country/NOR;Norway;;
https://data.banenor.no/data/_line_section_aa232df5-7835-469d-84c9-8a5cc269a0a5;https://data.banenor.no/data/_station_02150263-8b94-48c2-8339-2c8f0a90ef57;Skatval;B05-Nordlandsbanen;5.42;https://data.banenor.no/data/_station_e83cbd88-12f7-4da8-b588-a3ebafa28c47;Stjørdal;http://publications.europa.eu/resource/authority/country/NOR;Norway;;
https://data.banenor.no/data/_line_section_aa627b7f-0447-4b93-b6dc-482c0f5a53a5;https://data.banenor.no/data/_station_0918ad21-fcfe-4d9b-a134-d3f6b0742781;Djupvik;B21-Ofotbanen;2.456;https://data.banenor.no/data/_station_aabb425d-db35-4d2c-bb27-9f7de4aa9b0a;Narvik;http://publications.europa.eu/resource/authority/country/NOR;Norway;;
https://data.banenor.no/data/_line_section_aa627b7f-0447-4b93-b6dc-482c0f5a53a5;https://data.banenor.no/data/_station_0918ad21-fcfe-4d9b-a134-d3f6b0742781;Djupvik;B21-Ofotbanen;2.456;https://data.banenor.no/data/_station_aabb425d-db35-4d2c-bb27-9f7de4aa9b0a;Narvik;http://publications.europa.eu/resource/authority/country/NOR;Norway;;
https://data.banenor.no/data/_line_section_ab8af7d7-a2b9-4aa2-9f19-b7e040c42186;https://data.banenor.no/data/_station_17d55c43-ad47-4554-a540-553a060dd583;Oppdal;B02-Dovrebanen;20.806;https://data.banenor.no/data/_station_bc3b2c30-994f-48bb-b0bd-3e87125c5687;Drivstua;http://publications.europa.eu/resource/authority/country/NOR;Norway;;
https://data.banenor.no/data/_line_section_ab8af7d7-a2b9-4aa2-9f19-b7e040c42186;https://data.banenor.no/data/_station_17d55c43-ad47-4554-a540-553a060dd583;Oppdal;B02-Dovrebanen;20.806;https://data.banenor.no/data/_station_bc3b2c30-994f-48bb-b0bd-3e87125c5687;Drivstua;http://publications.europa.eu/resource/authority/country/NOR;Norway;;
https://data.banenor.no/data/_line_section_abd71a75-9f51-4f29-b3fb-ee317d0e8d9c;https://data.banenor.no/data/_station_e996b32b-e949-4ca6-a07e-3284106c6e91;Boganes;B08-Sørlandsbanen;3.32;https://data.banenor.no/data/_station_f6a9ecad-a69c-48f4-a9a9-5512cbd5d8ff;Stavanger;http://publications.europa.eu/resource/authority/country/NOR;Norway;;
https://data.banenor.no/data/_line_section_abd71a75-9f51-4f29-b3fb-ee317d0e8d9c;https://data.banenor.no/data/_station_e996b32b-e949-4ca6-a07e-3284106c6e91;Boganes;B08-Sørlandsbanen;3.32;https://data.banenor.no/data/_station_f6a9ecad-a69c-48f4-a9a9-5512cbd5d8ff;Stavanger;http://publications.europa.eu/resource/authority/country/NOR;Norway;;
https://data.banenor.no/data/_line_section_ac82ebee-20ae-4fa3-97e5-8e9802160dff;https://data.banenor.no/data/_station_2c755c50-0d66-431f-ad47-29a395c210d6;Marstein;B14-Raumabanen;15.626;https://data.banenor.no/data/_station_9a3744c8-06df-4a80-813b-0968bf47d48e;Åndalsnes;http://publications.europa.eu/resource/authority/country/NOR;Norway;;
https://data.banenor.no/data/_line_section_ac82ebee-20ae-4fa3-97e5-8e9802160dff;https://data.banenor.no/data/_station_2c755c50-0d66-431f-ad47-29a395c210d6;Marstein;B14-Raumabanen;15.626;https://data.banenor.no/data/_station_9a3744c8-06df-4a80-813b-0968bf47d48e;Åndalsnes;http://publications.europa.eu/resource/authority/country/NOR;Norway;;
https://data.banenor.no/data/_line_section_ac967520-bf92-40aa-b9da-85d24d79d7c5;https://data.banenor.no/data/_station_c000ea6f-4c8c-4fe3-a49b-5c755a1bc53b;Bekkelaget;B01-Østfoldbanen Vestre;1.4472;https://data.banenor.no/data/_station_df3c1ca1-e3b0-4eae-b9c1-191aedabbf57;Ljan;http://publications.europa.eu/resource/authority/country/NOR;Norway;;
https://data.banenor.no/data/_line_section_ac967520-bf92-40aa-b9da-85d24d79d7c5;https://data.banenor.no/data/_station_c000ea6f-4c8c-4fe3-a49b-5c755a1bc53b;Bekkelaget;B01-Østfoldbanen Vestre;1.4472;https://data.banenor.no/data/_station_df3c1ca1-e3b0-4eae-b9c1-191aedabbf57;Ljan;http://publications.europa.eu/resource/authority/country/NOR;Norway;;
https://data.banenor.no/data/_line_section_acd8ae51-3b41-4993-9fd1-cd1608d0df50;https://data.banenor.no/data/_station_61313ec6-4480-4d3a-8105-b538dd7e4275;Agle;B05-Nordlandsbanen;26.97;https://data.banenor.no/data/_station_d76b870a-b68a-4075-997d-65a91bbb286f;Grong;http://publications.europa.eu/resource/authority/country/NOR;Norway;;
https://data.banenor.no/data/_line_section_acd8ae51-3b41-4993-9fd1-cd1608d0df50;https://data.banenor.no/data/_station_61313ec6-4480-4d3a-8105-b538dd7e4275;Agle;B05-Nordlandsbanen;26.97;https://data.banenor.no/data/_station_d76b870a-b68a-4075-997d-65a91bbb286f;Grong;http://publications.europa.eu/resource/authority/country/NOR;Norway;;
https://data.banenor.no/data/_line_section_ace0bcb1-2d6f-4928-9295-b7b38d2366b7;https://data.banenor.no/data/_station_2c755c50-0d66-431f-ad47-29a395c210d6;Marstein;B14-Raumabanen;20.174;https://data.banenor.no/data/_station_49cc1122-8c10-44ad-aeb7-924b1d3d0633;Verma;http://publications.europa.eu/resource/authority/country/NOR;Norway;;
https://data.banenor.no/data/_line_section_ace0bcb1-2d6f-4928-9295-b7b38d2366b7;https://data.banenor.no/data/_station_2c755c50-0d66-431f-ad47-29a395c210d6;Marstein;B14-Raumabanen;20.174;https://data.banenor.no/data/_station_49cc1122-8c10-44ad-aeb7-924b1d3d0633;Verma;http://publications.europa.eu/resource/authority/country/NOR;Norway;;
https://data.banenor.no/data/_line_section_ad041956-898f-418b-8e47-dca6babd89af;https://data.banenor.no/data/_station_903aa75e-b56c-4086-8eb1-07f8e44ab854;Majavatn;B05-Nordlandsbanen;30.297;https://data.banenor.no/data/_station_98c8ac18-859e-4922-986e-757cc222590a;Namsskogan;http://publications.europa.eu/resource/authority/country/NOR;Norway;;
https://data.banenor.no/data/_line_section_ad041956-898f-418b-8e47-dca6babd89af;https://data.banenor.no/data/_station_903aa75e-b56c-4086-8eb1-07f8e44ab854;Majavatn;B05-Nordlandsbanen;30.297;https://data.banenor.no/data/_station_98c8ac18-859e-4922-986e-757cc222590a;Namsskogan;http://publications.europa.eu/resource/authority/country/NOR;Norway;;
https://data.banenor.no/data/_line_section_aea33943-fcc8-43d7-9cf4-cb53f4f47feb;https://data.banenor.no/data/_station_6429a744-1cac-407e-aca3-84f5393d80a2;Trofors;B05-Nordlandsbanen;19.2351;https://data.banenor.no/data/_station_c0df7693-3448-4ec6-9311-b44cff0f8a43;Eiterstraum;http://publications.europa.eu/resource/authority/country/NOR;Norway;;
https://data.banenor.no/data/_line_section_aea33943-fcc8-43d7-9cf4-cb53f4f47feb;https://data.banenor.no/data/_station_6429a744-1cac-407e-aca3-84f5393d80a2;Trofors;B05-Nordlandsbanen;19.2351;https://data.banenor.no/data/_station_c0df7693-3448-4ec6-9311-b44cff0f8a43;Eiterstraum;http://publications.europa.eu/resource/authority/country/NOR;Norway;;
https://data.banenor.no/data/_line_section_b074469e-e94c-47e7-9ddb-6b1bb7a2b0d3;https://data.banenor.no/data/_station_49f3ecd7-12bf-4d3b-ab2f-29556a1f708e;Glåmos;B04-Rørosbanen;11.82;https://data.banenor.no/data/_station_62a54caa-9385-4826-99fc-d1b96d2bb942;Røros;http://publications.europa.eu/resource/authority/country/NOR;Norway;;
https://data.banenor.no/data/_line_section_b074469e-e94c-47e7-9ddb-6b1bb7a2b0d3;https://data.banenor.no/data/_station_49f3ecd7-12bf-4d3b-ab2f-29556a1f708e;Glåmos;B04-Rørosbanen;11.82;https://data.banenor.no/data/_station_62a54caa-9385-4826-99fc-d1b96d2bb942;Røros;http://publications.europa.eu/resource/authority/country/NOR;Norway;;
https://data.banenor.no/data/_line_section_b08c44fb-eb86-4450-acc2-afb2e1fb5cb3;https://data.banenor.no/data/_station_97ce5d04-c6dd-44b1-85f8-8e4b1d6410fc;Starrgrasmyra;B05-Nordlandsbanen;23.65;https://data.banenor.no/data/_station_ff1ac6f7-0944-4156-a544-a3cf74ce3764;Stod;http://publications.europa.eu/resource/authority/country/NOR;Norway;;
https://data.banenor.no/data/_line_section_b08c44fb-eb86-4450-acc2-afb2e1fb5cb3;https://data.banenor.no/data/_station_97ce5d04-c6dd-44b1-85f8-8e4b1d6410fc;Starrgrasmyra;B05-Nordlandsbanen;23.65;https://data.banenor.no/data/_station_ff1ac6f7-0944-4156-a544-a3cf74ce3764;Stod;http://publications.europa.eu/resource/authority/country/NOR;Norway;;
https://data.banenor.no/data/_line_section_b0aec840-1b7f-439c-b8e6-cdcd3433faa8;https://data.banenor.no/data/_station_1ba3ed9c-45f2-474c-8155-3852fadb8d6d;Sandbukta;B01-Østfoldbanen Vestre;0.944;https://data.banenor.no/data/_station_c049de586-8b94-4e35-b572-f1f4d499ec9;Moss;http://publications.europa.eu/resource/authority/country/NOR;Norway;;
https://data.banenor.no/data/_line_section_b0aec840-1b7f-439c-b8e6-cdcd3433faa8;https://data.banenor.no/data/_station_1ba3ed9c-45f2-474c-8155-3852fadb8d6d;Sandbukta;B01-Østfoldbanen Vestre;0.944;https://data.banenor.no/data/_station_c049de586-8b94-4e35-b572-f1f4d499ec9;Moss;http://publications.europa.eu/resource/authority/country/NOR;Norway;;
https://data.banenor.no/data/_line_section_b1a943ae-8704-4341-987d-5693c6a5f693;https://data.banenor.no/data/_station_bd0e96c5-bffc-4d3f-9a5e-5f2fb3dae3f4;Øyer;B02-Dovrebanen;9.8321;https://data.banenor.no/data/_station_eadabd50-30b9-4478-af5a-0fe1f5ca87ad;Fåberg;http://publications.europa.eu/resource/authority/country/NOR;Norway;;
https://data.banenor.no/data/_line_section_b1a943ae-8704-4341-987d-5693c6a5f693;https://data.banenor.no/data/_station_bd0e96c5-bffc-4d3f-9a5e-5f2fb3dae3f4;Øyer;B02-Dovrebanen;9.8321;https://data.banenor.no/data/_station_eadabd50-30b9-4478-af5a-0fe1f5ca87ad;Fåberg;http://publications.europa.eu/resource/authority/country/NOR;Norway;;
https://data.banenor.no/data/_line_section_b253c914-55ad-4ac5-bc73-3fcae48deec8;https://data.banenor.no/data/_station_296cee91-4223-4ae1-a4bd-d9a52a07660f;Soknedal;B02-Dovrebanen;6.058;https://data.banenor.no/data/_station_bb41fa27-ca31-4f00-9776-b7640c4a47ba;Garli;http://publications.europa.eu/resource/authority/country/NOR;Norway;;
https://data.banenor.no/data/_line_section_b253c914-55ad-4ac5-bc73-3fcae48deec8;https://data.banenor.no/data/_station_296cee91-4223-4ae1-a4bd-d9a52a07660f;Soknedal;B02-Dovrebanen;6.058;https://data.banenor.no/data/_station_bb41fa27-ca31-4f00-9776-b7640c4a47ba;Garli;http://publications.europa.eu/resource/authority/country/NOR;Norway;;
https://data.banenor.no/data/_line_section_b5593ab8-7e2a-435b-a205-25bceec6bb9d;https://data.banenor.no/data/_station_32baa117-30a6-4292-a83b-e26501007c4f;Finse;B07-Bergensbanen;10.564;https://data.banenor.no/data/_station_de8efa2a-e3ed-4a18-8685-a3681d122a05;Tunga;http://publications.europa.eu/resource/authority/country/NOR;Norway;;
https://data.banenor.no/data/_line_section_b5593ab8-7e2a-435b-a205-25bceec6bb9d;https://data.banenor.no/data/_station_32baa117-30a6-4292-a83b-e26501007c4f;Finse;B07-Bergensbanen;10.564;https://data.banenor.no/data/_station_de8efa2a-e3ed-4a18-8685-a3681d122a05;Tunga;http://publications.europa.eu/resource/authority/country/NOR;Norway;;
https://data.banenor.no/data/_line_section_b6e79cf1-a62d-45ea-ab16-6ea232336c85;https://data.banenor.no/data/_station_73110381-5526-4661-9579-c2699b040968;Åbogen;B03-Kongsvingerbanen;8.5945;https://data.banenor.no/data/_station_924db4e7-4529-4de1-b732-72f1d924bcf0;Matrand;http://publications.europa.eu/resource/authority/country/NOR;Norway;;
https://data.banenor.no/data/_line_section_b6e79cf1-a62d-45ea-ab16-6ea232336c85;https://data.banenor.no/data/_station_73110381-5526-4661-9579-c2699b040968;Åbogen;B03-Kongsvingerbanen;8.5945;https://data.banenor.no/data/_station_924db4e7-4529-4de1-b732-72f1d924bcf0;Matrand;http://publications.europa.eu/resource/authority/country/NOR;Norway;;
https://data.banenor.no/data/_line_section_b75dc8c0-c838-4787-831c-3c94ce5a5a4b;https://data.banenor.no/data/_station_33966552-8b46-43d4-9e38-49e110baeb6c;Bryn;B34-Godssporet Alnabru-Loenga X;0.85;https://data.banenor.no/data/_station_bf14a2e5-ae46-4f37-bba7-2f6a36668f8c;Alnabru;http://publications.europa.eu/resource/authority/country/NOR;Norway;;
https://data.banenor.no/data/_line_section_b75dc8c0-c838-4787-831c-3c94ce5a5a4b;https://data.banenor.no/data/_station_33966552-8b46-43d4-9e38-49e110baeb6c;Bryn;B34-Godssporet Alnabru-Loenga X;0.85;https://data.banenor.no/data/_station_bf14a2e5-ae46-4f37-bba7-2f6a36668f8c;Alnabru;http://publications.europa.eu/resource/authority/country/NOR;Norway;;
https://data.banenor.no/data/_line_section_b7bd1ecb-75f3-4333-9b4c-004213505577;https://data.banenor.no/data/_station_34fb00c4-0c73-4b30-8e8c-143ff4b957ea;Billingstad;B20-Drammensbanen;1.515;https://data.banenor.no/data/_station_5d5908ae-267b-4278-b785-8052ffc905f5;Sandvika;http://publications.europa.eu/resource/authority/country/NOR;Norway;;
https://data.banenor.no/data/_line_section_b7bd1ecb-75f3-4333-9b4c-004213505577;https://data.banenor.no/data/_station_34fb00c4-0c73-4b30-8e8c-143ff4b957ea;Billingstad;B20-Drammensbanen;1.515;https://data.banenor.no/data/_station_5d5908ae-267b-4278-b785-8052ffc905f5;Sandvika;http://publications.europa.eu/resource/authority/country/NOR;Norway;;
https://data.banenor.no/data/_line_section_b9b5e629-1afb-45d8-bb1b-1a75ffc494e2;https://data.banenor.no/data/_station_55bc3e27-9b71-4b98-a03c-9e8e183af15f;Helldalsmo;B08-Sørlandsbanen;15.299;https://data.banenor.no/data/_station_ecffa08d-9504-40aa-9070-a3a3605d3af3;Herefoss;http://publications.europa.eu/resource/authority/country/NOR;Norway;;
https://data.banenor.no/data/_line_section_b9b5e629-1afb-45d8-bb1b-1a75ffc494e2;https://data.banenor.no/data/_station_55bc3e27-9b71-4b98-a03c-9e8e183af15f;Helldalsmo;B08-Sørlandsbanen;15.299;https://data.banenor.no/data/_station_ecffa08d-9504-40aa-9070-a3a3605d3af3;Herefoss;http://publications.europa.eu/resource/authority/country/NOR;Norway;;
https://data.banenor.no/data/_line_section_b9d50e08-cef3-4189-bbec-78d5362eea2f;https://data.banenor.no/data/_station_06fdb1b2-a524-4dae-b6e1-662465973fac;Oggevatn;B08-Sørlandsbanen;10.38;https://data.banenor.no/data/_station_6c6c1446-9588-47f8-af60-c838cd15062f;Fidjetun;http://publications.europa.eu/resource/authority/country/NOR;Norway;;
https://data.banenor.no/data/_line_section_b9d50e08-cef3-4189-bbec-78d5362eea2f;https://data.banenor.no/data/_station_06fdb1b2-a524-4dae-b6e1-662465973fac;Oggevatn;B08-Sørlandsbanen;10.38;https://data.banenor.no/data/_station_6c6c1446-9588-47f8-af60-c838cd15062f;Fidjetun;http://publications.europa.eu/resource/authority/country/NOR;Norway;;
https://data.banenor.no/data/_line_section_b9de338b-10f0-4fc1-8e1b-fd8bf2186b74;https://data.banenor.no/data/_station_8415e716-31f6-4ae8-805f-a0d3ea5bb1ab;Kløfta;B23-Gardermobanen;9.724;https://data.banenor.no/data/_station_bad35795-43d8-46ef-aa69-754b8583e4c9;Lillestrøm;http://publications.europa.eu/resource/authority/country/NOR;Norway;;
https://data.banenor.no/data/_line_section_b9de338b-10f0-4fc1-8e1b-fd8bf2186b74;https://data.banenor.no/data/_station_8415e716-31f6-4ae8-805f-a0d3ea5bb1ab;Kløfta;B23-Gardermobanen;9.724;https://data.banenor.no/data/_station_bad35795-43d8-46ef-aa69-754b8583e4c9;Lillestrøm;http://publications.europa.eu/resource/authority/country/NOR;Norway;;
https://data.banenor.no/data/_line_section_ba7b72ca-0a5d-4930-a746-c58450c8e277;https://data.banenor.no/data/_station_58cd60fe-6784-4f5d-8739-93e3cac62824;Leangen;B31-Stavne-Leangerbanen;5.463;https://data.banenor.no/data/_station_fa697d6e-c573-4142-bb16-43522100b664;Trondheim S;http://publications.europa.eu/resource/authority/country/NOR;Norway;;
https://data.banenor.no/data/_line_section_ba7b72ca-0a5d-4930-a746-c58450c8e277;https://data.banenor.no/data/_station_58cd60fe-6784-4f5d-8739-93e3cac62824;Leangen;B31-Stavne-Leangerbanen;5.463;https://data.banenor.no/data/_station_fa697d6e-c573-4142-bb16-43522100b664;Trondheim S;http://publications.europa.eu/resource/authority/country/NOR;Norway;;
https://data.banenor.no/data/_line_section_bb559ed4-5776-4ff2-9bc6-47619bee10f1;https://data.banenor.no/data/_station_0c38a1a8-c198-48cf-a3a5-86312c3d49a5;Lassemoen;B05-Nordlandsbanen;33.245;https://data.banenor.no/data/_station_98c8ac18-859e-4922-986e-757cc222590a;Namsskogan;http://publications.europa.eu/resource/authority/country/NOR;Norway;;
https://data.banenor.no/data/_line_section_bb559ed4-5776-4ff2-9bc6-47619bee10f1;https://data.banenor.no/data/_station_0c38a1a8-c198-48cf-a3a5-86312c3d49a5;Lassemoen;B05-Nordlandsbanen;33.245;https://data.banenor.no/data/_station_98c8ac18-859e-4922-986e-757cc222590a;Namsskogan;http://publications.europa.eu/resource/authority/country/NOR;Norway;;
https://data.banenor.no/data/_line_section_bbd456ce-743c-40a1-8025-16001300408e;https://data.banenor.no/data/_station_831e38b0-a969-4c14-90e0-e8652341a011;Strømmen;B19-Hovedbanen;1.304;https://data.banenor.no/data/_station_bad35795-43d8-46ef-aa69-754b8583e4c9;Lillestrøm;http://publications.europa.eu/resource/authority/country/NOR;Norway;;
https://data.banenor.no/data/_line_section_bbd456ce-743c-40a1-8025-16001300408e;https://data.banenor.no/data/_station_831e38b0-a969-4c14-90e0-e8652341a011;Strømmen;B19-Hovedbanen;1.304;https://data.banenor.no/data/_station_bad35795-43d8-46ef-aa69-754b8583e4c9;Lillestrøm;http://publications.europa.eu/resource/authority/country/NOR;Norway;;
https://data.banenor.no/data/_line_section_bcd24875-428b-4158-a08d-87e22ebdb34d;https://data.banenor.no/data/_station_831e38b0-a969-4c14-90e0-e8652341a011;Strømmen;B19-Hovedbanen;2.469;https://data.banenor.no/data/_station_f855cdd7-97f6-467b-a58c-cd7c40b1f528;Lørenskog;http://publications.europa.eu/resource/authority/country/NOR;Norway;;
https://data.banenor.no/data/_line_section_bcd24875-428b-4158-a08d-87e22ebdb34d;https://data.banenor.no/data/_station_831e38b0-a969-4c14-90e0-e8652341a011;Strømmen;B19-Hovedbanen;2.469;https://data.banenor.no/data/_station_f855cdd7-97f6-467b-a58c-cd7c40b1f528;Lørenskog;http://publications.europa.eu/resource/authority/country/NOR;Norway;;
https://data.banenor.no/data/_line_section_be0d3ad8-9088-4f56-b854-66a25d165381;https://data.banenor.no/data/_station_81c5f59d-dcab-47ae-9b70-fd4fac24562a;Bøn;B19-Hovedbanen;4.023;https://data.banenor.no/data/_station_f20d6cfe-2fd9-49c7-8039-bfd327c2e883;Dal;http://publications.europa.eu/resource/authority/country/NOR;Norway;;
https://data.banenor.no/data/_line_section_be0d3ad8-9088-4f56-b854-66a25d165381;https://data.banenor.no/data/_station_81c5f59d-dcab-47ae-9b70-fd4fac24562a;Bøn;B19-Hovedbanen;4.023;https://data.banenor.no/data/_station_f20d6cfe-2fd9-49c7-8039-bfd327c2e883;Dal;http://publications.europa.eu/resource/authority/country/NOR;Norway;;
https://data.banenor.no/data/_line_section_be13333b-6838-431d-aae4-92e3144a1f5f;https://data.banenor.no/data/_station_7d7cdd69-d70c-453c-923c-bbf1bf098005;Roa;B06-Gjøvikbanen;2.876;https://data.banenor.no/data/_station_dda236e6-7d44-425a-a7b1-ab74b8ffe71a;Grua;http://publications.europa.eu/resource/authority/country/NOR;Norway;;
https://data.banenor.no/data/_line_section_be13333b-6838-431d-aae4-92e3144a1f5f;https://data.banenor.no/data/_station_7d7cdd69-d70c-453c-923c-bbf1bf098005;Roa;B06-Gjøvikbanen;2.876;https://data.banenor.no/data/_station_dda236e6-7d44-425a-a7b1-ab74b8ffe71a;Grua;http://publications.europa.eu/resource/authority/country/NOR;Norway;;
https://data.banenor.no/data/_line_section_be9fea26-36b3-488c-b2a4-8e0d878884ac;https://data.banenor.no/data/_station_bc0a8d17-d81a-453a-bec9-6c7d46d68bc3;Hobekk;B09-Vestfoldbanen;11.906;https://data.banenor.no/data/_station_ec023282-af50-4458-8bef-8f58ef59dff0;Myrane;http://publications.europa.eu/resource/authority/country/NOR;Norway;;
https://data.banenor.no/data/_line_section_be9fea26-36b3-488c-b2a4-8e0d878884ac;https://data.banenor.no/data/_station_bc0a8d17-d81a-453a-bec9-6c7d46d68bc3;Hobekk;B09-Vestfoldbanen;11.906;https://data.banenor.no/data/_station_ec023282-af50-4458-8bef-8f58ef59dff0;Myrane;http://publications.europa.eu/resource/authority/country/NOR;Norway;;
https://data.banenor.no/data/_line_section_bff3a348-879e-4853-9604-cc752625fb81;https://data.banenor.no/data/_station_d5730402-98d8-47b7-a8dd-b745ed80356b;Hanestad;B04-Rørosbanen;37.912;https://data.banenor.no/data/_station_f97fe87a-6c08-46c7-9a39-4dacd0f441f3;Alvdal;http://publications.europa.eu/resource/authority/country/NOR;Norway;;
https://data.banenor.no/data/_line_section_bff3a348-879e-4853-9604-cc752625fb81;https://data.banenor.no/data/_station_d5730402-98d8-47b7-a8dd-b745ed80356b;Hanestad;B04-Rørosbanen;37.912;https://data.banenor.no/data/_station_f97fe87a-6c08-46c7-9a39-4dacd0f441f3;Alvdal;http://publications.europa.eu/resource/authority/country/NOR;Norway;;
https://data.banenor.no/data/_line_section_bfffe50e-c2a1-41b0-ac78-2de498de5367;https://data.banenor.no/data/_station_07e6633a-70fa-4a7e-8ebb-e2c364812a5e;Gvarv;B08-Sørlandsbanen;5.498;https://data.banenor.no/data/_station_a3c7885f-408c-4210-b46f-4fd079b0ccf0;Bø;http://publications.europa.eu/resource/authority/country/NOR;Norway;;
https://data.banenor.no/data/_line_section_bfffe50e-c2a1-41b0-ac78-2de498de5367;https://data.banenor.no/data/_station_07e6633a-70fa-4a7e-8ebb-e2c364812a5e;Gvarv;B08-Sørlandsbanen;5.498;https://data.banenor.no/data/_station_a3c7885f-408c-4210-b46f-4fd079b0ccf0;Bø;http://publications.europa.eu/resource/authority/country/NOR;Norway;;
https://data.banenor.no/data/_line_section_c09a7f7f-1d5a-4aa2-8a2a-41f6e794dc7d;https://data.banenor.no/data/_station_166aa090-8c68-4f97-82ca-16ef9f543bab;Tangen;B02-Dovrebanen;3.3150999999999997;https://data.banenor.no/data/_station_9113ac32-7ee8-45ad-bf02-9ec162df7526;Espa;http://publications.europa.eu/resource/authority/country/NOR;Norway;;
https://data.banenor.no/data/_line_section_c09a7f7f-1d5a-4aa2-8a2a-41f6e794dc7d;https://data.banenor.no/data/_station_166aa090-8c68-4f97-82ca-16ef9f543bab;Tangen;B02-Dovrebanen;3.3150999999999997;https://data.banenor.no/data/_station_9113ac32-7ee8-45ad-bf02-9ec162df7526;Espa;http://publications.europa.eu/resource/authority/country/NOR;Norway;;
https://data.banenor.no/data/_line_section_c0af23e5-18ee-4276-aa09-76f0026120bf;https://data.banenor.no/data/_station_a0abd6a5-79de-4a09-8ff6-2d5926cd707f;Smørstein;B09-Vestfoldbanen;10.114;https://data.banenor.no/data/_station_fb3b9646-d263-498b-a6ab-951f22840f60;Galleberg;http://publications.europa.eu/resource/authority/country/NOR;Norway;;
https://data.banenor.no/data/_line_section_c0af23e5-18ee-4276-aa09-76f0026120bf;https://data.banenor.no/data/_station_a0abd6a5-79de-4a09-8ff6-2d5926cd707f;Smørstein;B09-Vestfoldbanen;10.114;https://data.banenor.no/data/_station_fb3b9646-d263-498b-a6ab-951f22840f60;Galleberg;http://publications.europa.eu/resource/authority/country/NOR;Norway;;
https://data.banenor.no/data/_line_section_c4556089-49c5-4124-96cb-907b7a53b1d2;https://data.banenor.no/data/_station_5c3f860c-a9cf-4a87-a3f6-d58f26956f0c;Råde;B01-Østfoldbanen Vestre;1.6468;https://data.banenor.no/data/_station_fd1006d7-24af-4ad2-bd80-c2b5fb1402b0;Haug;http://publications.europa.eu/resource/authority/country/NOR;Norway;;
https://data.banenor.no/data/_line_section_c4556089-49c5-4124-96cb-907b7a53b1d2;https://data.banenor.no/data/_station_5c3f860c-a9cf-4a87-a3f6-d58f26956f0c;Råde;B01-Østfoldbanen Vestre;1.6468;https://data.banenor.no/data/_station_fd1006d7-24af-4ad2-bd80-c2b5fb1402b0;Haug;http://publications.europa.eu/resource/authority/country/NOR;Norway;;
https://data.banenor.no/data/_line_section_c482d701-fa10-4dbc-8185-78209deaac53;https://data.banenor.no/data/_station_83f7ea49-0cbe-4f05-a59a-9a526afc867c;Bergseng;B02-Dovrebanen;5.1491999999999996;https://data.banenor.no/data/_station_f0f22f9a-7bf2-4777-bc4a-6e44d071c646;Brøttum;http://publications.europa.eu/resource/authority/country/NOR;Norway;;
https://data.banenor.no/data/_line_section_c482d701-fa10-4dbc-8185-78209deaac53;https://data.banenor.no/data/_station_83f7ea49-0cbe-4f05-a59a-9a526afc867c;Bergseng;B02-Dovrebanen;5.1491999999999996;https://data.banenor.no/data/_station_f0f22f9a-7bf2-4777-bc4a-6e44d071c646;Brøttum;http://publications.europa.eu/resource/authority/country/NOR;Norway;;
https://data.banenor.no/data/_line_section_c52f95a9-0a55-423f-9d27-3fce50252dd6;https://data.banenor.no/data/_station_1d78646a-4cea-4bd9-8f0c-41b0c3c40fef;Klepp;B08-Sørlandsbanen;1.939;https://data.banenor.no/data/_station_e46a74bb-3065-464a-a6ad-8782220a2285;Orstad;http://publications.europa.eu/resource/authority/country/NOR;Norway;;
https://data.banenor.no/data/_line_section_c52f95a9-0a55-423f-9d27-3fce50252dd6;https://data.banenor.no/data/_station_1d78646a-4cea-4bd9-8f0c-41b0c3c40fef;Klepp;B08-Sørlandsbanen;1.939;https://data.banenor.no/data/_station_e46a74bb-3065-464a-a6ad-8782220a2285;Orstad;http://publications.europa.eu/resource/authority/country/NOR;Norway;;
https://data.banenor.no/data/_line_section_c58eab07-c19c-4711-8d2a-276092c6d442;https://data.banenor.no/data/_station_10c7f7e6-3e90-4972-aa11-4583e65b8910;Hjuksebø;B08-Sørlandsbanen;7.877;https://data.banenor.no/data/_station_9e439d77-7b10-4ca0-96e5-7674448278b0;Nordagutu;http://publications.europa.eu/resource/authority/country/NOR;Norway;;
https://data.banenor.no/data/_line_section_c58eab07-c19c-4711-8d2a-276092c6d442;https://data.banenor.no/data/_station_10c7f7e6-3e90-4972-aa11-4583e65b8910;Hjuksebø;B08-Sørlandsbanen;7.877;https://data.banenor.no/data/_station_9e439d77-7b10-4ca0-96e5-7674448278b0;Nordagutu;http://publications.europa.eu/resource/authority/country/NOR;Norway;;
https://data.banenor.no/data/_line_section_c6c0228f-975a-4aab-abe0-e8d30cad5289;https://data.banenor.no/data/_station_52f1ac6c-f41d-487d-8066-5171c57d067b;Lindeberg;B19-Hovedbanen;1.932;https://data.banenor.no/data/_station_8415e716-31f6-4ae8-805f-a0d3ea5bb1ab;Kløfta;http://publications.europa.eu/resource/authority/country/NOR;Norway;;
https://data.banenor.no/data/_line_section_c6c0228f-975a-4aab-abe0-e8d30cad5289;https://data.banenor.no/data/_station_52f1ac6c-f41d-487d-8066-5171c57d067b;Lindeberg;B19-Hovedbanen;1.932;https://data.banenor.no/data/_station_8415e716-31f6-4ae8-805f-a0d3ea5bb1ab;Kløfta;http://publications.europa.eu/resource/authority/country/NOR;Norway;;
https://data.banenor.no/data/_line_section_c6dc8a8e-23da-45d6-b067-786accb4eddf;https://data.banenor.no/data/_station_4ce45c18-1dd3-4273-98f9-d704a571b45e;Asker;B24-Spikkestadbanen;3.12;https://data.banenor.no/data/_station_f01e787e-c117-4458-bb82-16d5927afd2b;Heggedal;http://publications.europa.eu/resource/authority/country/NOR;Norway;;
https://data.banenor.no/data/_line_section_c6dc8a8e-23da-45d6-b067-786accb4eddf;https://data.banenor.no/data/_station_4ce45c18-1dd3-4273-98f9-d704a571b45e;Asker;B24-Spikkestadbanen;3.12;https://data.banenor.no/data/_station_f01e787e-c117-4458-bb82-16d5927afd2b;Heggedal;http://publications.europa.eu/resource/authority/country/NOR;Norway;;
https://data.banenor.no/data/_line_section_c7f5a1e5-945d-4801-af9d-a0497bbea2ad;https://data.banenor.no/data/_station_831f76c1-6255-4646-848d-cd220254bfcc;Askim;B10-Østfoldbanen Østre;7.389;https://data.banenor.no/data/_station_8acd6c71-33a8-4f57-8884-befe3beeafe4;Spydeberg;http://publications.europa.eu/resource/authority/country/NOR;Norway;;
https://data.banenor.no/data/_line_section_c7f5a1e5-945d-4801-af9d-a0497bbea2ad;https://data.banenor.no/data/_station_831f76c1-6255-4646-848d-cd220254bfcc;Askim;B10-Østfoldbanen Østre;7.389;https://data.banenor.no/data/_station_8acd6c71-33a8-4f57-8884-befe3beeafe4;Spydeberg;http://publications.europa.eu/resource/authority/country/NOR;Norway;;
https://data.banenor.no/data/_line_section_c8820bab-bba7-4157-a787-8d89e5cb8034;https://data.banenor.no/data/_station_46d6a18a-b0dd-4cd5-9c85-5dc0db7537b1;Skotselv;B12-Randsfjordbanen;7.693;https://data.banenor.no/data/_station_93d953aa-8e9f-4103-a0e2-54a3bcd1ea06;Hokksund;http://publications.europa.eu/resource/authority/country/NOR;Norway;;
https://data.banenor.no/data/_line_section_c8820bab-bba7-4157-a787-8d89e5cb8034;https://data.banenor.no/data/_station_46d6a18a-b0dd-4cd5-9c85-5dc0db7537b1;Skotselv;B12-Randsfjordbanen;7.693;https://data.banenor.no/data/_station_93d953aa-8e9f-4103-a0e2-54a3bcd1ea06;Hokksund;http://publications.europa.eu/resource/authority/country/NOR;Norway;;
https://data.banenor.no/data/_line_section_c8f0ed9d-9936-4c2e-b5d0-b76a3485d9b7;https://data.banenor.no/data/_station_ac7a2c3c-910f-45a5-895d-c3d6f2ec203d;Tynset;B04-Rørosbanen;19.036;https://data.banenor.no/data/_station_bf19337b-a829-4402-a580-97755bff1644;Tolga;http://publications.europa.eu/resource/authority/country/NOR;Norway;;
https://data.banenor.no/data/_line_section_c8f0ed9d-9936-4c2e-b5d0-b76a3485d9b7;https://data.banenor.no/data/_station_ac7a2c3c-910f-45a5-895d-c3d6f2ec203d;Tynset;B04-Rørosbanen;19.036;https://data.banenor.no/data/_station_bf19337b-a829-4402-a580-97755bff1644;Tolga;http://publications.europa.eu/resource/authority/country/NOR;Norway;;
https://data.banenor.no/data/_line_section_ca8b5a03-086f-49db-b2de-77c9a5151f1f;https://data.banenor.no/data/_station_0e422095-e559-4883-a8dc-ecf12c87800e;Nesbyen;B07-Bergensbanen;14.309;https://data.banenor.no/data/_station_30e28772-64c6-4789-8cee-2f9e7e9d23ce;Bergheim;http://publications.europa.eu/resource/authority/country/NOR;Norway;;
https://data.banenor.no/data/_line_section_ca8b5a03-086f-49db-b2de-77c9a5151f1f;https://data.banenor.no/data/_station_0e422095-e559-4883-a8dc-ecf12c87800e;Nesbyen;B07-Bergensbanen;14.309;https://data.banenor.no/data/_station_30e28772-64c6-4789-8cee-2f9e7e9d23ce;Bergheim;http://publications.europa.eu/resource/authority/country/NOR;Norway;;
https://data.banenor.no/data/_line_section_caf65c0f-3e8b-4f69-93b2-7505daadd818;https://data.banenor.no/data/_station_4cfa1741-3d98-41a4-900b-25a99a6dc695;Kolbotn;B01-Østfoldbanen Vestre;2.0228;https://data.banenor.no/data/_station_deb9f8f3-7c8a-4084-971f-e02f2fbfe3fe;Myrvoll;http://publications.europa.eu/resource/authority/country/NOR;Norway;;
https://data.banenor.no/data/_line_section_caf65c0f-3e8b-4f69-93b2-7505daadd818;https://data.banenor.no/data/_station_4cfa1741-3d98-41a4-900b-25a99a6dc695;Kolbotn;B01-Østfoldbanen Vestre;2.0228;https://data.banenor.no/data/_station_deb9f8f3-7c8a-4084-971f-e02f2fbfe3fe;Myrvoll;http://publications.europa.eu/resource/authority/country/NOR;Norway;;
https://data.banenor.no/data/_line_section_cb16dacc-058a-443b-b904-8ca4b964be6d;https://data.banenor.no/data/_station_7782e89f-40ed-4ac1-a458-8704f01a2ff9;Rakkestad;B10-Østfoldbanen Østre;16.357;https://data.banenor.no/data/_station_7e383f1e-a134-4b94-8a5a-c86a02b38cc6;Ise;http://publications.europa.eu/resource/authority/country/NOR;Norway;;
https://data.banenor.no/data/_line_section_cb16dacc-058a-443b-b904-8ca4b964be6d;https://data.banenor.no/data/_station_7782e89f-40ed-4ac1-a458-8704f01a2ff9;Rakkestad;B10-Østfoldbanen Østre;16.357;https://data.banenor.no/data/_station_7e383f1e-a134-4b94-8a5a-c86a02b38cc6;Ise;http://publications.europa.eu/resource/authority/country/NOR;Norway;;
https://data.banenor.no/data/_line_section_cc257ea8-1705-446f-a1ce-02532ddcd465;https://data.banenor.no/data/_station_48ad0cf4-d63e-4d37-9a3b-a91ee5b14a32;Tomter;B10-Østfoldbanen Østre;6.235;https://data.banenor.no/data/_station_8acd6c71-33a8-4f57-8884-befe3beeafe4;Spydeberg;http://publications.europa.eu/resource/authority/country/NOR;Norway;;
https://data.banenor.no/data/_line_section_cc257ea8-1705-446f-a1ce-02532ddcd465;https://data.banenor.no/data/_station_48ad0cf4-d63e-4d37-9a3b-a91ee5b14a32;Tomter;B10-Østfoldbanen Østre;6.235;https://data.banenor.no/data/_station_8acd6c71-33a8-4f57-8884-befe3beeafe4;Spydeberg;http://publications.europa.eu/resource/authority/country/NOR;Norway;;
https://data.banenor.no/data/_line_section_cc56edb1-4e92-4719-ba22-3e12230141d8;https://data.banenor.no/data/_station_37a7205b-fb48-4bf4-8acf-39e8f6a2e4d3;Kråkstad;B10-Østfoldbanen Østre;5.341;https://data.banenor.no/data/_station_48ad0cf4-d63e-4d37-9a3b-a91ee5b14a32;Tomter;http://publications.europa.eu/resource/authority/country/NOR;Norway;;
https://data.banenor.no/data/_line_section_cc56edb1-4e92-4719-ba22-3e12230141d8;https://data.banenor.no/data/_station_37a7205b-fb48-4bf4-8acf-39e8f6a2e4d3;Kråkstad;B10-Østfoldbanen Østre;5.341;https://data.banenor.no/data/_station_48ad0cf4-d63e-4d37-9a3b-a91ee5b14a32;Tomter;http://publications.europa.eu/resource/authority/country/NOR;Norway;;
https://data.banenor.no/data/_line_section_cc5eb06c-4d89-4948-bfb6-c47fff96d4d8;https://data.banenor.no/data/_station_0f05c9a8-f8bb-4d1a-8667-f40f2bcca4f9;Skjeberg;B01-Østfoldbanen Vestre;4.697;https://data.banenor.no/data/_station_aad3bb96-1895-4bdd-aaa2-b5d95018027f;Ingedal;http://publications.europa.eu/resource/authority/country/NOR;Norway;;
https://data.banenor.no/data/_line_section_cc5eb06c-4d89-4948-bfb6-c47fff96d4d8;https://data.banenor.no/data/_station_0f05c9a8-f8bb-4d1a-8667-f40f2bcca4f9;Skjeberg;B01-Østfoldbanen Vestre;4.697;https://data.banenor.no/data/_station_aad3bb96-1895-4bdd-aaa2-b5d95018027f;Ingedal;http://publications.europa.eu/resource/authority/country/NOR;Norway;;
https://data.banenor.no/data/_line_section_cca13ff1-fbd7-4df0-a2b8-ec942efa0c2a;https://data.banenor.no/data/_station_266facb5-4091-4ba3-9eb9-a9dea4824678;Haugastøl;B07-Bergensbanen;11.425;https://data.banenor.no/data/_station_de8efa2a-e3ed-4a18-8685-a3681d122a05;Tunga;http://publications.europa.eu/resource/authority/country/NOR;Norway;;
https://data.banenor.no/data/_line_section_cca13ff1-fbd7-4df0-a2b8-ec942efa0c2a;https://data.banenor.no/data/_station_266facb5-4091-4ba3-9eb9-a9dea4824678;Haugastøl;B07-Bergensbanen;11.425;https://data.banenor.no/data/_station_de8efa2a-e3ed-4a18-8685-a3681d122a05;Tunga;http://publications.europa.eu/resource/authority/country/NOR;Norway;;
https://data.banenor.no/data/_line_section_cdc1bf93-3b1f-4ec9-a0f2-54065196e34a;https://data.banenor.no/data/_station_b9257fc6-105d-430f-9657-863281d14123;Oteråga;B05-Nordlandsbanen;22.849;https://data.banenor.no/data/_station_db228c9c-8e09-467a-9e6f-89d3f4426082;Bodø;http://publications.europa.eu/resource/authority/country/NOR;Norway;;
https://data.banenor.no/data/_line_section_cdc1bf93-3b1f-4ec9-a0f2-54065196e34a;https://data.banenor.no/data/_station_b9257fc6-105d-430f-9657-863281d14123;Oteråga;B05-Nordlandsbanen;22.849;https://data.banenor.no/data/_station_db228c9c-8e09-467a-9e6f-89d3f4426082;Bodø;http://publications.europa.eu/resource/authority/country/NOR;Norway;;
https://data.banenor.no/data/_line_section_cf871f99-4130-4130-8ee5-52840820da67;https://data.banenor.no/data/_station_057222fc-c447-4ef3-a3e5-deee3c5f810b;Hol;B07-Bergensbanen;9.29;https://data.banenor.no/data/_station_5b572ad0-750d-436d-96a6-55b4022015f3;Geilo;http://publications.europa.eu/resource/authority/country/NOR;Norway;;
https://data.banenor.no/data/_line_section_cf871f99-4130-4130-8ee5-52840820da67;https://data.banenor.no/data/_station_057222fc-c447-4ef3-a3e5-deee3c5f810b;Hol;B07-Bergensbanen;9.29;https://data.banenor.no/data/_station_5b572ad0-750d-436d-96a6-55b4022015f3;Geilo;http://publications.europa.eu/resource/authority/country/NOR;Norway;;
https://data.banenor.no/data/_line_section_cfdf3ab2-a921-4c49-b85d-5cac12562c9c;https://data.banenor.no/data/_station_47bedf47-6c58-4cfb-ba57-0a23d15e0ec6;Barkåker;B09-Vestfoldbanen;7.314;https://data.banenor.no/data/_station_7306ef37-0db2-4422-9f98-a7eda902bc50;Skoppum;http://publications.europa.eu/resource/authority/country/NOR;Norway;;
https://data.banenor.no/data/_line_section_cfdf3ab2-a921-4c49-b85d-5cac12562c9c;https://data.banenor.no/data/_station_47bedf47-6c58-4cfb-ba57-0a23d15e0ec6;Barkåker;B09-Vestfoldbanen;7.314;https://data.banenor.no/data/_station_7306ef37-0db2-4422-9f98-a7eda902bc50;Skoppum;http://publications.europa.eu/resource/authority/country/NOR;Norway;;
https://data.banenor.no/data/_line_section_cfe6b38d-3ff4-46c8-ae7c-c0984f04ea0c;https://data.banenor.no/data/_station_07e6633a-70fa-4a7e-8ebb-e2c364812a5e;Gvarv;B08-Sørlandsbanen;9.455;https://data.banenor.no/data/_station_9e439d77-7b10-4ca0-96e5-7674448278b0;Nordagutu;http://publications.europa.eu/resource/authority/country/NOR;Norway;;
https://data.banenor.no/data/_line_section_cfe6b38d-3ff4-46c8-ae7c-c0984f04ea0c;https://data.banenor.no/data/_station_07e6633a-70fa-4a7e-8ebb-e2c364812a5e;Gvarv;B08-Sørlandsbanen;9.455;https://data.banenor.no/data/_station_9e439d77-7b10-4ca0-96e5-7674448278b0;Nordagutu;http://publications.europa.eu/resource/authority/country/NOR;Norway;;
https://data.banenor.no/data/_line_section_d0197862-1814-4ddf-abbd-f1a9ca5dd2dc;https://data.banenor.no/data/_station_30e28772-64c6-4789-8cee-2f9e7e9d23ce;Bergheim;B07-Bergensbanen;16.209;https://data.banenor.no/data/_station_f20b09e7-ba97-4f19-bd2a-b5effe28102c;Flå;http://publications.europa.eu/resource/authority/country/NOR;Norway;;
https://data.banenor.no/data/_line_section_d0197862-1814-4ddf-abbd-f1a9ca5dd2dc;https://data.banenor.no/data/_station_30e28772-64c6-4789-8cee-2f9e7e9d23ce;Bergheim;B07-Bergensbanen;16.209;https://data.banenor.no/data/_station_f20b09e7-ba97-4f19-bd2a-b5effe28102c;Flå;http://publications.europa.eu/resource/authority/country/NOR;Norway;;
https://data.banenor.no/data/_line_section_d313bddc-0d0e-48b0-91cb-476e076d8b24;https://data.banenor.no/data/_station_645a0888-0f50-408c-94ea-ee77f645b560;Breland;B08-Sørlandsbanen;8.54;https://data.banenor.no/data/_station_92903691-c87e-45f6-98af-8679778a6191;Nodeland;http://publications.europa.eu/resource/authority/country/NOR;Norway;;
https://data.banenor.no/data/_line_section_d313bddc-0d0e-48b0-91cb-476e076d8b24;https://data.banenor.no/data/_station_645a0888-0f50-408c-94ea-ee77f645b560;Breland;B08-Sørlandsbanen;8.54;https://data.banenor.no/data/_station_92903691-c87e-45f6-98af-8679778a6191;Nodeland;http://publications.europa.eu/resource/authority/country/NOR;Norway;;
https://data.banenor.no/data/_line_section_d3fed351-6a60-46a5-96dd-c1586dc408c8;https://data.banenor.no/data/_station_bad35795-43d8-46ef-aa69-754b8583e4c9;Lillestrøm;B19-Hovedbanen;2.646;https://data.banenor.no/data/_station_c7f5b4b5-e2f8-4371-ae68-720c4c435ebe;Frogner;http://publications.europa.eu/resource/authority/country/NOR;Norway;;
https://data.banenor.no/data/_line_section_d3fed351-6a60-46a5-96dd-c1586dc408c8;https://data.banenor.no/data/_station_bad35795-43d8-46ef-aa69-754b8583e4c9;Lillestrøm;B19-Hovedbanen;2.646;https://data.banenor.no/data/_station_c7f5b4b5-e2f8-4371-ae68-720c4c435ebe;Frogner;http://publications.europa.eu/resource/authority/country/NOR;Norway;;
https://data.banenor.no/data/_line_section_d44fd878-71c1-4a8c-93d9-8ddc06f16c91;https://data.banenor.no/data/_station_3e435863-cdc4-4697-9392-bafb0310d0a1;Tinnoset;B32-Tinnosbanen;28.123;https://data.banenor.no/data/_station_cc127ad2-5104-4ccd-9f14-6537dbfcfc47;Notodden;http://publications.europa.eu/resource/authority/country/NOR;Norway;;
https://data.banenor.no/data/_line_section_d44fd878-71c1-4a8c-93d9-8ddc06f16c91;https://data.banenor.no/data/_station_3e435863-cdc4-4697-9392-bafb0310d0a1;Tinnoset;B32-Tinnosbanen;28.123;https://data.banenor.no/data/_station_cc127ad2-5104-4ccd-9f14-6537dbfcfc47;Notodden;http://publications.europa.eu/resource/authority/country/NOR;Norway;;
https://data.banenor.no/data/_line_section_d50a7b99-0fdf-48bf-abad-55fd2474945f;https://data.banenor.no/data/_station_18aa7a9e-e1d1-4fdd-a6c3-06b4ad6f174a;Torpo;B07-Bergensbanen;7.698;https://data.banenor.no/data/_station_fdba06c7-f167-438c-9015-a6824f787a66;Ål;http://publications.europa.eu/resource/authority/country/NOR;Norway;;
https://data.banenor.no/data/_line_section_d50a7b99-0fdf-48bf-abad-55fd2474945f;https://data.banenor.no/data/_station_18aa7a9e-e1d1-4fdd-a6c3-06b4ad6f174a;Torpo;B07-Bergensbanen;7.698;https://data.banenor.no/data/_station_fdba06c7-f167-438c-9015-a6824f787a66;Ål;http://publications.europa.eu/resource/authority/country/NOR;Norway;;
https://data.banenor.no/data/_line_section_d72d2269-0c82-4bc3-9b87-de7a2ea057b3;https://data.banenor.no/data/_station_3a81e26c-e7d4-4a5e-ba22-74048ed81f9e;Jaren;B06-Gjøvikbanen;12.8416;https://data.banenor.no/data/_station_7d7cdd69-d70c-453c-923c-bbf1bf098005;Roa;http://publications.europa.eu/resource/authority/country/NOR;Norway;;
https://data.banenor.no/data/_line_section_d72d2269-0c82-4bc3-9b87-de7a2ea057b3;https://data.banenor.no/data/_station_3a81e26c-e7d4-4a5e-ba22-74048ed81f9e;Jaren;B06-Gjøvikbanen;12.8416;https://data.banenor.no/data/_station_7d7cdd69-d70c-453c-923c-bbf1bf098005;Roa;http://publications.europa.eu/resource/authority/country/NOR;Norway;;
https://data.banenor.no/data/_line_section_d874ddea-91c7-4c99-92e4-dd41f6766f28;https://data.banenor.no/data/_station_0d533e66-3e48-4473-bf74-ae91b9e428c1;Martineåsen;B09-Vestfoldbanen;1.964;https://data.banenor.no/data/_station_29124515-c419-4c63-8c33-cd5a77ddecc5;Larvik;http://publications.europa.eu/resource/authority/country/NOR;Norway;;
https://data.banenor.no/data/_line_section_d874ddea-91c7-4c99-92e4-dd41f6766f28;https://data.banenor.no/data/_station_0d533e66-3e48-4473-bf74-ae91b9e428c1;Martineåsen;B09-Vestfoldbanen;1.964;https://data.banenor.no/data/_station_29124515-c419-4c63-8c33-cd5a77ddecc5;Larvik;http://publications.europa.eu/resource/authority/country/NOR;Norway;;
https://data.banenor.no/data/_line_section_d9032b16-d370-40bc-83ea-592d8f525ff3;https://data.banenor.no/data/_station_135637e8-b3eb-4889-a993-9ac1873e240b;Losna;B02-Dovrebanen;8.579;https://data.banenor.no/data/_station_1ec2e5fe-e8e9-4e44-a64e-f9fd7c8803ed;Tretten;http://publications.europa.eu/resource/authority/country/NOR;Norway;;
https://data.banenor.no/data/_line_section_d9032b16-d370-40bc-83ea-592d8f525ff3;https://data.banenor.no/data/_station_135637e8-b3eb-4889-a993-9ac1873e240b;Losna;B02-Dovrebanen;8.579;https://data.banenor.no/data/_station_1ec2e5fe-e8e9-4e44-a64e-f9fd7c8803ed;Tretten;http://publications.europa.eu/resource/authority/country/NOR;Norway;;
https://data.banenor.no/data/_line_section_d97d5bc9-726b-49db-9686-2c199640cde7;https://data.banenor.no/data/_station_50a08432-2e9d-4e55-ab1f-afd38bc517da;Steinsrud;B02-Dovrebanen;1.0711;https://data.banenor.no/data/_station_68e6fce4-6955-4739-acfe-1c37bd5d6253;Sørli;http://publications.europa.eu/resource/authority/country/NOR;Norway;;
https://data.banenor.no/data/_line_section_d97d5bc9-726b-49db-9686-2c199640cde7;https://data.banenor.no/data/_station_50a08432-2e9d-4e55-ab1f-afd38bc517da;Steinsrud;B02-Dovrebanen;1.0711;https://data.banenor.no/data/_station_68e6fce4-6955-4739-acfe-1c37bd5d6253;Sørli;http://publications.europa.eu/resource/authority/country/NOR;Norway;;
https://data.banenor.no/data/_line_section_d97fa77a-d3c7-4849-905f-258d7514f357;https://data.banenor.no/data/_station_2833c714-8e82-42a7-9275-1af7f9182cb7;Moi;B08-Sørlandsbanen;6.901;https://data.banenor.no/data/_station_71df9461-2d21-4951-9fc8-6babe792e61a;Sira;http://publications.europa.eu/resource/authority/country/NOR;Norway;;
https://data.banenor.no/data/_line_section_d97fa77a-d3c7-4849-905f-258d7514f357;https://data.banenor.no/data/_station_2833c714-8e82-42a7-9275-1af7f9182cb7;Moi;B08-Sørlandsbanen;6.901;https://data.banenor.no/data/_station_71df9461-2d21-4951-9fc8-6babe792e61a;Sira;http://publications.europa.eu/resource/authority/country/NOR;Norway;;
https://data.banenor.no/data/_line_section_d9c8b045-c8e1-4759-9359-65689cee984a;https://data.banenor.no/data/_station_4da9fa81-d1fc-4b54-b98e-e05e43479f36;Opphus;B04-Rørosbanen;22.187;https://data.banenor.no/data/_station_affb8ab9-8d55-4788-ae7d-00a6b3ce72a7;Rena;http://publications.europa.eu/resource/authority/country/NOR;Norway;;
https://data.banenor.no/data/_line_section_d9c8b045-c8e1-4759-9359-65689cee984a;https://data.banenor.no/data/_station_4da9fa81-d1fc-4b54-b98e-e05e43479f36;Opphus;B04-Rørosbanen;22.187;https://data.banenor.no/data/_station_affb8ab9-8d55-4788-ae7d-00a6b3ce72a7;Rena;http://publications.europa.eu/resource/authority/country/NOR;Norway;;
https://data.banenor.no/data/_line_section_d9f3298e-4ade-4a7d-94ca-b26ba95d3f0a;https://data.banenor.no/data/_station_8d4c3f5c-2f0f-4163-b361-636bad17a2bc;Veme;B07-Bergensbanen;10.386;https://data.banenor.no/data/_station_f9afaf05-2d07-45f1-adc2-d584cae5bc9a;Sokna;http://publications.europa.eu/resource/authority/country/NOR;Norway;;
https://data.banenor.no/data/_line_section_d9f3298e-4ade-4a7d-94ca-b26ba95d3f0a;https://data.banenor.no/data/_station_8d4c3f5c-2f0f-4163-b361-636bad17a2bc;Veme;B07-Bergensbanen;10.386;https://data.banenor.no/data/_station_f9afaf05-2d07-45f1-adc2-d584cae5bc9a;Sokna;http://publications.europa.eu/resource/authority/country/NOR;Norway;;
https://data.banenor.no/data/_line_section_da0ddd54-422c-4cd3-bb51-478b8f56f3d1;https://data.banenor.no/data/_station_4158aeb7-ce11-4b87-a93f-1e63e4923a59;Bjorli;B14-Raumabanen;17.405;https://data.banenor.no/data/_station_49cc1122-8c10-44ad-aeb7-924b1d3d0633;Verma;http://publications.europa.eu/resource/authority/country/NOR;Norway;;
https://data.banenor.no/data/_line_section_da0ddd54-422c-4cd3-bb51-478b8f56f3d1;https://data.banenor.no/data/_station_4158aeb7-ce11-4b87-a93f-1e63e4923a59;Bjorli;B14-Raumabanen;17.405;https://data.banenor.no/data/_station_49cc1122-8c10-44ad-aeb7-924b1d3d0633;Verma;http://publications.europa.eu/resource/authority/country/NOR;Norway;;
https://data.banenor.no/data/_line_section_da4cbcdd-cb82-4edb-8320-b168393564cd;https://data.banenor.no/data/_station_8415e716-31f6-4ae8-805f-a0d3ea5bb1ab;Kløfta;B23-Gardermobanen;9.724;https://data.banenor.no/data/_station_bad35795-43d8-46ef-aa69-754b8583e4c9;Lillestrøm;http://publications.europa.eu/resource/authority/country/NOR;Norway;;
https://data.banenor.no/data/_line_section_da4cbcdd-cb82-4edb-8320-b168393564cd;https://data.banenor.no/data/_station_8415e716-31f6-4ae8-805f-a0d3ea5bb1ab;Kløfta;B23-Gardermobanen;9.724;https://data.banenor.no/data/_station_bad35795-43d8-46ef-aa69-754b8583e4c9;Lillestrøm;http://publications.europa.eu/resource/authority/country/NOR;Norway;;
https://data.banenor.no/data/_line_section_dae52862-8e7f-4f32-bf3e-79b3b1da7519;https://data.banenor.no/data/_station_7306ef37-0db2-4422-9f98-a7eda902bc50;Skoppum;B09-Vestfoldbanen;6.092;https://data.banenor.no/data/_station_a0f7ae1a-a97d-426c-990c-c8e15f7c5139;Nykirke (kryssingsspor) ;http://publications.europa.eu/resource/authority/country/NOR;Norway;;
https://data.banenor.no/data/_line_section_dae52862-8e7f-4f32-bf3e-79b3b1da7519;https://data.banenor.no/data/_station_7306ef37-0db2-4422-9f98-a7eda902bc50;Skoppum;B09-Vestfoldbanen;6.092;https://data.banenor.no/data/_station_a0f7ae1a-a97d-426c-990c-c8e15f7c5139;Nykirke (kryssingsspor) ;http://publications.europa.eu/resource/authority/country/NOR;Norway;;
https://data.banenor.no/data/_line_section_db6961d3-b5a9-4a1f-abb3-9a2f2321f787;https://data.banenor.no/data/_station_1ec2e5fe-e8e9-4e44-a64e-f9fd7c8803ed;Tretten;B02-Dovrebanen;10.207;https://data.banenor.no/data/_station_bd0e96c5-bffc-4d3f-9a5e-5f2fb3dae3f4;Øyer;http://publications.europa.eu/resource/authority/country/NOR;Norway;;
https://data.banenor.no/data/_line_section_db6961d3-b5a9-4a1f-abb3-9a2f2321f787;https://data.banenor.no/data/_station_1ec2e5fe-e8e9-4e44-a64e-f9fd7c8803ed;Tretten;B02-Dovrebanen;10.207;https://data.banenor.no/data/_station_bd0e96c5-bffc-4d3f-9a5e-5f2fb3dae3f4;Øyer;http://publications.europa.eu/resource/authority/country/NOR;Norway;;
https://data.banenor.no/data/_line_section_dc499f41-9396-4c98-adc1-7587a7e7b8e9;https://data.banenor.no/data/_station_90f24b1a-9abf-4a3f-9e31-45124d4eb7ac;Kjelsås;B06-Gjøvikbanen;4.443;https://data.banenor.no/data/_station_bdbf2101-d6df-46c5-a017-a40b8644bad1;Sandermosen;http://publications.europa.eu/resource/authority/country/NOR;Norway;;
https://data.banenor.no/data/_line_section_dc499f41-9396-4c98-adc1-7587a7e7b8e9;https://data.banenor.no/data/_station_90f24b1a-9abf-4a3f-9e31-45124d4eb7ac;Kjelsås;B06-Gjøvikbanen;4.443;https://data.banenor.no/data/_station_bdbf2101-d6df-46c5-a017-a40b8644bad1;Sandermosen;http://publications.europa.eu/resource/authority/country/NOR;Norway;;
https://data.banenor.no/data/_line_section_ddb659ef-67a2-4960-88b0-92cf30378421;https://data.banenor.no/data/_station_49f3ecd7-12bf-4d3b-ab2f-29556a1f708e;Glåmos;B04-Rørosbanen;40.324;https://data.banenor.no/data/_station_dc123751-712f-45c0-b761-d0025b8a7194;Haltdalen;http://publications.europa.eu/resource/authority/country/NOR;Norway;;
https://data.banenor.no/data/_line_section_ddb659ef-67a2-4960-88b0-92cf30378421;https://data.banenor.no/data/_station_49f3ecd7-12bf-4d3b-ab2f-29556a1f708e;Glåmos;B04-Rørosbanen;40.324;https://data.banenor.no/data/_station_dc123751-712f-45c0-b761-d0025b8a7194;Haltdalen;http://publications.europa.eu/resource/authority/country/NOR;Norway;;
https://data.banenor.no/data/_line_section_df276978-cc89-4ceb-8d74-872605fac8fb;https://data.banenor.no/data/_station_10c7f7e6-3e90-4972-aa11-4583e65b8910;Hjuksebø;B32-Tinnosbanen;8.243;https://data.banenor.no/data/_station_cc127ad2-5104-4ccd-9f14-6537dbfcfc47;Notodden;http://publications.europa.eu/resource/authority/country/NOR;Norway;;
https://data.banenor.no/data/_line_section_df276978-cc89-4ceb-8d74-872605fac8fb;https://data.banenor.no/data/_station_10c7f7e6-3e90-4972-aa11-4583e65b8910;Hjuksebø;B32-Tinnosbanen;8.243;https://data.banenor.no/data/_station_cc127ad2-5104-4ccd-9f14-6537dbfcfc47;Notodden;http://publications.europa.eu/resource/authority/country/NOR;Norway;;
https://data.banenor.no/data/_line_section_df6cd65d-5acc-4d00-8c94-3b9b2ce348a0;https://data.banenor.no/data/_station_36bdb1da-412f-4b61-96ed-1fc64abdc237;Spikkestad;B24-Spikkestadbanen;6.541;https://data.banenor.no/data/_station_f01e787e-c117-4458-bb82-16d5927afd2b;Heggedal;http://publications.europa.eu/resource/authority/country/NOR;Norway;;
https://data.banenor.no/data/_line_section_df6cd65d-5acc-4d00-8c94-3b9b2ce348a0;https://data.banenor.no/data/_station_36bdb1da-412f-4b61-96ed-1fc64abdc237;Spikkestad;B24-Spikkestadbanen;6.541;https://data.banenor.no/data/_station_f01e787e-c117-4458-bb82-16d5927afd2b;Heggedal;http://publications.europa.eu/resource/authority/country/NOR;Norway;;
https://data.banenor.no/data/_line_section_df769af6-ad73-4116-adee-1a76ec036216;https://data.banenor.no/data/_station_05c08c84-d21a-4d0c-a252-5d252f3f7ce2;Asper;B19-Hovedbanen;0.836;https://data.banenor.no/data/_station_28a370cf-c99b-41ae-8f44-e94d99d3aa8c;Langeland;http://publications.europa.eu/resource/authority/country/NOR;Norway;;
https://data.banenor.no/data/_line_section_df769af6-ad73-4116-adee-1a76ec036216;https://data.banenor.no/data/_station_05c08c84-d21a-4d0c-a252-5d252f3f7ce2;Asper;B19-Hovedbanen;0.836;https://data.banenor.no/data/_station_28a370cf-c99b-41ae-8f44-e94d99d3aa8c;Langeland;http://publications.europa.eu/resource/authority/country/NOR;Norway;;
https://data.banenor.no/data/_line_section_dfba5fd5-956d-4277-9d94-f3be34d75621;https://data.banenor.no/data/_station_34fb00c4-0c73-4b30-8e8c-143ff4b957ea;Billingstad;B20-Drammensbanen;0.993;https://data.banenor.no/data/_station_af1f98a4-724e-4c1e-bb9a-c79058b9de42;Hvalstad;http://publications.europa.eu/resource/authority/country/NOR;Norway;;
https://data.banenor.no/data/_line_section_dfba5fd5-956d-4277-9d94-f3be34d75621;https://data.banenor.no/data/_station_34fb00c4-0c73-4b30-8e8c-143ff4b957ea;Billingstad;B20-Drammensbanen;0.993;https://data.banenor.no/data/_station_af1f98a4-724e-4c1e-bb9a-c79058b9de42;Hvalstad;http://publications.europa.eu/resource/authority/country/NOR;Norway;;
https://data.banenor.no/data/_line_section_e061819d-31a9-41e8-bb91-59eae53522e6;https://data.banenor.no/data/_station_010e495f-6ac8-44da-9c84-4502bf1b8d60;Bolna;B05-Nordlandsbanen;30.217;https://data.banenor.no/data/_station_74b4904d-fb0f-4bf8-a49c-7e9f4b1788da;Lønsdal;http://publications.europa.eu/resource/authority/country/NOR;Norway;;
https://data.banenor.no/data/_line_section_e061819d-31a9-41e8-bb91-59eae53522e6;https://data.banenor.no/data/_station_010e495f-6ac8-44da-9c84-4502bf1b8d60;Bolna;B05-Nordlandsbanen;30.217;https://data.banenor.no/data/_station_74b4904d-fb0f-4bf8-a49c-7e9f4b1788da;Lønsdal;http://publications.europa.eu/resource/authority/country/NOR;Norway;;
https://data.banenor.no/data/_line_section_e0c852d1-294f-4cda-89e0-9d6c0b4e73a7;https://data.banenor.no/data/_station_cf8a0d2d-af8c-4cfe-a768-ef55f5b8f226;Årnes;B03-Kongsvingerbanen;6.735399999999999;https://data.banenor.no/data/_station_e43f6ac5-2fff-46d9-aa75-66b906ac6985;Seterstøa;http://publications.europa.eu/resource/authority/country/NOR;Norway;;
https://data.banenor.no/data/_line_section_e0c852d1-294f-4cda-89e0-9d6c0b4e73a7;https://data.banenor.no/data/_station_cf8a0d2d-af8c-4cfe-a768-ef55f5b8f226;Årnes;B03-Kongsvingerbanen;6.735399999999999;https://data.banenor.no/data/_station_e43f6ac5-2fff-46d9-aa75-66b906ac6985;Seterstøa;http://publications.europa.eu/resource/authority/country/NOR;Norway;;
https://data.banenor.no/data/_line_section_e117f508-dc23-49a4-a5fd-2490769c3530;https://data.banenor.no/data/_station_ae48ead8-8b04-4b71-9aed-0c528c54c169;Neslandsvatn;B08-Sørlandsbanen;5.386;https://data.banenor.no/data/_station_b4ed8be0-2435-47e6-babf-07a2f8241705;Lyser;http://publications.europa.eu/resource/authority/country/NOR;Norway;;
https://data.banenor.no/data/_line_section_e117f508-dc23-49a4-a5fd-2490769c3530;https://data.banenor.no/data/_station_ae48ead8-8b04-4b71-9aed-0c528c54c169;Neslandsvatn;B08-Sørlandsbanen;5.386;https://data.banenor.no/data/_station_b4ed8be0-2435-47e6-babf-07a2f8241705;Lyser;http://publications.europa.eu/resource/authority/country/NOR;Norway;;
https://data.banenor.no/data/_line_section_e1d5a29c-0b43-4191-b581-d12d76f08588;https://data.banenor.no/data/_station_6f4addf9-a6a6-4fb4-8115-c5048a5614ab;Sem;B09-Vestfoldbanen;5.503;https://data.banenor.no/data/_station_8ae09e6e-24b3-4d9d-b6f7-0a480b97454f;Stokke;http://publications.europa.eu/resource/authority/country/NOR;Norway;;
https://data.banenor.no/data/_line_section_e1d5a29c-0b43-4191-b581-d12d76f08588;https://data.banenor.no/data/_station_6f4addf9-a6a6-4fb4-8115-c5048a5614ab;Sem;B09-Vestfoldbanen;5.503;https://data.banenor.no/data/_station_8ae09e6e-24b3-4d9d-b6f7-0a480b97454f;Stokke;http://publications.europa.eu/resource/authority/country/NOR;Norway;;
https://data.banenor.no/data/_line_section_e259521f-cc74-4575-bd1d-a1aa4d0e46b6;https://data.banenor.no/data/_station_1e1c27c6-e4a7-4c29-8ccd-8cbe2ec20bf6;Elverum;B04-Rørosbanen;13.076;https://data.banenor.no/data/_station_8048000b-648c-4115-a0c6-8952c67b312d;Løten;http://publications.europa.eu/resource/authority/country/NOR;Norway;;
https://data.banenor.no/data/_line_section_e259521f-cc74-4575-bd1d-a1aa4d0e46b6;https://data.banenor.no/data/_station_1e1c27c6-e4a7-4c29-8ccd-8cbe2ec20bf6;Elverum;B04-Rørosbanen;13.076;https://data.banenor.no/data/_station_8048000b-648c-4115-a0c6-8952c67b312d;Løten;http://publications.europa.eu/resource/authority/country/NOR;Norway;;
https://data.banenor.no/data/_line_section_e3294a77-e08a-46ef-b60e-6cd1f3920f83;https://data.banenor.no/data/_station_cdc65e7c-0fcd-4b5c-b84d-5bb54174e9c9;Moelv;B02-Dovrebanen;5.1602;https://data.banenor.no/data/_station_fa8d707e-21ae-44d6-815d-4dc0158ebf3c;Bergsvika kr.spor stasjon;http://publications.europa.eu/resource/authority/country/NOR;Norway;;
https://data.banenor.no/data/_line_section_e3294a77-e08a-46ef-b60e-6cd1f3920f83;https://data.banenor.no/data/_station_cdc65e7c-0fcd-4b5c-b84d-5bb54174e9c9;Moelv;B02-Dovrebanen;5.1602;https://data.banenor.no/data/_station_fa8d707e-21ae-44d6-815d-4dc0158ebf3c;Bergsvika kr.spor stasjon;http://publications.europa.eu/resource/authority/country/NOR;Norway;;
https://data.banenor.no/data/_line_section_e35d6a78-b664-4b04-ab4f-139c63dad6f9;https://data.banenor.no/data/_station_5b3c4bf3-7514-4a3f-9a4a-d74671f67f81;Dunderland;B05-Nordlandsbanen;6.729;https://data.banenor.no/data/_station_7d0fd4fd-dfa8-45b1-82d3-45f02e1d6cc2;Ørtfjell;http://publications.europa.eu/resource/authority/country/NOR;Norway;;
https://data.banenor.no/data/_line_section_e35d6a78-b664-4b04-ab4f-139c63dad6f9;https://data.banenor.no/data/_station_5b3c4bf3-7514-4a3f-9a4a-d74671f67f81;Dunderland;B05-Nordlandsbanen;6.729;https://data.banenor.no/data/_station_7d0fd4fd-dfa8-45b1-82d3-45f02e1d6cc2;Ørtfjell;http://publications.europa.eu/resource/authority/country/NOR;Norway;;
https://data.banenor.no/data/_line_section_e371deba-0f66-41c1-aa25-ca0fcfc6742f;https://data.banenor.no/data/_station_079e38c8-9bc8-4200-bd74-5363b43ca7e9;Sandnes;B08-Sørlandsbanen;0.972;https://data.banenor.no/data/_station_862816d8-ea2a-4faa-be9f-9802d82352b2;Ganddal;http://publications.europa.eu/resource/authority/country/NOR;Norway;;
https://data.banenor.no/data/_line_section_e371deba-0f66-41c1-aa25-ca0fcfc6742f;https://data.banenor.no/data/_station_079e38c8-9bc8-4200-bd74-5363b43ca7e9;Sandnes;B08-Sørlandsbanen;0.972;https://data.banenor.no/data/_station_862816d8-ea2a-4faa-be9f-9802d82352b2;Ganddal;http://publications.europa.eu/resource/authority/country/NOR;Norway;;
https://data.banenor.no/data/_line_section_e3979637-a7eb-42c3-a296-f24998be1b94;https://data.banenor.no/data/_station_2546e683-3ee2-4041-a62a-9ea073cae70d;Myrdal;B07-Bergensbanen;11.592;https://data.banenor.no/data/_station_87a49766-41b5-4b54-ab0e-3b95387e958f;Hallingskeid;http://publications.europa.eu/resource/authority/country/NOR;Norway;;
https://data.banenor.no/data/_line_section_e3979637-a7eb-42c3-a296-f24998be1b94;https://data.banenor.no/data/_station_2546e683-3ee2-4041-a62a-9ea073cae70d;Myrdal;B07-Bergensbanen;11.592;https://data.banenor.no/data/_station_87a49766-41b5-4b54-ab0e-3b95387e958f;Hallingskeid;http://publications.europa.eu/resource/authority/country/NOR;Norway;;
https://data.banenor.no/data/_line_section_e3bfe6dc-0735-4883-8ab8-ec27e5f0ebf8;https://data.banenor.no/data/_station_2c9bd675-d8e4-46ba-a1a2-24da941df101;Movatn;B06-Gjøvikbanen;3.126;https://data.banenor.no/data/_station_6ed06794-4242-4964-84e8-55e6b5eb1b93;Nittedal;http://publications.europa.eu/resource/authority/country/NOR;Norway;;
https://data.banenor.no/data/_line_section_e3bfe6dc-0735-4883-8ab8-ec27e5f0ebf8;https://data.banenor.no/data/_station_2c9bd675-d8e4-46ba-a1a2-24da941df101;Movatn;B06-Gjøvikbanen;3.126;https://data.banenor.no/data/_station_6ed06794-4242-4964-84e8-55e6b5eb1b93;Nittedal;http://publications.europa.eu/resource/authority/country/NOR;Norway;;
https://data.banenor.no/data/_line_section_e422054f-3b57-47ee-80c7-dd77b1529747;https://data.banenor.no/data/_station_1c1f7295-dba0-4801-8273-6eb68141df99;Vigrestad;B08-Sørlandsbanen;3.69;https://data.banenor.no/data/_station_3ec963e1-fde3-4ed9-937f-e43afd5f3b7c;Brusand;http://publications.europa.eu/resource/authority/country/NOR;Norway;;
https://data.banenor.no/data/_line_section_e422054f-3b57-47ee-80c7-dd77b1529747;https://data.banenor.no/data/_station_1c1f7295-dba0-4801-8273-6eb68141df99;Vigrestad;B08-Sørlandsbanen;3.69;https://data.banenor.no/data/_station_3ec963e1-fde3-4ed9-937f-e43afd5f3b7c;Brusand;http://publications.europa.eu/resource/authority/country/NOR;Norway;;
https://data.banenor.no/data/_line_section_e43a8b0d-c79f-4437-8541-834c9f357daa;https://data.banenor.no/data/_station_d8affabb-0134-48a3-a5c0-3c09af2b602e;Gjerstad;B08-Sørlandsbanen;10.114;https://data.banenor.no/data/_station_e01a2cec-be26-4245-9e41-824f915ff6f5;Skorstøl;http://publications.europa.eu/resource/authority/country/NOR;Norway;;
https://data.banenor.no/data/_line_section_e43a8b0d-c79f-4437-8541-834c9f357daa;https://data.banenor.no/data/_station_d8affabb-0134-48a3-a5c0-3c09af2b602e;Gjerstad;B08-Sørlandsbanen;10.114;https://data.banenor.no/data/_station_e01a2cec-be26-4245-9e41-824f915ff6f5;Skorstøl;http://publications.europa.eu/resource/authority/country/NOR;Norway;;
https://data.banenor.no/data/_line_section_e4b1530b-40cc-4d7f-abdb-952df4463b90;https://data.banenor.no/data/_station_00ebd2ee-1cb1-4cad-9077-c218aa272428;Borgestad;B13-Bratsbergbanen;1.87;https://data.banenor.no/data/_station_2ea7ed84-586c-4476-96ad-373fb67fcfc4;Porsgrunn;http://publications.europa.eu/resource/authority/country/NOR;Norway;;
https://data.banenor.no/data/_line_section_e4b1530b-40cc-4d7f-abdb-952df4463b90;https://data.banenor.no/data/_station_00ebd2ee-1cb1-4cad-9077-c218aa272428;Borgestad;B13-Bratsbergbanen;1.87;https://data.banenor.no/data/_station_2ea7ed84-586c-4476-96ad-373fb67fcfc4;Porsgrunn;http://publications.europa.eu/resource/authority/country/NOR;Norway;;
https://data.banenor.no/data/_line_section_e5b5df64-3dcf-4c66-bdd5-f2337caea343;https://data.banenor.no/data/_station_6c81357f-6462-40f5-b32e-6d885344210b;Fagernut;B07-Bergensbanen;11.99;https://data.banenor.no/data/_station_87a49766-41b5-4b54-ab0e-3b95387e958f;Hallingskeid;http://publications.europa.eu/resource/authority/country/NOR;Norway;;
https://data.banenor.no/data/_line_section_e5b5df64-3dcf-4c66-bdd5-f2337caea343;https://data.banenor.no/data/_station_6c81357f-6462-40f5-b32e-6d885344210b;Fagernut;B07-Bergensbanen;11.99;https://data.banenor.no/data/_station_87a49766-41b5-4b54-ab0e-3b95387e958f;Hallingskeid;http://publications.europa.eu/resource/authority/country/NOR;Norway;;
https://data.banenor.no/data/_line_section_e6de762d-de39-458b-9f13-f053cb9e84db;https://data.banenor.no/data/_station_20f156b7-3b90-4e02-8cc7-5135f322b90b;Lauve;B09-Vestfoldbanen;6.984;https://data.banenor.no/data/_station_29124515-c419-4c63-8c33-cd5a77ddecc5;Larvik;http://publications.europa.eu/resource/authority/country/NOR;Norway;;
https://data.banenor.no/data/_line_section_e6de762d-de39-458b-9f13-f053cb9e84db;https://data.banenor.no/data/_station_20f156b7-3b90-4e02-8cc7-5135f322b90b;Lauve;B09-Vestfoldbanen;6.984;https://data.banenor.no/data/_station_29124515-c419-4c63-8c33-cd5a77ddecc5;Larvik;http://publications.europa.eu/resource/authority/country/NOR;Norway;;
https://data.banenor.no/data/_line_section_e8294e6c-6c59-4c5f-bce5-9757797f3de6;https://data.banenor.no/data/_station_166aa090-8c68-4f97-82ca-16ef9f543bab;Tangen;B02-Dovrebanen;4.6072;https://data.banenor.no/data/_station_50a08432-2e9d-4e55-ab1f-afd38bc517da;Steinsrud;http://publications.europa.eu/resource/authority/country/NOR;Norway;;
https://data.banenor.no/data/_line_section_e8294e6c-6c59-4c5f-bce5-9757797f3de6;https://data.banenor.no/data/_station_166aa090-8c68-4f97-82ca-16ef9f543bab;Tangen;B02-Dovrebanen;4.6072;https://data.banenor.no/data/_station_50a08432-2e9d-4e55-ab1f-afd38bc517da;Steinsrud;http://publications.europa.eu/resource/authority/country/NOR;Norway;;
https://data.banenor.no/data/_line_section_ea0ec43f-0513-4981-876b-29d0f062824f;https://data.banenor.no/data/_station_1f59e9cb-7780-4205-85d4-9b08667a9999;Mjølfjell;B07-Bergensbanen;16.891;https://data.banenor.no/data/_station_2546e683-3ee2-4041-a62a-9ea073cae70d;Myrdal;http://publications.europa.eu/resource/authority/country/NOR;Norway;;
https://data.banenor.no/data/_line_section_ea0ec43f-0513-4981-876b-29d0f062824f;https://data.banenor.no/data/_station_1f59e9cb-7780-4205-85d4-9b08667a9999;Mjølfjell;B07-Bergensbanen;16.891;https://data.banenor.no/data/_station_2546e683-3ee2-4041-a62a-9ea073cae70d;Myrdal;http://publications.europa.eu/resource/authority/country/NOR;Norway;;
https://data.banenor.no/data/_line_section_ea5c6845-4837-4641-876f-98a7b5795e8e;https://data.banenor.no/data/_station_f0f22f9a-7bf2-4777-bc4a-6e44d071c646;Brøttum;B02-Dovrebanen;3.2651999999999997;https://data.banenor.no/data/_station_fa8d707e-21ae-44d6-815d-4dc0158ebf3c;Bergsvika kr.spor stasjon;http://publications.europa.eu/resource/authority/country/NOR;Norway;;
https://data.banenor.no/data/_line_section_ea5c6845-4837-4641-876f-98a7b5795e8e;https://data.banenor.no/data/_station_f0f22f9a-7bf2-4777-bc4a-6e44d071c646;Brøttum;B02-Dovrebanen;3.2651999999999997;https://data.banenor.no/data/_station_fa8d707e-21ae-44d6-815d-4dc0158ebf3c;Bergsvika kr.spor stasjon;http://publications.europa.eu/resource/authority/country/NOR;Norway;;
https://data.banenor.no/data/_line_section_eb679650-5029-48a5-b562-73ed61b97c39;https://data.banenor.no/data/_station_58cd60fe-6784-4f5d-8739-93e3cac62824;Leangen;B05-Nordlandsbanen;2.689;https://data.banenor.no/data/_station_ad99e8ed-e9d9-4eb8-b54a-53eabc14be73;Ranheim;http://publications.europa.eu/resource/authority/country/NOR;Norway;;
https://data.banenor.no/data/_line_section_eb679650-5029-48a5-b562-73ed61b97c39;https://data.banenor.no/data/_station_58cd60fe-6784-4f5d-8739-93e3cac62824;Leangen;B05-Nordlandsbanen;2.689;https://data.banenor.no/data/_station_ad99e8ed-e9d9-4eb8-b54a-53eabc14be73;Ranheim;http://publications.europa.eu/resource/authority/country/NOR;Norway;;
https://data.banenor.no/data/_line_section_ebd62b49-7448-45e6-bbbe-aee51479f5f8;https://data.banenor.no/data/_station_e1f715d7-a0ef-4279-bde1-f575897a355c;Reinsvoll;B06-Gjøvikbanen;4.2555;https://data.banenor.no/data/_station_feebd8e2-0e6a-4b63-808a-8a5729678fb8;Eina;http://publications.europa.eu/resource/authority/country/NOR;Norway;;
https://data.banenor.no/data/_line_section_ebd62b49-7448-45e6-bbbe-aee51479f5f8;https://data.banenor.no/data/_station_e1f715d7-a0ef-4279-bde1-f575897a355c;Reinsvoll;B06-Gjøvikbanen;4.2555;https://data.banenor.no/data/_station_feebd8e2-0e6a-4b63-808a-8a5729678fb8;Eina;http://publications.europa.eu/resource/authority/country/NOR;Norway;;
https://data.banenor.no/data/_line_section_ebde5b22-85bd-4a5f-b4ad-281c04a50f22;https://data.banenor.no/data/_station_06fb6b5b-031a-452f-a34a-bb94100a28ce;Blaker;B03-Kongsvingerbanen;1.397;https://data.banenor.no/data/_station_ec4fc48e-4d5d-4c41-a123-a8c4d2d9eaed;Rånåsfoss;http://publications.europa.eu/resource/authority/country/NOR;Norway;;
https://data.banenor.no/data/_line_section_ebde5b22-85bd-4a5f-b4ad-281c04a50f22;https://data.banenor.no/data/_station_06fb6b5b-031a-452f-a34a-bb94100a28ce;Blaker;B03-Kongsvingerbanen;1.397;https://data.banenor.no/data/_station_ec4fc48e-4d5d-4c41-a123-a8c4d2d9eaed;Rånåsfoss;http://publications.europa.eu/resource/authority/country/NOR;Norway;;
https://data.banenor.no/data/_line_section_ebfd9878-429a-4668-980b-86636e6bd2ab;https://data.banenor.no/data/_station_28fe977f-23f4-4a0f-9d9f-0ab6d9175aa9;Dilling;B01-Østfoldbanen Vestre;3.3977;https://data.banenor.no/data/_station_c049de586-8b94-4e35-b572-f1f4d499ec9;Moss;http://publications.europa.eu/resource/authority/country/NOR;Norway;;
https://data.banenor.no/data/_line_section_ebfd9878-429a-4668-980b-86636e6bd2ab;https://data.banenor.no/data/_station_28fe977f-23f4-4a0f-9d9f-0ab6d9175aa9;Dilling;B01-Østfoldbanen Vestre;3.3977;https://data.banenor.no/data/_station_c049de586-8b94-4e35-b572-f1f4d499ec9;Moss;http://publications.europa.eu/resource/authority/country/NOR;Norway;;
https://data.banenor.no/data/_line_section_ec1cbfbd-2f1d-47d6-8563-a1021fa502d8;https://data.banenor.no/data/_station_057222fc-c447-4ef3-a3e5-deee3c5f810b;Hol;B07-Bergensbanen;11.834;https://data.banenor.no/data/_station_fdba06c7-f167-438c-9015-a6824f787a66;Ål;http://publications.europa.eu/resource/authority/country/NOR;Norway;;
https://data.banenor.no/data/_line_section_ec1cbfbd-2f1d-47d6-8563-a1021fa502d8;https://data.banenor.no/data/_station_057222fc-c447-4ef3-a3e5-deee3c5f810b;Hol;B07-Bergensbanen;11.834;https://data.banenor.no/data/_station_fdba06c7-f167-438c-9015-a6824f787a66;Ål;http://publications.europa.eu/resource/authority/country/NOR;Norway;;
https://data.banenor.no/data/_line_section_ed5f6a01-47f8-4754-a225-263daed0dd54;https://data.banenor.no/data/_station_5e217a9e-8153-444d-8fd5-594f06e0f71a;Bulken;B07-Bergensbanen;8.56;https://data.banenor.no/data/_station_f06c0782-aa32-482e-b576-2c95f6df4dee;Evanger;http://publications.europa.eu/resource/authority/country/NOR;Norway;;
https://data.banenor.no/data/_line_section_ed5f6a01-47f8-4754-a225-263daed0dd54;https://data.banenor.no/data/_station_5e217a9e-8153-444d-8fd5-594f06e0f71a;Bulken;B07-Bergensbanen;8.56;https://data.banenor.no/data/_station_f06c0782-aa32-482e-b576-2c95f6df4dee;Evanger;http://publications.europa.eu/resource/authority/country/NOR;Norway;;
https://data.banenor.no/data/_line_section_ede13515-a9fb-46db-b82b-c9f131ea09ce;https://data.banenor.no/data/_station_33966552-8b46-43d4-9e38-49e110baeb6c;Bryn;B19-Hovedbanen;0.669;https://data.banenor.no/data/_station_6fc359a8-207b-4696-8d67-30465ec1d896;Brobekk;http://publications.europa.eu/resource/authority/country/NOR;Norway;;
https://data.banenor.no/data/_line_section_ede13515-a9fb-46db-b82b-c9f131ea09ce;https://data.banenor.no/data/_station_33966552-8b46-43d4-9e38-49e110baeb6c;Bryn;B19-Hovedbanen;0.669;https://data.banenor.no/data/_station_6fc359a8-207b-4696-8d67-30465ec1d896;Brobekk;http://publications.europa.eu/resource/authority/country/NOR;Norway;;
https://data.banenor.no/data/_line_section_ee274b14-968d-448b-b600-25fad1881ee3;https://data.banenor.no/data/_station_005ab9ee-ed9b-4efc-8bd4-51c74e7784ed;Vålåsjø;B02-Dovrebanen;9.2503;https://data.banenor.no/data/_station_390253fd-408b-4f8b-9b6b-f8d4cd3c949a;Fokstua;http://publications.europa.eu/resource/authority/country/NOR;Norway;;
https://data.banenor.no/data/_line_section_ee274b14-968d-448b-b600-25fad1881ee3;https://data.banenor.no/data/_station_005ab9ee-ed9b-4efc-8bd4-51c74e7784ed;Vålåsjø;B02-Dovrebanen;9.2503;https://data.banenor.no/data/_station_390253fd-408b-4f8b-9b6b-f8d4cd3c949a;Fokstua;http://publications.europa.eu/resource/authority/country/NOR;Norway;;
https://data.banenor.no/data/_line_section_ef242ed0-3f7b-4477-928d-5c59f8a2e486;https://data.banenor.no/data/_station_17f52942-c7fb-4c0a-8bbc-2e56bd82b6ef;Lysaker;B30-Askerbanen;3.981;https://data.banenor.no/data/_station_5d5908ae-267b-4278-b785-8052ffc905f5;Sandvika;http://publications.europa.eu/resource/authority/country/NOR;Norway;;
https://data.banenor.no/data/_line_section_ef242ed0-3f7b-4477-928d-5c59f8a2e486;https://data.banenor.no/data/_station_17f52942-c7fb-4c0a-8bbc-2e56bd82b6ef;Lysaker;B30-Askerbanen;3.981;https://data.banenor.no/data/_station_5d5908ae-267b-4278-b785-8052ffc905f5;Sandvika;http://publications.europa.eu/resource/authority/country/NOR;Norway;;
https://data.banenor.no/data/_line_section_efa62294-4f86-4c5b-a9f4-4d74a019c662;https://data.banenor.no/data/_station_17e8d023-90b4-4de2-9b83-e80cc4e630df;Os;B04-Rørosbanen;12.458;https://data.banenor.no/data/_station_62a54caa-9385-4826-99fc-d1b96d2bb942;Røros;http://publications.europa.eu/resource/authority/country/NOR;Norway;;
https://data.banenor.no/data/_line_section_efa62294-4f86-4c5b-a9f4-4d74a019c662;https://data.banenor.no/data/_station_17e8d023-90b4-4de2-9b83-e80cc4e630df;Os;B04-Rørosbanen;12.458;https://data.banenor.no/data/_station_62a54caa-9385-4826-99fc-d1b96d2bb942;Røros;http://publications.europa.eu/resource/authority/country/NOR;Norway;;
https://data.banenor.no/data/_line_section_efd130de-ec5b-41ba-b17f-10b1fad29d5f;https://data.banenor.no/data/_station_70af3921-871f-43b5-9cef-1ed1a31171c0;Bjørgeseter;B06-Gjøvikbanen;2.973;https://data.banenor.no/data/_station_dda236e6-7d44-425a-a7b1-ab74b8ffe71a;Grua;http://publications.europa.eu/resource/authority/country/NOR;Norway;;
https://data.banenor.no/data/_line_section_efd130de-ec5b-41ba-b17f-10b1fad29d5f;https://data.banenor.no/data/_station_70af3921-871f-43b5-9cef-1ed1a31171c0;Bjørgeseter;B06-Gjøvikbanen;2.973;https://data.banenor.no/data/_station_dda236e6-7d44-425a-a7b1-ab74b8ffe71a;Grua;http://publications.europa.eu/resource/authority/country/NOR;Norway;;
https://data.banenor.no/data/_line_section_f08d52c9-29db-4ce4-92b0-14f54a3c3842;https://data.banenor.no/data/_station_90f24b1a-9abf-4a3f-9e31-45124d4eb7ac;Kjelsås;B06-Gjøvikbanen;2.345;https://data.banenor.no/data/_station_e8d7b89f-14dd-4ea6-831b-7b613be02fcf;Grefsen;http://publications.europa.eu/resource/authority/country/NOR;Norway;;
https://data.banenor.no/data/_line_section_f08d52c9-29db-4ce4-92b0-14f54a3c3842;https://data.banenor.no/data/_station_90f24b1a-9abf-4a3f-9e31-45124d4eb7ac;Kjelsås;B06-Gjøvikbanen;2.345;https://data.banenor.no/data/_station_e8d7b89f-14dd-4ea6-831b-7b613be02fcf;Grefsen;http://publications.europa.eu/resource/authority/country/NOR;Norway;;
https://data.banenor.no/data/_line_section_f1675acf-53dd-422c-b494-61ef8fad8ffd;https://data.banenor.no/data/_station_8aa1645d-1077-4d20-8076-e11c6ef44160;Selåsvatn;B08-Sørlandsbanen;9.255;https://data.banenor.no/data/_station_eaee3f6c-95f0-4199-9e5f-faa74826a189;Vegårshei;http://publications.europa.eu/resource/authority/country/NOR;Norway;;
https://data.banenor.no/data/_line_section_f1675acf-53dd-422c-b494-61ef8fad8ffd;https://data.banenor.no/data/_station_8aa1645d-1077-4d20-8076-e11c6ef44160;Selåsvatn;B08-Sørlandsbanen;9.255;https://data.banenor.no/data/_station_eaee3f6c-95f0-4199-9e5f-faa74826a189;Vegårshei;http://publications.europa.eu/resource/authority/country/NOR;Norway;;
https://data.banenor.no/data/_line_section_f226d337-7244-4e36-9598-996204ea64af;https://data.banenor.no/data/_station_82ad115b-e4e9-4514-9a71-877f0982736e;Straumsnes;B21-Ofotbanen;5.641;https://data.banenor.no/data/_station_fea3e39e-a3e0-4411-b4c5-46b644887615;Rombak;http://publications.europa.eu/resource/authority/country/NOR;Norway;;
https://data.banenor.no/data/_line_section_f226d337-7244-4e36-9598-996204ea64af;https://data.banenor.no/data/_station_82ad115b-e4e9-4514-9a71-877f0982736e;Straumsnes;B21-Ofotbanen;5.641;https://data.banenor.no/data/_station_fea3e39e-a3e0-4411-b4c5-46b644887615;Rombak;http://publications.europa.eu/resource/authority/country/NOR;Norway;;
https://data.banenor.no/data/_line_section_f2484435-91d7-416c-8c60-13438e54fdc3;https://data.banenor.no/data/_station_00ebd2ee-1cb1-4cad-9077-c218aa272428;Borgestad;B13-Bratsbergbanen;5.04;https://data.banenor.no/data/_station_1b2ba3f3-15f0-423f-893f-e952a4b2b967;Skien;http://publications.europa.eu/resource/authority/country/NOR;Norway;;
https://data.banenor.no/data/_line_section_f2484435-91d7-416c-8c60-13438e54fdc3;https://data.banenor.no/data/_station_00ebd2ee-1cb1-4cad-9077-c218aa272428;Borgestad;B13-Bratsbergbanen;5.04;https://data.banenor.no/data/_station_1b2ba3f3-15f0-423f-893f-e952a4b2b967;Skien;http://publications.europa.eu/resource/authority/country/NOR;Norway;;
https://data.banenor.no/data/_line_section_f258416e-d5d5-4e4b-8ec4-a2a4c1295c12;https://data.banenor.no/data/_station_6f9b5847-6504-4f31-9bcb-cd9196814b87;Nakksjø;B08-Sørlandsbanen;10.279;https://data.banenor.no/data/_station_c8ace5c0-ff84-4921-ab78-215275933cb6;Drangedal;http://publications.europa.eu/resource/authority/country/NOR;Norway;;
https://data.banenor.no/data/_line_section_f258416e-d5d5-4e4b-8ec4-a2a4c1295c12;https://data.banenor.no/data/_station_6f9b5847-6504-4f31-9bcb-cd9196814b87;Nakksjø;B08-Sørlandsbanen;10.279;https://data.banenor.no/data/_station_c8ace5c0-ff84-4921-ab78-215275933cb6;Drangedal;http://publications.europa.eu/resource/authority/country/NOR;Norway;;
https://data.banenor.no/data/_line_section_f4138395-a57e-45a2-8c28-6bb45d69f8f0;https://data.banenor.no/data/_station_745d26dd-ce96-4186-88dc-aa46b06bf988;Hell;B05-Nordlandsbanen;1.417;https://data.banenor.no/data/_station_e83cbd88-12f7-4da8-b588-a3ebafa28c47;Stjørdal;http://publications.europa.eu/resource/authority/country/NOR;Norway;;
https://data.banenor.no/data/_line_section_f4138395-a57e-45a2-8c28-6bb45d69f8f0;https://data.banenor.no/data/_station_745d26dd-ce96-4186-88dc-aa46b06bf988;Hell;B05-Nordlandsbanen;1.417;https://data.banenor.no/data/_station_e83cbd88-12f7-4da8-b588-a3ebafa28c47;Stjørdal;http://publications.europa.eu/resource/authority/country/NOR;Norway;;
https://data.banenor.no/data/_line_section_f6df480a-e038-450b-a295-94b506447496;https://data.banenor.no/data/_station_2546e683-3ee2-4041-a62a-9ea073cae70d;Myrdal;B22-Flåmsbana;9.831;https://data.banenor.no/data/_station_74b2b301-f2ca-49a1-a6a9-d90fc6a0149a;Berekvam;http://publications.europa.eu/resource/authority/country/NOR;Norway;;
https://data.banenor.no/data/_line_section_f6df480a-e038-450b-a295-94b506447496;https://data.banenor.no/data/_station_2546e683-3ee2-4041-a62a-9ea073cae70d;Myrdal;B22-Flåmsbana;9.831;https://data.banenor.no/data/_station_74b2b301-f2ca-49a1-a6a9-d90fc6a0149a;Berekvam;http://publications.europa.eu/resource/authority/country/NOR;Norway;;
https://data.banenor.no/data/_line_section_f7505ae2-0264-4bf0-9f11-682ed91410ea;https://data.banenor.no/data/_station_e01a2cec-be26-4245-9e41-824f915ff6f5;Skorstøl;B08-Sørlandsbanen;11.238;https://data.banenor.no/data/_station_eaee3f6c-95f0-4199-9e5f-faa74826a189;Vegårshei;http://publications.europa.eu/resource/authority/country/NOR;Norway;;
https://data.banenor.no/data/_line_section_f7505ae2-0264-4bf0-9f11-682ed91410ea;https://data.banenor.no/data/_station_e01a2cec-be26-4245-9e41-824f915ff6f5;Skorstøl;B08-Sørlandsbanen;11.238;https://data.banenor.no/data/_station_eaee3f6c-95f0-4199-9e5f-faa74826a189;Vegårshei;http://publications.europa.eu/resource/authority/country/NOR;Norway;;
https://data.banenor.no/data/_line_section_f7551477-f174-4aef-b18d-07f5fc2c839a;https://data.banenor.no/data/_station_a3c7885f-408c-4210-b46f-4fd079b0ccf0;Bø;B08-Sørlandsbanen;12.253;https://data.banenor.no/data/_station_bd7aab06-6800-4ed1-8222-698cfa3bfe05;Lunde;http://publications.europa.eu/resource/authority/country/NOR;Norway;;
https://data.banenor.no/data/_line_section_f7551477-f174-4aef-b18d-07f5fc2c839a;https://data.banenor.no/data/_station_a3c7885f-408c-4210-b46f-4fd079b0ccf0;Bø;B08-Sørlandsbanen;12.253;https://data.banenor.no/data/_station_bd7aab06-6800-4ed1-8222-698cfa3bfe05;Lunde;http://publications.europa.eu/resource/authority/country/NOR;Norway;;
https://data.banenor.no/data/_line_section_f906c6e5-f67f-4705-bf26-224a8de50b90;https://data.banenor.no/data/_station_9dc007df-64d6-4f0f-a4bf-ad93e25e20bc;Verdal;B05-Nordlandsbanen;8.12;https://data.banenor.no/data/_station_cb100203-d4dc-4d35-bd3b-76b111f982a4;Røra;http://publications.europa.eu/resource/authority/country/NOR;Norway;;
https://data.banenor.no/data/_line_section_f906c6e5-f67f-4705-bf26-224a8de50b90;https://data.banenor.no/data/_station_9dc007df-64d6-4f0f-a4bf-ad93e25e20bc;Verdal;B05-Nordlandsbanen;8.12;https://data.banenor.no/data/_station_cb100203-d4dc-4d35-bd3b-76b111f982a4;Røra;http://publications.europa.eu/resource/authority/country/NOR;Norway;;
https://data.banenor.no/data/_line_section_f9188cc1-8aa8-4f17-9a40-6d243bbaa772;https://data.banenor.no/data/_station_4c0799fa-3efd-46a8-a873-2cf4b2e1a517;Hamar;B02-Dovrebanen;5.072;https://data.banenor.no/data/_station_9e8bed52-2942-4f85-8fa5-385851fd80c0;Jessnes;http://publications.europa.eu/resource/authority/country/NOR;Norway;;
https://data.banenor.no/data/_line_section_f9188cc1-8aa8-4f17-9a40-6d243bbaa772;https://data.banenor.no/data/_station_4c0799fa-3efd-46a8-a873-2cf4b2e1a517;Hamar;B02-Dovrebanen;5.072;https://data.banenor.no/data/_station_9e8bed52-2942-4f85-8fa5-385851fd80c0;Jessnes;http://publications.europa.eu/resource/authority/country/NOR;Norway;;
https://data.banenor.no/data/_line_section_f94f766f-5cb2-477d-9a76-230872219bce;https://data.banenor.no/data/_station_3d55d781-39f4-46d0-9a22-b34ee708b2ba;Brakerøya;B20-Drammensbanen;0.903;https://data.banenor.no/data/_station_450e24ef-a648-4718-b8f0-b63da5513478;Drammen;http://publications.europa.eu/resource/authority/country/NOR;Norway;;
https://data.banenor.no/data/_line_section_f94f766f-5cb2-477d-9a76-230872219bce;https://data.banenor.no/data/_station_3d55d781-39f4-46d0-9a22-b34ee708b2ba;Brakerøya;B20-Drammensbanen;0.903;https://data.banenor.no/data/_station_450e24ef-a648-4718-b8f0-b63da5513478;Drammen;http://publications.europa.eu/resource/authority/country/NOR;Norway;;
https://data.banenor.no/data/_line_section_f986150f-30dd-469f-bf30-b5fc4f59e568;https://data.banenor.no/data/_station_0c0dd7be-32fa-4931-9c13-2f414fed692b;Melhus;B02-Dovrebanen;3.715;https://data.banenor.no/data/_station_22df5d71-38d9-43d7-9072-5c1de75fb8d6;Nypan;http://publications.europa.eu/resource/authority/country/NOR;Norway;;
https://data.banenor.no/data/_line_section_f986150f-30dd-469f-bf30-b5fc4f59e568;https://data.banenor.no/data/_station_0c0dd7be-32fa-4931-9c13-2f414fed692b;Melhus;B02-Dovrebanen;3.715;https://data.banenor.no/data/_station_22df5d71-38d9-43d7-9072-5c1de75fb8d6;Nypan;http://publications.europa.eu/resource/authority/country/NOR;Norway;;
https://data.banenor.no/data/_line_section_fa19c21d-d905-479d-aaf6-278e86f9e5fb;https://data.banenor.no/data/_station_4ce45c18-1dd3-4273-98f9-d704a571b45e;Asker;B20-Drammensbanen;1.543;https://data.banenor.no/data/_station_af1f98a4-724e-4c1e-bb9a-c79058b9de42;Hvalstad;http://publications.europa.eu/resource/authority/country/NOR;Norway;;
https://data.banenor.no/data/_line_section_fa19c21d-d905-479d-aaf6-278e86f9e5fb;https://data.banenor.no/data/_station_4ce45c18-1dd3-4273-98f9-d704a571b45e;Asker;B20-Drammensbanen;1.543;https://data.banenor.no/data/_station_af1f98a4-724e-4c1e-bb9a-c79058b9de42;Hvalstad;http://publications.europa.eu/resource/authority/country/NOR;Norway;;
https://data.banenor.no/data/_line_section_fa56c061-61eb-41ed-af6e-2d3ab21a33bc;https://data.banenor.no/data/_station_46d6a18a-b0dd-4cd5-9c85-5dc0db7537b1;Skotselv;B12-Randsfjordbanen;4.078;https://data.banenor.no/data/_station_70051e60-39e4-48aa-a7cc-dac0d7babe6e;Åmot;http://publications.europa.eu/resource/authority/country/NOR;Norway;;
https://data.banenor.no/data/_line_section_fa56c061-61eb-41ed-af6e-2d3ab21a33bc;https://data.banenor.no/data/_station_46d6a18a-b0dd-4cd5-9c85-5dc0db7537b1;Skotselv;B12-Randsfjordbanen;4.078;https://data.banenor.no/data/_station_70051e60-39e4-48aa-a7cc-dac0d7babe6e;Åmot;http://publications.europa.eu/resource/authority/country/NOR;Norway;;
https://data.banenor.no/data/_line_section_faa4fbf3-8324-4d06-a9a3-82c07db7655a;https://data.banenor.no/data/_station_11d551f8-a546-4eec-a6f3-bca56c3df5eb;Sarpsborg;B01-Østfoldbanen Vestre;1.0171000000000001;https://data.banenor.no/data/_station_e0995027-8943-48ca-be21-8d0f643b7bff;Sandesund;http://publications.europa.eu/resource/authority/country/NOR;Norway;;
https://data.banenor.no/data/_line_section_faa4fbf3-8324-4d06-a9a3-82c07db7655a;https://data.banenor.no/data/_station_11d551f8-a546-4eec-a6f3-bca56c3df5eb;Sarpsborg;B01-Østfoldbanen Vestre;1.0171000000000001;https://data.banenor.no/data/_station_e0995027-8943-48ca-be21-8d0f643b7bff;Sandesund;http://publications.europa.eu/resource/authority/country/NOR;Norway;;
https://data.banenor.no/data/_line_section_faa53433-89d7-4352-906f-6f0c37e22a39;https://data.banenor.no/data/_station_c0576848-8f76-4489-aa6e-ae95b98c1a1c;Oslo S;B06-Gjøvikbanen;2.514;https://data.banenor.no/data/_station_e8d7b89f-14dd-4ea6-831b-7b613be02fcf;Grefsen;http://publications.europa.eu/resource/authority/country/NOR;Norway;;
https://data.banenor.no/data/_line_section_faa53433-89d7-4352-906f-6f0c37e22a39;https://data.banenor.no/data/_station_c0576848-8f76-4489-aa6e-ae95b98c1a1c;Oslo S;B06-Gjøvikbanen;2.514;https://data.banenor.no/data/_station_e8d7b89f-14dd-4ea6-831b-7b613be02fcf;Grefsen;http://publications.europa.eu/resource/authority/country/NOR;Norway;;
https://data.banenor.no/data/_line_section_fb00b6e6-fa23-46ef-b0e7-358eb6a6f5e6;https://data.banenor.no/data/_station_1f6b6faa-9b24-473e-bb85-e1deb3babee3;Magnor;B03-Kongsvingerbanen;9.2322;https://data.banenor.no/data/_station_924db4e7-4529-4de1-b732-72f1d924bcf0;Matrand;http://publications.europa.eu/resource/authority/country/NOR;Norway;;
https://data.banenor.no/data/_line_section_fb00b6e6-fa23-46ef-b0e7-358eb6a6f5e6;https://data.banenor.no/data/_station_1f6b6faa-9b24-473e-bb85-e1deb3babee3;Magnor;B03-Kongsvingerbanen;9.2322;https://data.banenor.no/data/_station_924db4e7-4529-4de1-b732-72f1d924bcf0;Matrand;http://publications.europa.eu/resource/authority/country/NOR;Norway;;
https://data.banenor.no/data/_line_section_fb6c549a-a49b-4e26-927c-f22f66026718;https://data.banenor.no/data/_station_30dd090f-f33b-4a2b-9f10-d74d3eebf34d;Lesja;B14-Raumabanen;16.517;https://data.banenor.no/data/_station_501897b5-9d64-41f5-bac9-00c25b60b858;Dombås;http://publications.europa.eu/resource/authority/country/NOR;Norway;;
https://data.banenor.no/data/_line_section_fb6c549a-a49b-4e26-927c-f22f66026718;https://data.banenor.no/data/_station_30dd090f-f33b-4a2b-9f10-d74d3eebf34d;Lesja;B14-Raumabanen;16.517;https://data.banenor.no/data/_station_501897b5-9d64-41f5-bac9-00c25b60b858;Dombås;http://publications.europa.eu/resource/authority/country/NOR;Norway;;
https://data.banenor.no/data/_line_section_fb8aa5bc-1bbf-4fd9-8900-f498bd3d7eb5;https://data.banenor.no/data/_station_5a24f158-1fd1-4c53-a7f7-a6498bcc74fb;Arna;B07-Bergensbanen;8.213;https://data.banenor.no/data/_station_6fdf57e7-f420-49c4-a426-e61fb7bf13d5;Trengereid;http://publications.europa.eu/resource/authority/country/NOR;Norway;;
https://data.banenor.no/data/_line_section_fb8aa5bc-1bbf-4fd9-8900-f498bd3d7eb5;https://data.banenor.no/data/_station_5a24f158-1fd1-4c53-a7f7-a6498bcc74fb;Arna;B07-Bergensbanen;8.213;https://data.banenor.no/data/_station_6fdf57e7-f420-49c4-a426-e61fb7bf13d5;Trengereid;http://publications.europa.eu/resource/authority/country/NOR;Norway;;
https://data.banenor.no/data/_line_section_fd0cde77-2bd9-4305-8102-361af5fc2567;https://data.banenor.no/data/_station_209d72df-6311-4678-a10b-2369101883f2;Reimegrend;B07-Bergensbanen;6.725;https://data.banenor.no/data/_station_4d01d6c6-3bc6-43d0-84d4-9e9ca8be2a16;Urdland;http://publications.europa.eu/resource/authority/country/NOR;Norway;;
https://data.banenor.no/data/_line_section_fd0cde77-2bd9-4305-8102-361af5fc2567;https://data.banenor.no/data/_station_209d72df-6311-4678-a10b-2369101883f2;Reimegrend;B07-Bergensbanen;6.725;https://data.banenor.no/data/_station_4d01d6c6-3bc6-43d0-84d4-9e9ca8be2a16;Urdland;http://publications.europa.eu/resource/authority/country/NOR;Norway;;
https://data.banenor.no/data/_line_section_fe068cec-858c-49ef-9272-48aa5eeda9e6;https://data.banenor.no/data/_station_36942f56-6fe8-439a-84d6-64552f9a0962;Svenningdal;B05-Nordlandsbanen;30.988;https://data.banenor.no/data/_station_903aa75e-b56c-4086-8eb1-07f8e44ab854;Majavatn;http://publications.europa.eu/resource/authority/country/NOR;Norway;;
https://data.banenor.no/data/_line_section_fe068cec-858c-49ef-9272-48aa5eeda9e6;https://data.banenor.no/data/_station_36942f56-6fe8-439a-84d6-64552f9a0962;Svenningdal;B05-Nordlandsbanen;30.988;https://data.banenor.no/data/_station_903aa75e-b56c-4086-8eb1-07f8e44ab854;Majavatn;http://publications.europa.eu/resource/authority/country/NOR;Norway;;
https://data.banenor.no/data/_line_section_fe8d377d-5ac0-4f8d-b570-8cd27368dabe;https://data.banenor.no/data/_station_da4e6b12-033b-486e-9cc3-7383dce8e54b;Kongsvoll;B02-Dovrebanen;10.175;https://data.banenor.no/data/_station_e9e3c30d-169d-4c1f-a050-4679e5069c82;Hjerkinn;http://publications.europa.eu/resource/authority/country/NOR;Norway;;
https://data.banenor.no/data/_line_section_fe8d377d-5ac0-4f8d-b570-8cd27368dabe;https://data.banenor.no/data/_station_da4e6b12-033b-486e-9cc3-7383dce8e54b;Kongsvoll;B02-Dovrebanen;10.175;https://data.banenor.no/data/_station_e9e3c30d-169d-4c1f-a050-4679e5069c82;Hjerkinn;http://publications.europa.eu/resource/authority/country/NOR;Norway;;
https://data.banenor.no/data/_line_section_ff861fac-2a85-433d-b2e8-4610ee72400f;https://data.banenor.no/data/_station_ec4fc48e-4d5d-4c41-a123-a8c4d2d9eaed;Rånåsfoss;B03-Kongsvingerbanen;2.668;https://data.banenor.no/data/_station_fbd28b10-184f-4288-85f6-e6a2d36e6d26;Haga;http://publications.europa.eu/resource/authority/country/NOR;Norway;;
https://data.banenor.no/data/_line_section_ff861fac-2a85-433d-b2e8-4610ee72400f;https://data.banenor.no/data/_station_ec4fc48e-4d5d-4c41-a123-a8c4d2d9eaed;Rånåsfoss;B03-Kongsvingerbanen;2.668;https://data.banenor.no/data/_station_fbd28b10-184f-4288-85f6-e6a2d36e6d26;Haga;http://publications.europa.eu/resource/authority/country/NOR;Norway;;
https://data.banenor.no/data/_line_section_793a6c9a-c4c4-4c2f-8946-648442a1d5cb;https://data.banenor.no/data/_station_17ece411-181d-4add-8a10-5fa469eec5aa;Flesberg;Kongsberg - Flesberg;28.279;https://data.banenor.no/data/_station_f9249958-9362-45a8-9b06-c57e70e4985b;Kongsberg;http://publications.europa.eu/resource/authority/country/NOR;Norway;;
https://data.banenor.no/data/_line_section_793a6c9a-c4c4-4c2f-8946-648442a1d5cb;https://data.banenor.no/data/_station_17ece411-181d-4add-8a10-5fa469eec5aa;Flesberg;Kongsberg - Flesberg;28.279;https://data.banenor.no/data/_station_f9249958-9362-45a8-9b06-c57e70e4985b;Kongsberg;http://publications.europa.eu/resource/authority/country/NOR;Norway;;